Date,PM,MO
2018-01-02,69.39877319335938,39.69880294799805
2018-01-03,69.31233978271484,39.55288314819336
2018-01-04,68.78716278076172,39.395748138427734
2018-01-05,69.33894348144531,39.507991790771484
2018-01-08,69.23257446289062,39.45747756958008
2018-01-09,69.73116302490234,39.04220199584961
2018-01-10,70.22314453125,39.446258544921875
2018-01-11,69.71122741699219,39.446258544921875
2018-01-12,69.4719009399414,39.06464385986328
2018-01-16,69.7178726196289,38.67741394042969
2018-01-17,70.32950592041016,39.367698669433594
2018-01-18,69.85084533691406,39.30033874511719
2018-01-19,72.41033172607422,39.912052154541016
2018-01-22,72.33721160888672,40.00184631347656
2018-01-23,72.81585693359375,40.09723663330078
2018-01-24,73.52719116210938,40.158966064453125
2018-01-25,71.45964813232422,39.23300552368164
2018-01-26,73.25462341308594,39.855926513671875
2018-01-29,72.20423126220703,39.18809509277344
2018-01-30,71.75881958007812,39.18250274658203
2018-01-31,71.28679656982422,39.47431182861328
2018-02-01,69.91731262207031,39.244232177734375
2018-02-02,68.76720428466797,38.94679260253906
2018-02-05,65.60938262939453,37.061195373535156
2018-02-06,66.69967651367188,37.33617401123047
2018-02-07,65.73570251464844,37.48208236694336
2018-02-08,66.73956298828125,35.94441223144531
2018-02-09,66.44039916992188,35.933189392089844
2018-02-12,68.07581329345703,36.6739616394043
2018-02-13,68.50791931152344,36.83671569824219
2018-02-14,68.16888427734375,36.57856750488281
2018-02-15,68.93341827392578,36.65713882446289
2018-02-16,69.34556579589844,36.73569869995117
2018-02-20,68.37498474121094,36.022979736328125
2018-02-21,68.95335388183594,35.877079010009766
2018-02-22,68.4614028930664,35.545963287353516
2018-02-23,70.54224395751953,36.247467041015625
2018-02-26,70.92118072509766,36.71886444091797
2018-02-27,69.19267272949219,35.91634750366211
2018-02-28,68.84034729003906,35.32709503173828
2018-03-01,69.59156036376953,35.035282135009766
2018-03-02,71.00757598876953,35.10262680053711
2018-03-05,71.5992660522461,35.989315032958984
2018-03-06,71.78540802001953,36.34847640991211
2018-03-07,71.060791015625,35.95563888549805
2018-03-08,72.4635009765625,36.71886444091797
2018-03-09,71.99816131591797,36.84231948852539
2018-03-12,71.22697448730469,36.90966033935547
2018-03-13,71.2934799194336,37.111698150634766
2018-03-14,70.20982360839844,36.19851303100586
2018-03-15,69.79765319824219,36.192840576171875
2018-03-16,68.7804946899414,35.8411750793457
2018-03-19,67.63704681396484,35.43846130371094
2018-03-20,66.65979766845703,34.893959045410156
2018-03-21,65.68543243408203,34.03181838989258
2018-03-22,65.63166809082031,34.253021240234375
2018-03-23,64.26082611083984,33.61776351928711
2018-03-26,64.74464416503906,33.804935455322266
2018-03-27,65.00003051757812,34.4401969909668
2018-03-28,67.05622863769531,35.42145538330078
2018-03-29,66.79417419433594,35.34770965576172
2018-04-02,65.54430389404297,34.32108688354492
2018-04-03,67.09656524658203,35.54056167602539
2018-04-04,67.81558227539062,35.93193054199219
2018-04-05,68.33971405029297,36.60689163208008
2018-04-06,67.88276672363281,36.21552276611328
2018-04-09,67.66775512695312,35.87520980834961
2018-04-10,67.93653106689453,36.425392150878906
2018-04-11,67.68116760253906,36.20985412597656
2018-04-12,67.36534118652344,35.96028137207031
2018-04-13,68.44050598144531,36.27223587036133
2018-04-16,69.1796875,36.442405700683594
2018-04-17,69.41486358642578,36.28926467895508
2018-04-18,68.16500091552734,34.88260269165039
2018-04-19,57.547828674316406,32.77264404296875
2018-04-20,56.62722396850586,32.4606819152832
2018-04-23,56.224021911621094,32.086326599121094
2018-04-24,55.43111038208008,31.365989685058594
2018-04-25,54.97416305541992,31.672269821166992
2018-04-26,54.759124755859375,31.065372467041016
2018-04-27,55.478126525878906,31.83676528930664
2018-04-30,55.101837158203125,31.825422286987305
2018-05-01,54.56426239013672,31.780046463012695
2018-05-02,53.82509231567383,31.587200164794922
2018-05-03,54.053558349609375,31.967222213745117
2018-05-04,55.01449203491211,31.910499572753906
2018-05-07,54.7725830078125,31.598535537719727
2018-05-08,54.30218505859375,31.348981857299805
2018-05-09,55.095123291015625,31.717653274536133
2018-05-10,55.773807525634766,31.785720825195312
2018-05-11,54.56426239013672,31.303600311279297
2018-05-14,54.33578872680664,31.207176208496094
2018-05-15,53.710845947265625,30.923580169677734
2018-05-16,54.355953216552734,31.122093200683594
2018-05-17,54.45675277709961,31.36031723022461
2018-05-18,54.261871337890625,31.502119064331055
2018-05-21,53.85868453979492,31.558837890625
2018-05-22,53.6705322265625,31.314945220947266
2018-05-23,54.90024185180664,31.69497299194336
2018-05-24,54.83977508544922,31.70064353942871
2018-05-25,53.98636245727539,31.553165435791016
2018-05-29,53.267356872558594,31.609891891479492
2018-05-30,53.97291564941406,32.09767532348633
2018-05-31,53.448787689208984,31.615558624267578
2018-06-01,52.534908294677734,31.60421371459961
2018-06-04,52.689453125,31.774372100830078
2018-06-05,52.08469009399414,31.95020866394043
2018-06-06,51.64117431640625,31.938867568969727
2018-06-07,52.004024505615234,32.154396057128906
2018-06-08,53.36814498901367,32.73293685913086
2018-06-11,54.07371139526367,33.03921890258789
2018-06-12,53.97291564941406,32.8293571472168
2018-06-13,53.82509231567383,32.57411575317383
2018-06-14,54.32906723022461,32.55689239501953
2018-06-15,55.021209716796875,33.182777404785156
2018-06-18,53.77804183959961,32.49947738647461
2018-06-19,54.32234191894531,32.60857009887695
2018-06-20,54.933837890625,32.58560562133789
2018-06-21,54.156959533691406,32.551151275634766
2018-06-22,54.647640228271484,32.74064254760742
2018-06-25,54.49768829345703,32.76934814453125
2018-06-26,54.36140441894531,32.21238327026367
2018-06-27,54.45000076293945,32.14921951293945
2018-06-28,55.649391174316406,32.89567565917969
2018-06-29,55.022422790527344,32.60857009887695
2018-07-02,54.681697845458984,32.0803108215332
2018-07-03,55.28139877319336,32.41908645629883
2018-07-05,55.901554107666016,33.09089279174805
2018-07-06,56.058265686035156,33.46986770629883
2018-07-09,56.00376510620117,33.314823150634766
2018-07-10,56.33769226074219,33.73973083496094
2018-07-11,56.45354080200195,33.699546813964844
2018-07-12,56.69886779785156,33.3090934753418
2018-07-13,56.344505310058594,33.5904426574707
2018-07-16,55.82657241821289,32.809539794921875
2018-07-17,56.10597610473633,32.93012237548828
2018-07-18,55.98332595825195,32.976051330566406
2018-07-19,55.13147735595703,32.69469451904297
2018-07-20,57.45530319213867,33.09663391113281
2018-07-23,56.712501525878906,33.067928314208984
2018-07-24,56.944210052490234,33.297607421875
2018-07-25,57.11454772949219,33.21721649169922
2018-07-26,57.55753707885742,32.21238327026367
2018-07-27,58.2458381652832,33.24593734741211
2018-07-30,59.02952575683594,33.56173324584961
2018-07-31,58.81144332885742,33.69380569458008
2018-08-01,58.29352951049805,33.34928894042969
2018-08-02,58.60701370239258,33.77992630004883
2018-08-03,59.179447174072266,34.29671096801758
2018-08-06,58.709224700927734,34.57231903076172
2018-08-07,58.28670883178711,34.1990966796875
2018-08-08,57.07368850708008,33.65360641479492
2018-08-09,57.51664733886719,34.00386428833008
2018-08-10,56.2627067565918,33.90625
2018-08-13,55.785682678222656,33.86606216430664
2018-08-14,56.09236145019531,33.99812698364258
2018-08-15,56.84196472167969,34.55508804321289
2018-08-16,57.70745849609375,34.928321838378906
2018-08-17,57.9596061706543,35.025943756103516
2018-08-20,57.63930892944336,35.020198822021484
2018-08-21,56.923744201660156,34.41154479980469
2018-08-22,56.17413330078125,34.061283111572266
2018-08-23,56.09916305541992,34.348384857177734
2018-08-24,54.306907653808594,33.751216888427734
2018-08-27,54.69533920288086,33.8832893371582
2018-08-28,54.17741394042969,33.56173324584961
2018-08-29,53.87755584716797,33.54450225830078
2018-08-30,53.54363250732422,33.69380569458008
2018-08-31,53.080230712890625,33.601924896240234
2018-09-04,52.90985107421875,33.94070053100586
2018-09-05,53.69355010986328,34.82497024536133
2018-09-06,53.57770538330078,34.90534973144531
2018-09-07,53.56406021118164,34.985748291015625
2018-09-10,53.41415023803711,34.78477478027344
2018-09-11,52.78038024902344,34.14741897583008
2018-09-12,54.552215576171875,36.42123031616211
2018-09-13,54.368228912353516,35.740840911865234
2018-09-14,54.06155776977539,36.0955810546875
2018-09-17,54.72259521484375,36.31073760986328
2018-09-18,54.743038177490234,36.136287689208984
2018-09-19,55.13827896118164,35.96182632446289
2018-09-20,56.255916595458984,36.20606231689453
2018-09-21,57.07368850708008,36.374717712402344
2018-09-24,55.61534881591797,35.50823211669922
2018-09-25,55.22829055786133,35.30469512939453
2018-09-26,55.63606262207031,35.36284637451172
2018-09-27,56.334110260009766,35.3395881652832
2018-09-28,56.354835510253906,35.07208251953125
2018-10-01,56.548343658447266,35.08372116088867
2018-10-02,57.72327423095703,35.64198303222656
2018-10-03,57.30168914794922,35.39192199707031
2018-10-04,57.930606842041016,35.92692184448242
2018-10-05,58.12412643432617,36.0955810546875
2018-10-08,58.670127868652344,36.735252380371094
2018-10-09,58.49041748046875,36.694549560546875
2018-10-10,58.48351287841797,36.584049224853516
2018-10-11,56.88700485229492,35.543121337890625
2018-10-12,56.88700485229492,34.92670440673828
2018-10-15,57.70253372192383,35.72920608520508
2018-10-16,57.7094612121582,35.3395881652832
2018-10-17,58.442047119140625,35.25236129760742
2018-10-18,60.4877815246582,35.43263244628906
2018-10-19,61.3931884765625,36.025794982910156
2018-10-22,60.48088073730469,35.65361404418945
2018-10-23,61.16509246826172,35.9676399230957
2018-10-24,61.64891052246094,36.235145568847656
2018-10-25,62.63722229003906,36.72943878173828
2018-10-26,61.51066207885742,36.6887321472168
2018-10-29,62.51972961425781,37.561031341552734
2018-10-30,62.526634216308594,38.30539321899414
2018-10-31,60.8679313659668,37.822715759277344
2018-11-01,61.06144332885742,37.02602005004883
2018-11-02,61.33789825439453,37.02602005004883
2018-11-05,61.89079666137695,37.584293365478516
2018-11-06,61.35171890258789,37.723854064941406
2018-11-07,61.55904769897461,38.014617919921875
2018-11-08,61.84242248535156,38.014617919921875
2018-11-09,61.63508605957031,36.88064193725586
2018-11-12,60.791893005371094,35.589637756347656
2018-11-13,59.713741302490234,34.89181137084961
2018-11-14,59.09172439575195,34.36842346191406
2018-11-15,59.31978988647461,33.3100471496582
2018-11-16,59.66535568237305,33.019283294677734
2018-11-19,60.56382751464844,32.379600524902344
2018-11-20,59.81740951538086,32.35051727294922
2018-11-21,58.02044677734375,31.629411697387695
2018-11-23,58.089569091796875,31.23980140686035
2018-11-26,57.94443130493164,30.943218231201172
2018-11-27,58.780704498291016,31.280500411987305
2018-11-28,59.70681381225586,31.955080032348633
2018-11-29,60.100765228271484,32.530792236328125
2018-11-30,59.8035888671875,31.885297775268555
2018-12-03,60.1837043762207,32.40867614746094
2018-12-04,59.043331146240234,31.63524055480957
2018-12-06,58.946563720703125,31.63524055480957
2018-12-07,58.442047119140625,31.507293701171875
2018-12-10,58.20707321166992,31.030452728271484
2018-12-11,58.283077239990234,31.373550415039062
2018-12-12,57.930606842041016,31.013004302978516
2018-12-13,58.28999710083008,31.356101989746094
2018-12-14,57.018314361572266,30.664085388183594
2018-12-17,56.258087158203125,30.443103790283203
2018-12-18,51.952327728271484,29.59406852722168
2018-12-19,50.55579376220703,29.890649795532227
2018-12-20,48.478546142578125,29.332380294799805
2018-12-21,46.46444320678711,28.547317504882812
2018-12-24,46.29602813720703,28.115760803222656
2018-12-26,46.92060470581055,28.630077362060547
2018-12-27,46.79429244995117,28.789691925048828
2018-12-28,47.20833969116211,28.902015686035156
2018-12-31,46.850433349609375,29.197595596313477
2019-01-02,47.23641586303711,29.150299072265625
2019-01-03,46.6258659362793,28.990684509277344
2019-01-04,48.80837631225586,29.735544204711914
2019-01-07,47.313602447509766,28.836984634399414
2019-01-08,47.62940979003906,29.00251007080078
2019-01-09,47.657470703125,29.35721206665039
2019-01-10,47.82591247558594,28.884281158447266
2019-01-11,48.77328872680664,28.907922744750977
2019-01-14,48.85750198364258,28.529577255249023
2019-01-15,49.47507095336914,28.322669982910156
2019-01-16,49.65052032470703,27.90294647216797
2019-01-17,50.89265441894531,27.82018280029297
2019-01-18,51.783897399902344,28.55913734436035
2019-01-22,51.096168518066406,26.584644317626953
2019-01-23,51.93128967285156,26.425037384033203
2019-01-24,50.21192169189453,25.615144729614258
2019-01-25,51.04001235961914,26.153099060058594
2019-01-28,52.1768913269043,26.779726028442383
2019-01-29,52.21901321411133,27.140338897705078
2019-01-30,52.268123626708984,28.257654190063477
2019-01-31,53.84009552001953,29.173946380615234
2019-02-01,53.14534378051758,29.08527183532715
2019-02-04,53.36992645263672,29.032066345214844
2019-02-05,53.20148468017578,28.990684509277344
2019-02-06,52.990962982177734,29.126657485961914
2019-02-07,53.84711837768555,28.801517486572266
2019-02-08,56.127899169921875,28.872459411621094
2019-02-11,55.475242614746094,28.902015686035156
2019-02-12,56.56298828125,29.35721206665039
2019-02-13,57.054229736328125,28.9670352935791
2019-02-14,57.44020080566406,29.049808502197266
2019-02-15,58.57005310058594,28.813335418701172
2019-02-19,58.52091598510742,28.96112823486328
2019-02-20,59.678855895996094,29.859691619873047
2019-02-21,60.05782699584961,29.776931762695312
2019-02-22,61.159603118896484,30.444948196411133
2019-02-25,60.773651123046875,30.645944595336914
2019-02-26,60.710472106933594,30.799654006958008
2019-02-27,61.24380874633789,30.929712295532227
2019-02-28,61.0122184753418,30.982913970947266
2019-03-01,61.4122314453125,31.183916091918945
2019-03-04,61.250816345214844,31.012470245361328
2019-03-05,61.04030227661133,31.26075553894043
2019-03-06,61.068355560302734,32.31893539428711
2019-03-07,61.033267974853516,32.360328674316406
2019-03-08,61.3701286315918,32.73274612426758
2019-03-11,62.62630081176758,33.11110305786133
2019-03-12,62.317527770996094,32.957401275634766
2019-03-13,62.80877685546875,33.18204116821289
2019-03-14,63.01228332519531,33.34165573120117
2019-03-15,63.75616455078125,33.54856491088867
2019-03-18,63.67195129394531,33.87369918823242
2019-03-19,63.510536193847656,33.11110305786133
2019-03-20,63.67894744873047,32.939659118652344
2019-03-21,64.50004577636719,33.654964447021484
2019-03-22,63.9807243347168,33.52906036376953
2019-03-25,62.72996139526367,33.90678787231445
2019-03-26,62.95737838745117,34.19459915161133
2019-03-27,61.84877014160156,33.756900787353516
2019-03-28,62.02640151977539,33.99673843383789
2019-03-29,62.815250396728516,34.43443298339844
2019-04-01,62.68022155761719,34.614315032958984
2019-04-02,62.54519271850586,33.99074172973633
2019-04-03,60.98175048828125,32.3658561706543
2019-04-04,61.16652297973633,32.73759460449219
2019-04-05,60.71880340576172,32.83952713012695
2019-04-08,60.62640380859375,33.14532470703125
2019-04-09,61.00305938720703,33.04339599609375
2019-04-10,60.910682678222656,33.2292594909668
2019-04-11,60.768558502197266,33.565040588378906
2019-04-12,60.95331573486328,33.91279602050781
2019-04-15,61.25181198120117,34.14063262939453
2019-04-16,61.266021728515625,33.81087112426758
2019-04-17,60.74724578857422,33.6849479675293
2019-04-18,60.043701171875,32.599693298339844
2019-04-22,59.90155029296875,32.743587493896484
2019-04-23,60.34215545654297,32.869503021240234
2019-04-24,60.01523971557617,32.803550720214844
2019-04-25,59.40407180786133,30.824914932250977
2019-04-26,60.235565185546875,31.652339935302734
2019-04-29,60.33504104614258,32.08403778076172
2019-04-30,61.51472854614258,32.575714111328125
2019-05-01,60.96042251586914,32.012088775634766
2019-05-02,60.3492546081543,31.874191284179688
2019-05-03,60.90357208251953,32.23394775390625
2019-05-06,60.49140548706055,32.09603500366211
2019-05-07,60.001014709472656,31.74228286743164
2019-05-08,59.560428619384766,31.15467643737793
2019-05-09,59.645721435546875,31.172672271728516
2019-05-10,60.07920455932617,31.244626998901367
2019-05-13,59.48226547241211,30.8428897857666
2019-05-14,59.75941848754883,31.11271095275879
2019-05-15,60.647735595703125,31.256607055664062
2019-05-16,60.768558502197266,31.196651458740234
2019-05-17,61.692405700683594,31.388519287109375
2019-05-20,61.28023147583008,31.376537322998047
2019-05-21,60.946205139160156,31.100725173950195
2019-05-22,60.75434494018555,31.67632484436035
2019-05-23,61.28733444213867,31.66433334350586
2019-05-24,60.15027618408203,31.418498992919922
2019-05-28,57.9543342590332,29.901538848876953
2019-05-29,57.66295623779297,30.09340476989746
2019-05-30,56.56855010986328,30.10540199279785
2019-05-31,54.81320571899414,29.415874481201172
2019-06-03,55.864994049072266,30.03944969177246
2019-06-04,55.78683090209961,30.23131561279297
2019-06-05,54.89849090576172,29.79361343383789
2019-06-06,54.86295700073242,30.42917823791504
2019-06-07,55.55229187011719,30.806921005249023
2019-06-10,54.692405700683594,30.704992294311523
2019-06-11,55.5309944152832,31.26860237121582
2019-06-12,54.87006759643555,30.932828903198242
2019-06-13,55.14010238647461,31.188627243041992
2019-06-14,54.86295700073242,30.97545623779297
2019-06-17,55.42436981201172,30.97545623779297
2019-06-18,54.79901123046875,30.5247745513916
2019-06-19,54.47210693359375,30.390796661376953
2019-06-20,55.67681884765625,30.610044479370117
2019-06-21,57.1484375,29.233631134033203
2019-06-24,56.14571762084961,29.532058715820312
2019-06-25,56.859901428222656,29.70867347717285
2019-06-26,55.82110595703125,29.19708251953125
2019-06-27,56.210655212402344,29.1727294921875
2019-06-28,56.650699615478516,28.83775520324707
2019-07-01,56.25393295288086,29.044832229614258
2019-07-02,57.53078842163086,29.599044799804688
2019-07-03,58.16562271118164,29.9583797454834
2019-07-05,57.797691345214844,29.70867347717285
2019-07-08,57.42979431152344,29.891387939453125
2019-07-09,57.30715560913086,29.446794509887695
2019-07-10,57.91312026977539,29.842670440673828
2019-07-11,58.62007522583008,30.001008987426758
2019-07-12,59.074562072753906,30.147178649902344
2019-07-15,58.77157974243164,30.171552658081055
2019-07-16,58.85093307495117,30.09236717224121
2019-07-17,58.468605041503906,30.116731643676758
2019-07-18,63.27302932739258,30.774484634399414
2019-07-19,64.00885772705078,30.774484634399414
2019-07-22,62.724796295166016,30.250720977783203
2019-07-23,62.58050537109375,30.476058959960938
2019-07-24,61.33250427246094,30.317712783813477
2019-07-25,61.77256393432617,30.201993942260742
2019-07-26,62.02505111694336,30.36643409729004
2019-07-29,62.58771514892578,30.640499114990234
2019-07-30,62.255889892578125,29.538150787353516
2019-07-31,60.31534957885742,28.66722869873047
2019-08-01,59.47854232788086,29.160547256469727
2019-08-02,60.71933364868164,29.19099998474121
2019-08-05,57.89870071411133,28.41143035888672
2019-08-06,58.66337203979492,28.113004684448242
2019-08-07,58.69221878051758,28.155635833740234
2019-08-08,59.500186920166016,28.3200740814209
2019-08-09,59.57954406738281,28.113004684448242
2019-08-12,59.428043365478516,28.003379821777344
2019-08-13,60.56061553955078,28.4906063079834
2019-08-14,60.11336135864258,27.936384201049805
2019-08-15,60.95017623901367,27.704959869384766
2019-08-16,61.253150939941406,28.30789566040039
2019-08-19,61.325286865234375,28.44188690185547
2019-08-20,59.87528991699219,28.033823013305664
2019-08-21,59.9113883972168,28.167818069458008
2019-08-22,59.8392448425293,28.37489128112793
2019-08-23,58.59123611450195,28.265268325805664
2019-08-26,56.073585510253906,28.697675704956055
2019-08-27,51.723602294921875,27.55878257751465
2019-08-28,53.61365509033203,27.924198150634766
2019-08-29,52.45942687988281,26.949750900268555
2019-08-30,52.00494384765625,26.639150619506836
2019-09-03,52.41614532470703,26.821863174438477
2019-09-04,52.675838470458984,26.980201721191406
2019-09-05,51.90395736694336,26.706138610839844
2019-09-06,52.63977813720703,26.706138610839844
2019-09-09,52.877838134765625,26.821863174438477
2019-09-10,53.74348831176758,26.943660736083984
2019-09-11,54.154701232910156,27.23600196838379
2019-09-12,54.03205871582031,27.077651977539062
2019-09-13,52.69747543334961,26.078214645385742
2019-09-16,52.37285614013672,25.705768585205078
2019-09-17,51.954444885253906,25.643688201904297
2019-09-18,51.622623443603516,25.351926803588867
2019-09-19,51.73081588745117,24.904979705810547
2019-09-20,51.362918853759766,25.333303451538086
2019-09-23,51.940032958984375,25.376760482788086
2019-09-24,52.47534942626953,25.283641815185547
2019-09-25,55.2032356262207,25.178115844726562
2019-09-26,55.210575103759766,25.24018669128418
2019-09-27,55.09324264526367,24.91118812561035
2019-09-30,55.67988586425781,25.38918113708496
2019-10-01,57.073158264160156,25.55057144165039
2019-10-02,56.259193420410156,24.96084976196289
2019-10-03,56.295867919921875,25.333303451538086
2019-10-04,57.403160095214844,25.854751586914062
2019-10-07,56.58918380737305,26.17754364013672
2019-10-08,56.002532958984375,26.07201385498047
2019-10-09,56.794517517089844,26.35756492614746
2019-10-10,57.01449203491211,26.680356979370117
2019-10-11,57.16115188598633,26.42584800720215
2019-10-14,57.219810485839844,26.518966674804688
2019-10-15,57.43247604370117,26.959705352783203
2019-10-16,58.004451751708984,27.009363174438477
2019-10-17,58.55443572998047,27.487348556518555
2019-10-18,59.0677604675293,27.51839828491211
2019-10-21,59.98439407348633,28.281925201416016
2019-10-22,59.52240753173828,28.76612663269043
2019-10-23,59.96971893310547,29.020626068115234
2019-10-24,59.727725982666016,29.150999069213867
2019-10-25,60.11637878417969,29.05167007446289
2019-10-28,60.19703674316406,28.548858642578125
2019-10-29,60.02104568481445,28.79095458984375
2019-10-30,59.55173110961914,28.530231475830078
2019-10-31,59.720394134521484,27.803939819335938
2019-11-01,60.84233856201172,27.971546173095703
2019-11-04,61.187015533447266,28.306760787963867
2019-11-05,61.74430847167969,28.71025276184082
2019-11-06,61.37767791748047,28.499195098876953
2019-11-07,60.31437301635742,28.54264259338379
2019-11-08,61.28232955932617,28.809579849243164
2019-11-11,61.40699005126953,28.809579849243164
2019-11-12,61.934993743896484,29.175825119018555
2019-11-13,62.132965087890625,29.070293426513672
2019-11-14,61.333683013916016,28.94614601135254
2019-11-15,62.17695617675781,29.777963638305664
2019-11-18,62.17695617675781,30.007640838623047
2019-11-19,61.201663970947266,29.132368087768555
2019-11-20,61.216339111328125,30.0759220123291
2019-11-21,61.201663970947266,30.305604934692383
2019-11-22,60.40970230102539,30.417354583740234
2019-11-25,60.40237045288086,30.578754425048828
2019-11-26,60.329044342041016,30.553909301757812
2019-11-27,60.48303985595703,30.882917404174805
2019-11-29,60.81303024291992,30.851882934570312
2019-12-02,60.5710334777832,31.410568237304688
2019-12-03,60.84233856201172,31.100183486938477
2019-12-04,60.204383850097656,31.106393814086914
2019-12-05,60.40970230102539,31.143644332885742
2019-12-06,61.04768371582031,31.292617797851562
2019-12-09,61.29698944091797,31.367109298706055
2019-12-10,61.524330139160156,31.06914710998535
2019-12-11,62.21363067626953,31.22433853149414
2019-12-12,61.63432693481445,30.99465560913086
2019-12-13,62.088966369628906,31.137426376342773
2019-12-16,63.24759292602539,31.410568237304688
2019-12-17,63.02760314941406,31.55333709716797
2019-12-18,63.7115478515625,31.882349014282227
2019-12-19,63.927146911621094,31.528512954711914
2019-12-20,63.391876220703125,31.739578247070312
2019-12-23,63.94945526123047,32.00029754638672
2019-12-24,64.01636505126953,31.72894287109375
2019-12-26,63.9569091796875,31.804670333862305
2019-12-27,64.16504669189453,31.804670333862305
2019-12-30,63.7115478515625,31.482833862304688
2019-12-31,63.25806427001953,31.495450973510742
2020-01-02,63.3324089050293,31.078964233398438
2020-01-03,63.21344757080078,31.318769454956055
2020-01-06,63.94945526123047,31.44497299194336
2020-01-07,64.2319564819336,31.28090476989746
2020-01-08,65.45116424560547,31.602737426757812
2020-01-09,65.62960052490234,31.911949157714844
2020-01-10,65.01998138427734,31.691082000732422
2020-01-13,65.28760528564453,32.03184509277344
2020-01-14,65.10920715332031,32.10125732421875
2020-01-15,65.65931701660156,32.3410530090332
2020-01-16,65.83773803710938,32.240089416503906
2020-01-17,65.93439483642578,32.1959114074707
2020-01-21,66.06822204589844,32.240089416503906
2020-01-22,66.1500015258789,32.20222854614258
2020-01-23,64.73747253417969,31.90563201904297
2020-01-24,64.04608154296875,31.710012435913086
2020-01-27,62.97555923461914,31.407108306884766
2020-01-28,62.953277587890625,31.659526824951172
2020-01-29,62.41801071166992,31.621660232543945
2020-01-30,62.69306564331055,30.290163040161133
2020-01-31,61.481258392333984,29.99356460571289
2020-02-03,61.70429229736328,29.192138671875
2020-02-04,62.150352478027344,29.35621452331543
2020-02-05,62.403106689453125,29.20476722717285
2020-02-06,64.06842041015625,29.444561004638672
2020-02-07,65.0125503540039,29.16689682006836
2020-02-10,65.97899627685547,29.154279708862305
2020-02-11,66.49195861816406,28.7567195892334
2020-02-12,65.34709167480469,28.649444580078125
2020-02-13,66.03104400634766,28.807207107543945
2020-02-14,65.79314422607422,28.50429916381836
2020-02-18,65.00511932373047,28.53585433959961
2020-02-19,65.33221435546875,28.485374450683594
2020-02-20,65.00511932373047,28.750410079956055
2020-02-21,66.6406478881836,28.95865249633789
2020-02-24,63.61491012573242,27.639766693115234
2020-02-25,63.1911506652832,26.813108444213867
2020-02-26,64.12042999267578,26.57961082458496
2020-02-27,61.756343841552734,25.431108474731445
2020-02-28,60.86424255371094,25.475290298461914
2020-03-02,63.16884994506836,26.54806137084961
2020-03-03,62.076026916503906,26.440793991088867
2020-03-04,65.9715576171875,27.721811294555664
2020-03-05,65.31734466552734,27.235902786254883
2020-03-06,64.87872314453125,26.59854507446289
2020-03-09,60.68581008911133,25.456357955932617
2020-03-10,62.99043273925781,26.59854507446289
2020-03-11,59.35508728027344,25.54470443725586
2020-03-12,53.71247863769531,22.982654571533203
2020-03-13,59.102325439453125,25.285972595214844
2020-03-16,51.742401123046875,24.1185359954834
2020-03-17,55.00605392456055,25.147136688232422
2020-03-18,48.255741119384766,24.181644439697266
2020-03-19,49.38573455810547,23.41176986694336
2020-03-20,46.23008346557617,21.63222312927246
2020-03-23,45.39008712768555,19.80219268798828
2020-03-24,48.12954330444336,20.995256423950195
2020-03-25,49.998714447021484,22.285568237304688
2020-03-26,53.85060119628906,23.757442474365234
2020-03-27,52.32952117919922,23.757442474365234
2020-03-30,54.902488708496094,24.191871643066406
2020-03-31,55.21274185180664,25.07369613647461
2020-04-01,53.82032012939453,24.38639259338379
2020-04-02,56.25706481933594,23.485111236572266
2020-04-03,55.591129302978516,24.256711959838867
2020-04-06,57.2711181640625,24.172420501708984
2020-04-07,56.38572692871094,24.950498580932617
2020-04-08,56.49924087524414,26.020362854003906
2020-04-09,57.01380920410156,26.526113510131836
2020-04-13,55.961944580078125,26.22136878967285
2020-04-14,58.406246185302734,27.310686111450195
2020-04-15,57.08950424194336,26.526113510131836
2020-04-16,57.051666259765625,26.1954288482666
2020-04-17,58.99652862548828,26.48721694946289
2020-04-20,58.164093017578125,25.33305549621582
2020-04-21,54.698150634765625,24.483654022216797
2020-04-22,55.28841781616211,24.516069412231445
2020-04-23,54.31977081298828,24.931055068969727
2020-04-24,55.75004577636719,25.559995651245117
2020-04-27,56.695987701416016,25.773971557617188
2020-04-28,58.459232330322266,26.396440505981445
2020-04-29,57.89166259765625,26.240827560424805
2020-04-30,56.45381546020508,25.449764251708984
2020-05-01,55.454917907714844,24.580909729003906
2020-05-04,55.47761154174805,24.645755767822266
2020-05-05,54.637611389160156,23.861183166503906
2020-05-06,54.10788345336914,23.167394638061523
2020-05-07,53.07870864868164,22.758899688720703
2020-05-08,54.48626708984375,23.822290420532227
2020-05-11,53.941402435302734,23.614791870117188
2020-05-12,52.8743896484375,23.394336700439453
2020-05-13,52.05707550048828,23.569408416748047
2020-05-14,51.428977966308594,23.504566192626953
2020-05-15,51.29276657104492,23.725025177001953
2020-05-18,51.6484375,24.379907608032227
2020-05-19,51.84518814086914,24.068674087524414
2020-05-20,53.32841873168945,24.490137100219727
2020-05-21,53.351139068603516,24.34100914001465
2020-05-22,53.313289642333984,24.464200973510742
2020-05-26,54.58464431762695,24.820817947387695
2020-05-27,55.93165969848633,25.320091247558594
2020-05-28,55.62897491455078,25.16447639465332
2020-05-29,55.51545715332031,25.320091247558594
2020-06-01,55.840850830078125,25.404380798339844
2020-06-02,55.79545974731445,25.715620040893555
2020-06-03,56.158687591552734,26.072235107421875
2020-06-04,56.90031433105469,26.409404754638672
2020-06-05,57.44517517089844,27.174522399902344
2020-06-08,58.79974365234375,27.771053314208984
2020-06-09,57.248409271240234,27.349590301513672
2020-06-10,56.862464904785156,27.11616325378418
2020-06-11,53.918701171875,25.4757080078125
2020-06-12,53.29059600830078,25.926252365112305
2020-06-15,54.637611389160156,26.708091735839844
2020-06-16,56.49924087524414,27.224882125854492
2020-06-17,56.06787109375,27.072498321533203
2020-06-18,56.45381546020508,27.476661682128906
2020-06-19,55.508174896240234,26.959861755371094
2020-06-22,55.38516616821289,26.53581428527832
2020-06-23,54.96232604980469,26.727956771850586
2020-06-24,53.88599395751953,26.12502670288086
2020-06-25,54.331912994384766,26.277416229248047
2020-06-26,52.94805908203125,25.303438186645508
2020-06-29,54.20889663696289,25.992509841918945
2020-06-30,53.862918853759766,26.00576400756836
2020-07-01,53.80910873413086,25.999135971069336
2020-07-02,54.17045974731445,26.105148315429688
2020-07-06,54.2780876159668,26.237655639648438
2020-07-07,56.07710647583008,26.462932586669922
2020-07-08,55.58507537841797,26.41655158996582
2020-07-09,53.924434661865234,25.57508659362793
2020-07-10,56.09247589111328,26.681575775146484
2020-07-13,56.50763702392578,26.641826629638672
2020-07-14,57.13038635253906,27.205013275146484
2020-07-15,57.660850524902344,27.165252685546875
2020-07-16,57.92994689941406,27.483285903930664
2020-07-17,57.683921813964844,27.523040771484375
2020-07-20,56.038665771484375,27.079120635986328
2020-07-21,58.3681640625,27.311017990112305
2020-07-22,58.429683685302734,27.39052391052246
2020-07-23,58.66032791137695,27.549541473388672
2020-07-24,59.083152770996094,27.72843360900879
2020-07-27,60.382442474365234,27.913949966430664
2020-07-28,59.9442253112793,28.17235565185547
2020-07-29,60.26713180541992,27.582674026489258
2020-07-30,59.544464111328125,27.549541473388672
2020-07-31,59.05241012573242,27.26463508605957
2020-08-03,58.83713912963867,27.171871185302734
2020-08-04,59.27537536621094,27.562788009643555
2020-08-05,59.167728424072266,27.602542877197266
2020-08-06,59.29074478149414,27.529661178588867
2020-08-07,59.582881927490234,27.940458297729492
2020-08-10,60.25175094604492,28.636157989501953
2020-08-11,60.52083206176758,28.887929916381836
2020-08-12,61.266605377197266,28.463886260986328
2020-08-13,60.07492446899414,28.20548439025879
2020-08-14,59.74433517456055,28.185604095458984
2020-08-17,60.167198181152344,28.5102596282959
2020-08-18,60.874488830566406,28.636157989501953
2020-08-19,60.50546646118164,28.921058654785156
2020-08-20,60.136444091796875,28.821670532226562
2020-08-21,60.01342010498047,28.795167922973633
2020-08-24,61.22046661376953,29.179454803466797
2020-08-25,61.2127685546875,28.834924697875977
2020-08-26,61.489532470703125,28.622905731201172
2020-08-27,61.504920959472656,28.987314224243164
2020-08-28,62.073848724365234,29.10657501220703
2020-08-31,61.34347152709961,28.980688095092773
2020-09-01,60.76686096191406,28.569900512695312
2020-09-02,61.489532470703125,28.993940353393555
2020-09-03,60.982120513916016,28.682519912719727
2020-09-04,60.8514289855957,28.815048217773438
2020-09-08,60.759151458740234,28.53676414489746
2020-09-09,61.86625289916992,29.01382064819336
2020-09-10,61.82013702392578,28.722293853759766
2020-09-11,62.45054244995117,28.88129997253418
2020-09-14,62.996421813964844,29.063796997070312
2020-09-15,62.58125305175781,28.91510009765625
2020-09-16,61.9661979675293,28.225677490234375
2020-09-17,61.097442626953125,27.617366790771484
2020-09-18,60.02879333496094,26.927940368652344
2020-09-21,59.836585998535156,26.238527297973633
2020-09-22,59.206172943115234,26.056026458740234
2020-09-23,58.96406555175781,25.63697052001953
2020-09-24,59.62791061401367,25.907331466674805
2020-09-25,58.8859748840332,25.866775512695312
2020-09-28,59.5966682434082,26.32638931274414
2020-09-29,58.058128356933594,25.9276123046875
2020-09-30,58.56576919555664,26.116863250732422
2020-10-01,57.90192794799805,26.306114196777344
2020-10-02,58.15184020996094,26.339908599853516
2020-10-05,59.284278869628906,26.698143005371094
2020-10-06,58.96406555175781,26.765724182128906
2020-10-07,61.736534118652344,27.394319534301758
2020-10-08,61.17424774169922,27.292936325073242
2020-10-09,61.60376739501953,27.50246238708496
2020-10-12,61.94740676879883,27.340246200561523
2020-10-13,61.86150360107422,26.61703109741211
2020-10-14,61.62721252441406,26.73193359375
2020-10-15,61.80683898925781,26.833314895629883
2020-10-16,61.90837478637695,26.71841049194336
2020-10-19,60.79154968261719,26.481847763061523
2020-10-20,57.26933670043945,26.157421112060547
2020-10-21,57.652015686035156,26.028993606567383
2020-10-22,58.46424102783203,26.35342788696289
2020-10-23,58.144039154052734,26.414260864257812
2020-10-26,57.519248962402344,26.069549560546875
2020-10-27,55.70737838745117,25.12328338623047
2020-10-28,54.69990921020508,24.81913185119629
2020-10-29,55.16849899291992,24.920515060424805
2020-10-30,55.46527099609375,24.386554718017578
2020-11-02,55.941673278808594,24.656906127929688
2020-11-03,56.090057373046875,25.271984100341797
2020-11-04,55.87138366699219,25.73835563659668
2020-11-05,55.37155532836914,25.217914581298828
2020-11-06,55.020103454589844,25.190874099731445
2020-11-09,55.941673278808594,25.799190521240234
2020-11-10,58.37834167480469,26.75896644592285
2020-11-11,58.65947341918945,26.873872756958008
2020-11-12,58.183082580566406,26.698143005371094
2020-11-13,59.268646240234375,27.25914192199707
2020-11-16,61.408531188964844,28.036426544189453
2020-11-17,61.213287353515625,27.840412139892578
2020-11-18,60.502593994140625,27.150991439819336
2020-11-19,60.53384017944336,27.076642990112305
2020-11-20,59.92467498779297,26.995534896850586
2020-11-23,59.84657669067383,27.17127227783203
2020-11-24,60.9321403503418,27.711994171142578
2020-11-25,60.049617767333984,27.292936325073242
2020-11-27,59.276458740234375,27.28617286682129
2020-11-30,59.1593132019043,26.92118263244629
2020-12-01,60.15895080566406,27.36728286743164
2020-12-02,60.97119903564453,27.04960823059082
2020-12-03,61.307010650634766,27.319969177246094
2020-12-04,63.064212799072266,27.962078094482422
2020-12-07,63.79053497314453,28.17835807800293
2020-12-08,64.54026794433594,28.543354034423828
2020-12-09,66.07881164550781,29.05027961730957
2020-12-10,66.35997009277344,29.029998779296875
2020-12-11,66.38337707519531,29.063796997070312
2020-12-14,65.91480255126953,28.99620819091797
2020-12-15,65.8288803100586,28.509563446044922
2020-12-16,66.87539672851562,29.13138198852539
2020-12-17,66.90663146972656,29.063796997070312
2020-12-18,67.23465728759766,29.59100341796875
2020-12-21,65.73516845703125,29.023242950439453
2020-12-22,65.11720275878906,28.759641647338867
2020-12-23,65.12511444091797,28.97593116760254
2020-12-24,65.37071990966797,28.775911331176758
2020-12-28,65.3548812866211,28.610370635986328
2020-12-29,64.86367797851562,28.09306526184082
2020-12-30,64.55467987060547,28.09996223449707
2020-12-31,65.5925521850586,28.279294967651367
2021-01-04,64.57052612304688,28.168933868408203
2021-01-05,65.27564239501953,28.11375617980957
2021-01-06,65.36280059814453,28.568984985351562
2021-01-07,65.74308776855469,28.817291259765625
2021-01-08,65.83024597167969,28.686241149902344
2021-01-11,65.21226501464844,28.520700454711914
2021-01-12,64.22984313964844,28.231008529663086
2021-01-13,64.34076690673828,28.341371536254883
2021-01-14,64.31698608398438,28.35516357421875
2021-01-15,64.12686157226562,28.417240142822266
2021-01-19,64.8874282836914,28.43793487548828
2021-01-20,64.72896575927734,29.038007736206055
2021-01-21,64.43583679199219,28.92764663696289
2021-01-22,63.92086410522461,28.85177993774414
2021-01-25,64.44375610351562,28.941444396972656
2021-01-26,64.958740234375,29.127676010131836
2021-01-27,63.22366714477539,28.844881057739258
2021-01-28,64.39622497558594,29.41736602783203
2021-01-29,63.10481262207031,28.334470748901367
2021-02-01,62.637367248535156,28.120656967163086
2021-02-02,62.80376434326172,28.672443389892578
2021-02-03,63.5643310546875,28.969030380249023
2021-02-04,66.25807189941406,29.334590911865234
2021-02-05,66.77303314208984,29.293212890625
2021-02-08,68.12784576416016,29.638078689575195
2021-02-09,67.8426284790039,29.907079696655273
2021-02-10,68.08821868896484,30.03812599182129
2021-02-11,67.62870788574219,29.87258529663086
2021-02-12,68.23085021972656,29.934669494628906
2021-02-16,68.13575744628906,29.941564559936523
2021-02-17,68.61905670166016,30.07261085510254
2021-02-18,68.39722442626953,30.09330177307129
2021-02-19,67.70001983642578,30.2105655670166
2021-02-22,68.53191375732422,30.63820457458496
2021-02-23,68.484375,30.548534393310547
2021-02-24,69.37171173095703,31.038249969482422
2021-02-25,68.54774475097656,30.783042907714844
2021-02-26,66.56706237792969,30.07261085510254
2021-03-01,67.30387115478516,30.720970153808594
2021-03-02,67.3989486694336,30.845121383666992
2021-03-03,67.46232604980469,31.072742462158203
2021-03-04,67.03451538085938,30.527843475341797
2021-03-05,68.26254272460938,31.121017456054688
2021-03-08,68.42098999023438,32.348758697509766
2021-03-09,68.98350524902344,32.88674545288086
2021-03-10,68.73789978027344,33.24541091918945
2021-03-11,68.63489532470703,32.96951675415039
2021-03-12,69.49848937988281,33.5557975769043
2021-03-15,69.46678924560547,34.3765869140625
2021-03-16,69.8787612915039,34.10068893432617
2021-03-17,70.6710433959961,34.335205078125
2021-03-18,71.74854278564453,34.880088806152344
2021-03-19,71.66022491455078,34.86630630493164
2021-03-22,72.24636840820312,35.61811828613281
2021-03-23,70.69672393798828,34.83870315551758
2021-03-24,71.09818267822266,34.74046325683594
2021-03-25,71.21057891845703,35.21761703491211
2021-03-26,72.72809600830078,36.8385124206543
2021-03-29,73.05728912353516,36.698177337646484
2021-03-30,71.74053192138672,35.968421936035156
2021-03-31,71.25074768066406,35.89825439453125
2021-04-01,70.70476531982422,35.78598403930664
2021-04-05,71.1383285522461,36.010528564453125
2021-04-06,71.16241455078125,36.05262756347656
2021-04-07,70.88138580322266,35.877201080322266
2021-04-08,71.81280517578125,36.12278747558594
2021-04-09,73.12152862548828,36.12981033325195
2021-04-12,73.37847900390625,36.312259674072266
2021-04-13,72.88868713378906,35.9052734375
2021-04-14,73.12152862548828,36.03157043457031
2021-04-15,73.73174285888672,36.214012145996094
2021-04-16,74.59891510009766,36.7051887512207
2021-04-19,73.60327911376953,34.438751220703125
2021-04-20,75.47407531738281,33.1125602722168
2021-04-21,75.62663269042969,33.3862190246582
2021-04-22,75.48210906982422,32.628395080566406
2021-04-23,75.96385192871094,33.25289535522461
2021-04-26,75.7872085571289,33.13361740112305
2021-04-27,75.88358306884766,33.09150695800781
2021-04-28,75.59452056884766,33.105552673339844
2021-04-29,76.34925079345703,32.698570251464844
2021-04-30,76.27699279785156,33.5055046081543
2021-05-03,76.95948791503906,33.940555572509766
2021-05-04,76.20474243164062,33.57567596435547
2021-05-05,76.6302719116211,33.926517486572266
2021-05-06,77.73831176757812,34.7264404296875
2021-05-07,78.21202850341797,35.049217224121094
2021-05-10,78.7339096069336,35.56145095825195
2021-05-11,78.11566925048828,35.386024475097656
2021-05-12,77.24048614501953,34.62820053100586
2021-05-13,78.32443237304688,35.16850280761719
2021-05-14,78.44485473632812,35.2807731628418
2021-05-17,78.32443237304688,35.231651306152344
2021-05-18,78.43685150146484,35.07728576660156
2021-05-19,77.32881164550781,34.69136047363281
2021-05-20,78.22006225585938,35.1053466796875
2021-05-21,78.22006225585938,35.08430480957031
2021-05-24,78.81419372558594,35.308834075927734
2021-05-25,78.30033111572266,34.81063461303711
2021-05-26,78.1317138671875,34.67732238769531
2021-05-27,77.6258773803711,34.522953033447266
2021-05-28,77.42515563964844,34.53697967529297
2021-06-01,77.7061767578125,34.635223388671875
2021-06-02,77.73028564453125,34.74046325683594
2021-06-03,78.17990112304688,34.929931640625
2021-06-04,78.60545349121094,34.92291259765625
2021-06-07,79.13536834716797,35.428131103515625
2021-06-08,77.40106964111328,35.000099182128906
2021-06-09,77.68209838867188,35.01413345336914
2021-06-10,78.32443237304688,35.182533264160156
2021-06-11,79.36018371582031,34.915897369384766
2021-06-14,80.6930160522461,34.33039474487305
2021-06-15,80.66091918945312,34.20186996459961
2021-06-16,80.22733306884766,33.82343292236328
2021-06-17,80.29157257080078,33.46642303466797
2021-06-18,79.8901138305664,33.066566467285156
2021-06-21,80.42005157470703,33.76631546020508
2021-06-22,80.29157257080078,33.73060989379883
2021-06-23,80.33171081542969,33.57352066040039
2021-06-24,80.4780044555664,33.866275787353516
2021-06-25,80.48611450195312,34.0019416809082
2021-06-28,80.1854248046875,33.687774658203125
2021-06-29,79.59219360351562,33.402156829833984
2021-06-30,80.54299926757812,34.04478073120117
2021-07-01,81.1768798828125,34.15188980102539
2021-07-02,81.51007843017578,33.93767547607422
2021-07-06,80.16917419433594,33.32361602783203
2021-07-07,80.282958984375,33.40929412841797
2021-07-08,79.94163513183594,33.15225601196289
2021-07-09,80.77867126464844,33.8448486328125
2021-07-12,80.08792114257812,33.90912628173828
2021-07-13,79.40528106689453,33.44499206542969
2021-07-14,80.90872192382812,33.95909881591797
2021-07-15,80.7055435180664,33.90912628173828
2021-07-16,80.37236022949219,33.780601501464844
2021-07-19,79.58406829833984,33.40929412841797
2021-07-20,77.1460952758789,33.70919418334961
2021-07-21,78.4544677734375,33.79487609863281
2021-07-22,79.02332305908203,33.55210494995117
2021-07-23,79.96602630615234,33.90912628173828
2021-07-26,80.48611450195312,33.99480056762695
2021-07-27,81.13626098632812,34.12332534790039
2021-07-28,80.40486907958984,34.0019416809082
2021-07-29,81.50194549560547,34.701683044433594
2021-07-30,81.33942413330078,34.30183792114258
2021-08-02,81.29066467285156,34.080482482910156
2021-08-03,81.62384033203125,34.12332534790039
2021-08-04,80.85182189941406,33.58066177368164
2021-08-05,80.93307495117188,33.81629180908203
2021-08-06,80.624267578125,33.80915069580078
2021-08-09,80.61614990234375,33.9019775390625
2021-08-10,81.2337646484375,34.35182189941406
2021-08-11,81.07124328613281,34.394657135009766
2021-08-12,81.2744140625,34.358951568603516
2021-08-13,82.55842590332031,34.701683044433594
2021-08-16,83.20853424072266,34.55174255371094
2021-08-17,83.29793548583984,34.67313003540039
2021-08-18,82.0383071899414,34.430355072021484
2021-08-19,82.42025756835938,34.444637298583984
2021-08-20,82.42025756835938,34.60886764526367
2021-08-23,81.9570541381836,34.616004943847656
2021-08-24,81.77825927734375,34.4232177734375
2021-08-25,82.27397918701172,34.737388610839844
2021-08-26,82.2821273803711,34.80879211425781
2021-08-27,82.97288513183594,35.3657341003418
2021-08-30,83.76115417480469,35.48711395263672
2021-08-31,83.70427703857422,35.86554718017578
2021-09-01,84.15935516357422,35.75844192504883
2021-09-02,85.8497085571289,36.44391632080078
2021-09-03,86.22351837158203,36.39392852783203
2021-09-07,86.19100189208984,36.26539993286133
2021-09-08,84.25688171386719,36.32966613769531
2021-09-09,83.36294555664062,36.12260055541992
2021-09-10,84.16748809814453,36.129737854003906
2021-09-13,83.3710708618164,35.75844192504883
2021-09-14,82.85909271240234,35.169490814208984
2021-09-15,84.51692962646484,35.7947998046875
2021-09-16,83.56610870361328,35.474876403808594
2021-09-17,82.77784729003906,35.34400177001953
2021-09-20,82.07081604003906,35.00226974487305
2021-09-21,81.68074035644531,34.92228317260742
2021-09-22,81.68074035644531,35.074981689453125
2021-09-23,82.44464111328125,35.48942184448242
2021-09-24,82.74534606933594,35.23493576049805
2021-09-27,83.3060531616211,35.43852233886719
2021-09-28,80.9696044921875,35.09678649902344
2021-09-29,81.84989166259766,35.43852233886719
2021-09-30,77.98323822021484,33.0972785949707
2021-10-01,79.04450225830078,33.34450149536133
2021-10-04,79.13499450683594,33.80982971191406
2021-10-05,79.29953002929688,33.56989669799805
2021-10-06,79.50521087646484,33.773475646972656
2021-10-07,78.69074249267578,33.79529571533203
2021-10-08,78.44393157958984,33.97706985473633
2021-10-11,78.25473022460938,33.962528228759766
2021-10-12,78.6331558227539,34.282447814941406
2021-10-13,80.18805694580078,34.842315673828125
2021-10-14,81.3233642578125,35.38762664794922
2021-10-15,80.928466796875,35.40944290161133
2021-10-18,80.17159271240234,34.9950065612793
2021-10-19,78.80591583251953,34.82776641845703
2021-10-20,79.81784057617188,35.2131233215332
2021-10-21,79.40648651123047,35.067710876464844
2021-10-22,79.70265197753906,35.06043243408203
2021-10-25,79.42294311523438,34.86412048339844
2021-10-26,79.14321899414062,34.98046112060547
2021-10-27,78.04904174804688,34.53692626953125
2021-10-28,78.95401000976562,32.413814544677734
2021-10-29,77.77754974365234,32.072086334228516
2021-11-01,76.85614013671875,32.02845764160156
2021-11-02,77.34973907470703,32.101165771484375
2021-11-03,77.93385314941406,32.69010925292969
2021-11-04,77.1029281616211,32.43562316894531
2021-11-05,77.58011627197266,32.864620208740234
2021-11-08,76.42010498046875,32.77008819580078
2021-11-09,77.06179809570312,32.56650161743164
2021-11-10,77.64591979980469,32.53742218017578
2021-11-11,78.156005859375,32.646484375
2021-11-12,77.95855712890625,32.6610221862793
2021-11-15,78.45216369628906,32.864620208740234
2021-11-16,76.56819915771484,32.319297790527344
2021-11-17,76.9959945678711,32.2974853515625
2021-11-18,75.31770324707031,31.999370574951172
2021-11-19,74.37159729003906,31.555849075317383
2021-11-22,73.86153411865234,31.984840393066406
2021-11-23,73.75458526611328,32.166603088378906
2021-11-24,74.06719207763672,32.05026626586914
2021-11-26,72.95657348632812,31.803058624267578
2021-11-29,71.86237335205078,31.614015579223633
2021-11-30,70.70237731933594,31.003253936767578
2021-12-01,71.46748352050781,31.257732391357422
2021-12-02,72.26549530029297,31.41770362854004
2021-12-03,73.53244018554688,31.933929443359375
2021-12-06,75.18608093261719,32.304752349853516
2021-12-07,74.37983703613281,32.3483772277832
2021-12-08,73.95201873779297,32.37019729614258
2021-12-09,73.63116455078125,32.42108917236328
2021-12-10,74.07542419433594,32.78463363647461
2021-12-13,75.4164047241211,32.980953216552734
2021-12-14,75.62207794189453,33.010032653808594
2021-12-15,76.28849029541016,33.41720962524414
2021-12-16,77.64591979980469,34.427860260009766
2021-12-17,76.88082885742188,35.08224105834961
2021-12-20,76.39542388916016,34.98046112060547
2021-12-21,76.54351806640625,34.73324966430664
2021-12-22,77.47747802734375,34.740657806396484
2021-12-23,77.49417114257812,34.60726547241211
2021-12-27,78.0028305053711,34.6739616394043
2021-12-28,78.26966857910156,35.11118698120117
2021-12-29,78.6365966796875,35.126007080078125
2021-12-30,78.60324096679688,35.01484680175781
2021-12-31,79.22032928466797,35.118595123291016
2022-01-03,79.82906341552734,35.548404693603516
2022-01-04,80.33776092529297,36.333919525146484
2022-01-05,80.01252746582031,36.04491424560547
2022-01-06,81.23002624511719,36.46730422973633
2022-01-07,82.67266082763672,36.882301330566406
2022-01-10,83.62330627441406,37.452911376953125
2022-01-11,84.21536254882812,36.667396545410156
2022-01-12,84.59062957763672,36.674800872802734
2022-01-13,85.14100646972656,37.282474517822266
2022-01-14,86.20838165283203,37.65299987792969
2022-01-18,84.83244323730469,37.39362716674805
2022-01-19,84.63232421875,37.119441986083984
2022-01-20,85.07428741455078,37.29729461669922
2022-01-21,85.82479095458984,37.289878845214844
2022-01-24,83.87346649169922,37.01569366455078
2022-01-25,85.17435455322266,37.074981689453125
2022-01-26,84.54060363769531,36.65998458862305
2022-01-27,85.2660903930664,37.30470275878906
2022-01-28,86.32513427734375,37.408451080322266
2022-01-31,85.76643371582031,37.704872131347656
2022-02-01,86.09998321533203,37.52701950073242
2022-02-02,86.64201354980469,37.42326736450195
2022-02-03,86.56696319580078,37.36398696899414
2022-02-04,86.38351440429688,37.19354248046875
2022-02-07,86.37517547607422,37.341758728027344
2022-02-08,86.60032653808594,37.36398696899414
2022-02-09,86.80878448486328,37.497379302978516
2022-02-10,87.61767578125,37.18613052368164
2022-02-11,90.02763366699219,37.326934814453125
2022-02-14,91.09503936767578,37.119441986083984
2022-02-15,91.45361328125,37.289878845214844
2022-02-16,93.03800964355469,37.504791259765625
2022-02-17,93.3132095336914,38.0679931640625
2022-02-18,93.07138061523438,38.34218215942383
2022-02-22,90.5530014038086,38.00128936767578
2022-02-23,90.5530014038086,38.497806549072266
2022-02-24,85.71637725830078,36.734092712402344
2022-02-25,87.75943756103516,38.149505615234375
2022-02-28,84.2820816040039,38.00870895385742
2022-03-01,84.59062957763672,38.21620178222656
2022-03-02,85.50791931152344,39.13511276245117
2022-03-03,85.4578857421875,39.401885986328125
2022-03-04,83.22303771972656,39.639015197753906
2022-03-07,77.71929931640625,39.16474533081055
2022-03-08,78.36141204833984,37.712284088134766
2022-03-09,78.22798156738281,37.79379653930664
2022-03-10,76.62690734863281,37.96424102783203
2022-03-11,74.10853576660156,37.408451080322266
2022-03-14,74.70890808105469,37.452911376953125
2022-03-15,77.26900482177734,38.1939697265625
2022-03-16,78.19462585449219,38.00128936767578
2022-03-17,77.82769775390625,38.30512619018555
2022-03-18,78.30303955078125,38.2977180480957
2022-03-21,78.50318145751953,38.720115661621094
2022-03-22,78.09456634521484,39.505638122558594
2022-03-23,77.12261199951172,39.43894577026367
2022-03-24,78.24671173095703,39.574623107910156
2022-03-25,78.98200225830078,40.41888427734375
2022-03-28,77.81565856933594,39.2203369140625
2022-03-29,79.1341323852539,38.956504821777344
2022-03-30,79.39613342285156,39.23541259765625
2022-03-31,79.39613342285156,39.38616943359375
2022-04-01,81.79644775390625,39.73291778564453
2022-04-04,81.37386322021484,39.74046325683594
2022-04-05,80.849853515625,39.680152893066406
2022-04-06,83.68963623046875,40.57718276977539
2022-04-07,84.23900604248047,40.501800537109375
2022-04-08,84.57707977294922,40.788246154785156
2022-04-11,85.56594848632812,41.044532775878906
2022-04-12,84.93206024169922,41.39128875732422
2022-04-13,85.53213500976562,41.30836868286133
2022-04-14,86.01387786865234,41.444061279296875
2022-04-18,85.40536499023438,41.15760803222656
2022-04-19,86.69847106933594,41.624969482421875
2022-04-20,87.0957260131836,41.738037109375
2022-04-21,88.7945327758789,42.61245346069336
2022-04-22,86.79145812988281,41.858646392822266
2022-04-25,86.65621948242188,41.632503509521484
2022-04-26,86.85906219482422,41.368675231933594
2022-04-27,85.94628143310547,41.39881896972656
2022-04-28,86.5547866821289,41.60989761352539
2022-04-29,84.51792907714844,41.8888053894043
2022-05-02,83.30931854248047,41.745574951171875
2022-05-03,83.66429901123047,41.79080581665039
2022-05-04,84.99122619628906,42.51445007324219
2022-05-05,84.32353210449219,42.17523956298828
2022-05-06,83.62203216552734,42.64259719848633
2022-05-09,84.4080581665039,41.65510940551758
2022-05-10,83.57131958007812,38.873592376708984
2022-05-11,87.57746887207031,38.96403884887695
2022-05-12,87.3661880493164,39.325870513916016
2022-05-13,88.26207733154297,39.98168182373047
2022-05-16,89.51295471191406,40.509342193603516
2022-05-17,89.84254455566406,40.88623809814453
2022-05-18,89.74113464355469,40.10227966308594
2022-05-19,84.94051361083984,38.51176834106445
2022-05-20,85.48987579345703,38.51176834106445
2022-05-23,86.9773941040039,39.288177490234375
2022-05-24,90.1130142211914,39.89875793457031
2022-05-25,91.7611083984375,40.622413635253906
2022-05-26,91.33850860595703,41.08222961425781
2022-05-27,90.40880584716797,41.02946472167969
2022-05-31,89.80028533935547,40.77316665649414
2022-06-01,89.38615417480469,40.765628814697266
2022-06-02,89.76648712158203,40.81840133666992
2022-06-03,89.18331146240234,40.56964111328125
2022-06-06,89.9017105102539,40.396278381347656
2022-06-07,89.82566833496094,40.71286392211914
2022-06-08,87.50987243652344,37.3056755065918
2022-06-09,85.94628143310547,36.68001937866211
2022-06-10,86.4871826171875,36.891082763671875
2022-06-13,83.2501449584961,35.54932403564453
2022-06-14,83.64739990234375,35.5723762512207
2022-06-15,83.00505065917969,35.09592056274414
2022-06-16,83.05575561523438,34.87306594848633
2022-06-17,82.78530883789062,34.819278717041016
2022-06-21,84.60242462158203,35.11897659301758
2022-06-22,83.82488250732422,31.891414642333984
2022-06-23,85.84485626220703,32.667564392089844
2022-06-24,87.39152526855469,33.35150909423828
2022-06-27,86.80836486816406,33.19012451171875
2022-06-28,86.58016967773438,33.19012451171875
2022-06-29,85.25323486328125,32.09121322631836
2022-06-30,84.5001449584961,32.098899841308594
2022-07-01,85.33880615234375,32.467769622802734
2022-07-05,83.9353256225586,32.06047821044922
2022-07-06,81.29950714111328,31.6301326751709
2022-07-07,81.29093933105469,32.129638671875
2022-07-08,80.34959411621094,31.90678596496582
2022-07-11,79.78475952148438,32.23722457885742
2022-07-12,80.2725601196289,32.51387405395508
2022-07-13,77.57684326171875,32.24490737915039
2022-07-14,76.69539642333984,31.991313934326172
2022-07-15,77.17462158203125,32.26796340942383
2022-07-18,76.60124969482422,32.483131408691406
2022-07-19,78.24435424804688,33.013370513916016
2022-07-20,76.87511444091797,32.52155685424805
2022-07-21,80.09284210205078,32.867366790771484
2022-07-22,82.09538269042969,33.11328125
2022-07-25,82.01835632324219,33.681941986083984
2022-07-26,82.60885620117188,33.920166015625
2022-07-27,82.97684478759766,33.86637496948242
2022-07-28,83.15655517578125,33.81258773803711
2022-07-29,83.13945007324219,33.70500183105469
2022-08-01,84.27761840820312,33.85100173950195
2022-08-02,84.42311096191406,33.681941986083984
2022-08-03,84.5600357055664,33.98932647705078
2022-08-04,83.86686706542969,34.00470733642578
2022-08-05,83.5245361328125,33.88942337036133
2022-08-08,83.55877685546875,33.98164749145508
2022-08-09,83.32772064208984,33.98164749145508
2022-08-10,83.97809600830078,34.381256103515625
2022-08-11,85.1248550415039,34.68095397949219
2022-08-12,84.92803192138672,34.69632339477539
2022-08-15,86.43421173095703,34.79622268676758
2022-08-16,87.05037689208984,35.149715423583984
2022-08-17,86.57969665527344,34.92686462402344
2022-08-18,86.00631713867188,35.0498161315918
2022-08-19,85.6896743774414,34.94223403930664
2022-08-22,84.11503601074219,34.87306594848633
2022-08-23,83.69569396972656,34.98833084106445
2022-08-24,83.55877685546875,35.19583511352539
2022-08-25,84.02944946289062,35.64921951293945
2022-08-26,82.6259765625,35.257301330566406
2022-08-29,82.36067962646484,35.12666320800781
2022-08-30,81.71884155273438,34.67325973510742
2022-08-31,81.71884155273438,34.67325973510742
2022-09-01,82.56607818603516,34.865386962890625
2022-09-02,80.89728546142578,34.581050872802734
2022-09-06,80.52928924560547,34.250606536865234
2022-09-07,80.96575927734375,34.54262924194336
2022-09-08,81.8301010131836,34.69632339477539
2022-09-09,83.06241607666016,35.01907730102539
2022-09-12,83.57589721679688,34.69632339477539
2022-09-13,80.4608383178711,33.02106475830078
2022-09-14,80.18698120117188,32.80893325805664
2022-09-15,80.47795104980469,33.005348205566406
2022-09-16,81.77873229980469,33.2253303527832
2022-09-19,82.08683013916016,33.71243667602539
2022-09-20,82.1638412475586,33.72029113769531
2022-09-21,82.51472473144531,33.7910041809082
2022-09-22,81.97557067871094,33.995269775390625
2022-09-23,78.55244445800781,32.74607849121094
2022-09-26,77.16606903076172,32.581092834472656
2022-09-27,75.5342025756836,32.04685592651367
2022-09-28,75.82064819335938,32.53395462036133
2022-09-29,74.7269515991211,32.34539794921875
2022-09-30,72.0534896850586,31.7247314453125
2022-10-03,73.80686950683594,32.50252914428711
2022-10-04,75.51685333251953,33.39032745361328
2022-10-05,75.4908218383789,33.70458221435547
2022-10-06,74.18878936767578,33.77528762817383
2022-10-07,73.47702026367188,33.64173126220703
2022-10-10,72.9128189086914,34.14454650878906
2022-10-11,74.31900024414062,34.84378433227539
2022-10-12,74.36238861083984,35.15803527832031
2022-10-13,75.71649169921875,36.053688049316406
2022-10-14,74.00651550292969,35.535152435302734
2022-10-17,74.27559661865234,35.0323371887207
2022-10-18,74.91792297363281,35.17375946044922
2022-10-19,75.05680084228516,35.095184326171875
2022-10-20,73.80686950683594,34.22311019897461
2022-10-21,75.091552734375,34.9459114074707
2022-10-24,75.68177795410156,35.676570892333984
2022-10-25,76.81886291503906,35.93584442138672
2022-10-26,77.7563247680664,36.383663177490234
2022-10-27,77.72159576416016,35.68443298339844
2022-10-28,80.31692504882812,36.383663177490234
2022-10-31,79.72669982910156,36.35223388671875
2022-11-01,79.61385345458984,36.250099182128906
2022-11-02,77.58271789550781,35.2287483215332
2022-11-03,76.67997741699219,35.283748626708984
2022-11-04,78.103515625,35.74728775024414
2022-11-07,78.9020767211914,36.04583740234375
2022-11-08,80.29090118408203,36.06154251098633
2022-11-09,78.96284484863281,35.519447326660156
2022-11-10,80.94190979003906,34.74164581298828
2022-11-11,82.00089263916016,34.86735153198242
2022-11-14,81.53215026855469,34.53738021850586
2022-11-15,82.17448425292969,34.301673889160156
2022-11-16,82.2092056274414,34.238826751708984
2022-11-17,82.59981536865234,34.30953598022461
2022-11-18,83.57198333740234,34.72592544555664
2022-11-21,84.11015319824219,35.19732666015625
2022-11-22,84.33582305908203,35.48016357421875
2022-11-23,85.16043853759766,35.37017059326172
2022-11-25,85.28195190429688,35.15018844604492
2022-11-28,84.74378967285156,35.47230911254883
2022-11-29,84.8826675415039,35.99869155883789
2022-11-30,86.5145263671875,36.59579086303711
2022-12-01,88.936279296875,36.93361282348633
2022-12-02,90.53343200683594,37.42072677612305
2022-12-05,89.8216552734375,37.075035095214844
2022-12-06,88.21582794189453,36.30509567260742
2022-12-07,88.43283081054688,36.43080520629883
2022-12-08,88.58908081054688,36.81576919555664
2022-12-09,88.61510467529297,36.69792175292969
2022-12-12,89.05780029296875,36.89434051513672
2022-12-13,88.81475067138672,36.776493072509766
2022-12-14,88.936279296875,37.027896881103516
2022-12-15,87.90335083007812,36.8864860534668
2022-12-16,87.04400634765625,36.580078125
2022-12-19,87.33045196533203,36.43865966796875
2022-12-20,87.59954833984375,36.48579788208008
2022-12-21,88.36432647705078,36.55796432495117
2022-12-22,88.66322326660156,36.710323333740234
2022-12-23,89.39285278320312,37.07918930053711
2022-12-27,90.26313018798828,37.271644592285156
2022-12-28,88.73355102539062,36.76645278930664
2022-12-29,88.95331573486328,36.782493591308594
2022-12-30,88.97089385986328,36.65419006347656
2023-01-03,89.0500259399414,36.501834869384766
2023-01-04,88.98848724365234,36.41362762451172
2023-01-05,88.6280517578125,36.38154983520508
2023-01-06,90.97517395019531,37.24759292602539
2023-01-09,89.92908477783203,36.870697021484375
2023-01-10,89.8323974609375,36.878726959228516
2023-01-11,89.71810150146484,36.742401123046875
2023-01-12,89.17308044433594,36.40560531616211
2023-01-13,89.4016342163086,36.58202362060547
2023-01-17,88.98848724365234,36.213157653808594
2023-01-18,87.25670623779297,35.290985107421875
2023-01-19,88.95331573486328,35.71598815917969
2023-01-20,89.50712585449219,36.0367431640625
2023-01-23,88.91814422607422,35.932491302490234
2023-01-24,89.0500259399414,35.90843963623047
2023-01-25,90.91364288330078,36.028717041015625
2023-01-26,91.70481872558594,35.51551818847656
2023-01-27,91.2125473022461,35.395225524902344
2023-01-30,91.2740707397461,35.68390655517578
2023-01-31,91.63448333740234,36.11692810058594
2023-02-01,92.64542388916016,38.121646881103516
2023-02-02,90.99275970458984,37.664573669433594
2023-02-03,90.18400573730469,37.616451263427734
2023-02-06,89.49834442138672,37.65654754638672
2023-02-07,89.8411865234375,37.33578872680664
2023-02-08,89.04122161865234,37.28768539428711
2023-02-09,89.68293762207031,37.151363372802734
2023-02-10,89.98184204101562,37.881080627441406
2023-02-13,91.16857147216797,38.37022399902344
2023-02-14,89.41043853759766,38.017398834228516
2023-02-15,88.88298034667969,38.20985412597656
2023-02-16,88.17093658447266,38.00938034057617
2023-02-17,89.50712585449219,38.5466423034668
2023-02-21,87.8896255493164,38.04145431518555
2023-02-22,87.54679870605469,37.80088806152344
2023-02-23,87.75777435302734,38.09758758544922
2023-02-24,86.65895080566406,37.824947357177734
2023-02-27,86.29852294921875,37.31976318359375
2023-02-28,85.53372955322266,37.23155212402344
2023-03-01,85.71833801269531,37.00702667236328
2023-03-02,86.46554565429688,37.25560760498047
2023-03-03,87.2039566040039,37.311737060546875
2023-03-06,87.99512481689453,37.84098434448242
2023-03-07,87.2479248046875,37.3277702331543
2023-03-08,87.68745422363281,37.52824401855469
2023-03-09,86.99298095703125,37.48013687133789
2023-03-10,86.45674133300781,37.375892639160156
2023-03-13,85.59526062011719,37.43201446533203
2023-03-14,85.57767486572266,37.48013687133789
2023-03-15,84.54916381835938,37.584381103515625
2023-03-16,83.85469055175781,37.02305603027344
2023-03-17,83.3272476196289,36.34144973754883
2023-03-20,84.65465545654297,36.94287109375
2023-03-21,84.127197265625,37.047115325927734
2023-03-22,82.2919692993164,36.20513916015625
2023-03-23,80.42107391357422,35.5909309387207
2023-03-24,80.84870910644531,36.00859069824219
2023-03-27,82.49687194824219,36.270652770996094
2023-03-28,83.94902038574219,36.327972412109375
2023-03-29,84.38556671142578,36.459007263183594
2023-03-30,86.0782699584961,36.442630767822266
2023-03-31,86.63954162597656,36.54090118408203
2023-04-03,87.21861267089844,36.835716247558594
2023-04-04,86.89788055419922,36.40168380737305
2023-04-05,87.96695709228516,36.38530349731445
2023-04-06,88.22533416748047,36.38530349731445
2023-04-10,87.81551361083984,36.442630767822266
2023-04-11,87.87787628173828,36.92580032348633
2023-04-12,88.01151275634766,36.7128791809082
2023-04-13,88.86676788330078,36.8275260925293
2023-04-14,88.62622833251953,36.87666320800781
2023-04-17,89.03602600097656,37.21242141723633
2023-04-18,90.27438354492188,37.785682678222656
2023-04-19,90.43473815917969,38.0477409362793
2023-04-20,86.15843963623047,37.662845611572266
2023-04-21,87.10279846191406,37.79387283325195
2023-04-24,87.6195068359375,38.219722747802734
2023-04-25,87.92242431640625,38.481781005859375
2023-04-26,87.48588562011719,38.2360954284668
2023-04-27,88.03823852539062,38.64555740356445
2023-04-28,89.0627670288086,38.907623291015625
2023-05-01,88.5103988647461,39.12873840332031
2023-05-02,86.33662414550781,38.63737487792969
2023-05-03,85.40119171142578,38.105064392089844
2023-05-04,84.0826644897461,37.77749252319336
2023-05-05,85.13391876220703,38.2360954284668
2023-05-08,85.13391876220703,38.17058181762695
2023-05-09,85.21409606933594,38.0313606262207
2023-05-10,84.72410583496094,37.62190246582031
2023-05-11,84.67066192626953,37.40078353881836
2023-05-12,84.74192810058594,37.40078353881836
2023-05-15,84.63501739501953,37.31070327758789
2023-05-16,83.61939239501953,36.92580032348633
2023-05-17,83.28975677490234,37.13053894042969
2023-05-18,82.49687194824219,36.909423828125
2023-05-19,83.02249908447266,37.09777069091797
2023-05-22,82.91558837890625,36.79476547241211
2023-05-23,82.79976654052734,36.79476547241211
2023-05-24,82.2741470336914,36.811153411865234
2023-05-25,80.85762786865234,36.58184051513672
2023-05-26,80.92889404296875,36.53270721435547
2023-05-30,80.36762237548828,36.295223236083984
2023-05-31,80.189453125,36.377105712890625
2023-06-01,80.32308197021484,36.508140563964844
2023-06-02,81.76634216308594,37.122344970703125
2023-06-05,80.22508239746094,36.557273864746094
2023-06-06,81.62379455566406,36.57365036010742
2023-06-07,82.18504333496094,36.933990478515625
2023-06-08,82.11378479003906,37.14691162109375
2023-06-09,82.48795318603516,37.032264709472656
2023-06-12,82.54141998291016,37.286128997802734
2023-06-13,83.12049102783203,37.474491119384766
2023-06-14,82.90668487548828,36.747074127197266
2023-06-15,84.39448547363281,36.9142951965332
2023-06-16,84.53702545166016,36.8474006652832
2023-06-20,84.47465515136719,36.345733642578125
2023-06-21,85.83773040771484,36.747074127197266
2023-06-22,86.38842010498047,36.58820724487305
2023-06-23,86.93914031982422,36.30392837524414
2023-06-26,87.36344146728516,37.00625991821289
2023-06-27,87.1738510131836,37.07315444946289
2023-06-28,86.8488540649414,37.20692825317383
2023-06-29,88.19401550292969,37.59990310668945
2023-06-30,88.13081359863281,37.87582015991211
2023-07-03,88.90721893310547,38.39421081542969
2023-07-05,87.97734069824219,38.44437026977539
2023-07-06,88.0224838256836,38.53635025024414
2023-07-07,88.20304870605469,38.44437026977539
2023-07-10,88.24819946289062,37.58318328857422
2023-07-11,89.01555633544922,38.16009521484375
2023-07-12,89.37667083740234,38.201900482177734
2023-07-13,90.72183990478516,38.10993576049805
2023-07-14,89.82806396484375,38.03468322753906
2023-07-17,89.33153533935547,37.942710876464844
2023-07-18,88.78986358642578,37.95106506347656
2023-07-19,89.16903686523438,37.942710876464844
2023-07-20,88.63639068603516,38.17681884765625
2023-07-21,88.04053497314453,38.126651763916016
2023-07-24,88.13081359863281,38.126651763916016
2023-07-25,87.74261474609375,38.00959777832031
2023-07-26,88.68153381347656,38.09321594238281
2023-07-27,88.99752044677734,38.126651763916016
2023-07-28,90.15309143066406,38.03468322753906
2023-07-31,90.02667999267578,37.97615432739258
2023-08-01,88.6995849609375,37.775482177734375
2023-08-02,88.41973114013672,37.26545715332031
2023-08-03,87.95025634765625,37.039703369140625
2023-08-04,86.85787963867188,36.788883209228516
2023-08-07,87.76066589355469,36.88921356201172
2023-08-08,87.70650482177734,36.989540100097656
2023-08-09,87.6794204711914,36.8641242980957
2023-08-10,87.4266357421875,36.72199249267578
2023-08-11,86.812744140625,36.56312942504883
2023-08-14,86.53288269042969,36.395904541015625
2023-08-15,85.43146514892578,36.01129150390625
2023-08-16,84.85367584228516,35.743743896484375
2023-08-17,84.3210220336914,35.59323501586914
2023-08-18,85.18769836425781,35.87751770019531
2023-08-21,85.16062927246094,35.72701644897461
2023-08-22,84.88978576660156,35.76046371459961
2023-08-23,85.15160369873047,36.0531005859375
2023-08-24,84.93492126464844,36.28721237182617
2023-08-25,85.82870483398438,36.512962341308594
2023-08-28,86.55995178222656,36.7637939453125
2023-08-29,86.89399719238281,36.97281265258789
2023-08-30,87.35441589355469,37.22365188598633
2023-08-31,86.72246551513672,36.97281265258789
2023-09-01,86.37939453125,36.880855560302734
2023-09-05,85.32312774658203,36.8641242980957
2023-09-06,84.4564437866211,36.395904541015625
2023-09-07,84.21269226074219,36.55476760864258
2023-09-08,84.56478118896484,36.85576248168945
2023-09-11,85.3411865234375,37.173484802246094
2023-09-12,85.26895141601562,37.51629638671875
2023-09-13,85.99120330810547,37.41596221923828
2023-09-14,86.94815826416016,37.698055267333984
2023-09-15,86.47870635986328,37.2108039855957
2023-09-18,87.53497314453125,37.05692672729492
2023-09-19,87.8599853515625,36.80902862548828
2023-09-20,88.21207427978516,36.79193115234375
2023-09-21,86.5960693359375,36.68080520629883
2023-09-22,85.7022933959961,36.18500518798828
2023-09-25,84.60992431640625,35.9798469543457
2023-09-26,83.37400817871094,35.81742477416992
2023-09-27,82.6874008178711,35.82596969604492
2023-09-28,85.18667602539062,36.0225830078125
2023-09-29,84.75640106201172,35.94564437866211
2023-10-02,83.68528747558594,35.54388427734375
2023-10-03,82.64160919189453,35.159210205078125
2023-10-04,83.61204528808594,35.603721618652344
2023-10-05,84.20711517333984,35.89435577392578
2023-10-06,84.38105773925781,35.96274948120117
2023-10-09,84.50920867919922,36.50128936767578
2023-10-10,86.1021728515625,36.321781158447266
2023-10-11,85.27824401855469,36.38161849975586
2023-10-12,84.10639953613281,36.108070373535156
2023-10-13,84.46344757080078,36.46709060668945
2023-10-16,85.25077819824219,36.646610260009766
2023-10-17,85.49796295166016,36.9201545715332
2023-10-18,85.33316040039062,36.860321044921875
2023-10-19,83.06273651123047,36.42435836791992
2023-10-20,84.73809814453125,36.50983810424805
2023-10-23,83.23667907714844,36.014034271240234
2023-10-24,83.15428924560547,36.36451721191406
2023-10-25,82.42189025878906,36.6038703918457
2023-10-26,82.1289291381836,33.5606689453125
2023-10-27,80.07823944091797,33.59486770629883
2023-10-30,81.83597564697266,34.406944274902344
2023-10-31,81.62541961669922,34.33856201171875
2023-11-01,81.48809814453125,34.107765197753906
2023-11-02,83.25499725341797,34.7659797668457
2023-11-03,83.7859878540039,34.7659797668457
2023-11-06,83.28246307373047,34.65485382080078
2023-11-07,83.56625366210938,34.62921142578125
2023-11-08,82.57752227783203,34.36421203613281
2023-11-09,82.21133422851562,34.28727722167969
2023-11-10,82.11978912353516,34.210350036621094
2023-11-13,82.39442443847656,34.19324493408203
2023-11-14,82.76062774658203,34.38131332397461
2023-11-15,83.97824096679688,34.83436965942383
2023-11-16,83.56625366210938,34.7916259765625
2023-11-17,84.17964172363281,34.89420700073242
2023-11-20,84.57330322265625,34.91130447387695
2023-11-21,84.95781707763672,34.84291458129883
2023-11-22,85.89160919189453,35.21049880981445
2023-11-24,86.36766815185547,35.44984817504883
2023-11-27,86.1021728515625,35.424198150634766
2023-11-28,86.19374084472656,35.74904251098633
2023-11-29,85.7359848022461,35.69774627685547
2023-11-30,85.47048950195312,35.937103271484375
2023-12-01,86.1021728515625,36.41580581665039
2023-12-04,85.07682800292969,36.330326080322266
2023-12-05,84.71978759765625,36.390159606933594
2023-12-06,83.4014663696289,35.355812072753906
2023-12-07,83.4197769165039,35.321624755859375
2023-12-08,83.5937271118164,35.30452346801758
2023-12-11,85.13174438476562,35.381465911865234
2023-12-12,85.03104400634766,35.355812072753906
2023-12-13,86.422607421875,35.92000961303711
2023-12-14,86.66978454589844,35.99694061279297
2023-12-15,86.47753143310547,35.6891975402832
2023-12-18,86.86203002929688,36.07387924194336
2023-12-19,87.21908569335938,36.279029846191406
2023-12-20,85.38131713867188,35.26399230957031
2023-12-21,86.1609878540039,35.27273941040039
2023-12-22,86.26307678222656,35.316497802734375
2023-12-26,86.5508041381836,35.29899597167969
2023-12-27,87.04273986816406,35.15898895263672
2023-12-28,87.32117462158203,35.15898895263672
2023-12-29,87.32117462158203,35.29899597167969
2024-01-02,88.6948471069336,36.3840446472168
2024-01-03,88.56490325927734,36.226531982421875
2024-01-04,88.78767395019531,36.33153533935547
2024-01-05,88.45353698730469,36.30528259277344
2024-01-08,89.37240600585938,36.67279815673828
2024-01-09,88.72269439697266,36.62904739379883
2024-01-10,87.68315887451172,35.92902374267578
2024-01-11,88.3143081665039,36.40153884887695
2024-01-12,88.42567443847656,36.17403030395508
2024-01-16,87.72029113769531,35.85027313232422
2024-01-17,86.9777603149414,35.649009704589844
2024-01-18,86.4951171875,35.386497497558594
2024-01-19,85.6876220703125,35.29024124145508
2024-01-22,85.78971099853516,35.42150115966797
2024-01-23,85.2049789428711,35.386497497558594
2024-01-24,84.35106658935547,34.94022750854492
2024-01-25,84.6573715209961,35.185237884521484
2024-01-26,84.32322692871094,35.176490783691406
2024-01-29,85.1121597290039,35.46525192260742
2024-01-30,85.16785430908203,35.40399932861328
2024-01-31,84.32322692871094,35.106483459472656
2024-02-01,86.58793640136719,36.50654602050781
2024-02-02,86.30947875976562,36.1915283203125
2024-02-05,85.04718017578125,35.456504821777344
2024-02-06,85.07504272460938,35.52649688720703
2024-02-07,84.87083435058594,35.22898864746094
2024-02-08,82.61540985107422,35.080230712890625
2024-02-09,82.71752166748047,35.09773635864258
2024-02-12,83.53428649902344,35.482749938964844
2024-02-13,82.78247833251953,35.202735900878906
2024-02-14,82.81031799316406,35.35150146484375
2024-02-15,82.58757019042969,35.15023422241211
2024-02-16,83.20943450927734,35.15898895263672
2024-02-20,83.20015716552734,35.22023391723633
2024-02-21,84.06333923339844,35.412750244140625
2024-02-22,84.63880920410156,35.78901672363281
2024-02-23,84.98221588134766,35.99028015136719
2024-02-26,83.92411041259766,35.62275695800781
2024-02-27,83.70134735107422,35.78901672363281
2024-02-28,83.92411041259766,35.86777114868164
2024-02-29,83.49716186523438,35.79776382446289
2024-03-01,83.37649536132812,35.7540168762207
2024-03-04,83.82201385498047,34.76521682739258
2024-03-05,84.06333923339844,34.948978424072266
2024-03-06,84.54598236083984,36.27028274536133
2024-03-07,84.93580627441406,36.357784271240234
2024-03-08,86.0217514038086,36.637794494628906
2024-03-11,87.62747192382812,37.346580505371094
2024-03-12,87.86878967285156,37.670345306396484
2024-03-13,88.47209167480469,37.9328498840332
2024-03-14,87.20051574707031,38.74663543701172
2024-03-15,87.49752044677734,38.387874603271484
2024-03-18,88.48138427734375,38.947898864746094
2024-03-19,88.15652465820312,39.05290222167969
2024-03-20,88.1188735961914,39.192909240722656
2024-03-21,86.76378631591797,39.33292007446289
2024-03-22,85.52159881591797,38.44731521606445
2024-03-25,85.77569580078125,38.697792053222656
2024-03-26,85.05108642578125,38.57255935668945
2024-03-27,86.79200744628906,39.055606842041016
2024-03-28,86.21797943115234,39.01982116699219
2024-04-01,86.04859924316406,38.66201400756836
2024-04-02,86.40619659423828,38.402591705322266
2024-04-03,85.63453674316406,37.678016662597656
2024-04-04,84.78759765625,37.15023422241211
2024-04-05,84.20415496826172,37.25758361816406
2024-04-08,84.99462890625,37.53488540649414
2024-04-09,85.70040893554688,37.66907501220703
2024-04-10,84.43000030517578,37.28441619873047
2024-04-11,84.1571044921875,37.06078338623047
2024-04-12,83.6113052368164,36.72085952758789
2024-04-15,83.37603759765625,36.631404876708984
2024-04-16,84.22298431396484,36.452491760253906
2024-04-17,85.23930358886719,36.765586853027344
2024-04-18,85.82274627685547,36.944488525390625
2024-04-19,88.24120330810547,37.65118408203125
2024-04-22,88.51410675048828,38.08055877685547
2024-04-23,91.90186309814453,38.34891891479492
2024-04-24,93.18165588378906,38.39365005493164
2024-04-25,90.4244155883789,38.948265075683594
2024-04-26,89.41751098632812,38.805137634277344
2024-04-29,89.96331024169922,39.198726654052734
2024-04-30,89.34223175048828,39.18979263305664
2024-05-01,90.38677978515625,39.198726654052734
2024-05-02,91.57249450683594,39.341861724853516
2024-05-03,91.65718078613281,38.99298858642578
2024-05-06,91.70423126220703,38.903533935546875
2024-05-07,91.7795181274414,39.22557067871094
2024-05-08,92.45706176757812,39.619163513183594
2024-05-09,93.59571838378906,39.994876861572266
2024-05-10,93.78394317626953,40.16484069824219
2024-05-13,93.43574523925781,40.29007339477539
2024-05-14,93.95331573486328,40.701560974121094
2024-05-15,94.64026641845703,41.014644622802734
2024-05-16,94.7249755859375,41.10410690307617
2024-05-17,93.94390106201172,41.220394134521484
2024-05-20,93.7180404663086,41.05937957763672
2024-05-21,94.32032775878906,41.44403076171875
2024-05-22,95.11079406738281,41.435081481933594
2024-05-23,93.77452850341797,40.8267936706543
2024-05-24,94.03801727294922,40.69261932373047
2024-05-28,94.15093231201172,40.68366622924805
2024-05-29,93.72745513916016,40.38847351074219
2024-05-30,93.54866790771484,40.647884368896484
2024-05-31,95.40251159667969,41.37246322631836
2024-06-03,96.88935852050781,41.64082717895508
2024-06-04,97.67042541503906,41.891300201416016
2024-06-05,97.93391418457031,41.748172760009766
2024-06-06,98.0938949584961,41.766056060791016
2024-06-07,97.50102996826172,41.77500534057617
2024-06-10,97.56690979003906,41.587154388427734
2024-06-11,97.69865417480469,41.50664520263672
2024-06-12,96.59764099121094,41.03254318237305
2024-06-13,95.9671401977539,40.92519760131836
2024-06-14,96.17416381835938,40.51384353637695
2024-06-17,96.03301239013672,40.8612060546875
2024-06-18,95.2707748413086,40.95261764526367
2024-06-20,95.23312377929688,41.52851486206055
2024-06-21,95.25220489501953,41.811893463134766
2024-06-24,97.1111068725586,42.46091842651367
2024-06-25,97.2731704711914,42.43349075317383
2024-06-26,97.1968994140625,42.3786506652832
2024-06-27,96.82511138916016,41.55593490600586
2024-06-28,96.59632873535156,41.638206481933594
2024-07-01,96.52006530761719,42.076988220214844
2024-07-02,96.89185333251953,42.09526824951172
2024-07-03,96.68212127685547,42.00385665893555
2024-07-05,97.34943389892578,42.14097595214844
2024-07-08,97.7974624633789,42.067848205566406
2024-07-09,96.92044830322266,42.689453125
2024-07-10,97.95952606201172,42.89970016479492
2024-07-11,100.09488677978516,43.03681564331055
2024-07-12,101.00050354003906,43.6309928894043
2024-07-15,100.16161346435547,43.62185287475586
2024-07-16,101.14350128173828,43.90523147583008
2024-07-17,103.25025939941406,45.148433685302734
2024-07-18,102.4399642944336,45.093589782714844
2024-07-19,102.1158447265625,45.20328140258789
2024-07-22,102.211181640625,45.1575813293457
2024-07-23,104.44184875488281,44.90161895751953
2024-07-24,106.23403930664062,45.17584991455078
2024-07-25,107.91181945800781,45.523223876953125
2024-07-26,108.06434631347656,46.099117279052734
2024-07-29,109.05575561523438,46.19053268432617
2024-07-30,109.34173583984375,46.20881271362305
2024-07-31,109.7802505493164,44.80106735229492
2024-08-01,111.97280883789062,45.724334716796875
2024-08-02,112.31599426269531,46.68415832519531
2024-08-05,108.25499725341797,45.11186981201172
2024-08-06,108.86509704589844,45.23070526123047
2024-08-07,110.33316040039062,45.73347091674805
2024-08-08,110.85746765136719,46.11740493774414
2024-08-09,110.59053802490234,46.099117279052734
2024-08-12,110.66680908203125,45.98942947387695
2024-08-13,112.40180206298828,46.72071838378906
2024-08-14,111.72494506835938,46.793853759765625
2024-08-15,112.38272094726562,46.38249969482422
2024-08-16,112.54478454589844,46.912689208984375
2024-08-19,112.91656494140625,46.912689208984375
2024-08-20,113.42180633544922,47.02238082885742
2024-08-21,114.39414978027344,47.36061096191406
2024-08-22,114.4894790649414,47.37888717651367
2024-08-23,114.53714752197266,47.93650436401367
2024-08-26,115.58576202392578,48.18331527709961
2024-08-27,116.69156646728516,48.457550048828125
2024-08-28,116.8440933227539,48.64951705932617
2024-08-29,116.82503509521484,48.777496337890625
2024-08-30,117.53045654296875,49.15228271484375
2024-09-03,119.83740997314453,49.42652130126953
2024-09-04,120.69535827636719,50.011558532714844
2024-09-05,119.33216094970703,49.609344482421875
2024-09-06,119.93273162841797,49.07915115356445
2024-09-09,121.49612426757812,49.48136901855469
2024-09-10,120.82882690429688,49.43566131591797
2024-09-11,119.40843200683594,48.60380935668945
2024-09-12,118.8269271850586,48.11932373046875
2024-09-13,119.7516098022461,48.41184616088867
2024-09-16,120.08525848388672,48.188148498535156
2024-09-17,117.47325897216797,47.069664001464844
2024-09-18,115.30931091308594,47.19083023071289
2024-09-19,114.14630126953125,46.81800079345703
2024-09-20,115.14724731445312,46.96713638305664
2024-09-23,115.43323516845703,47.55434036254883
2024-09-24,115.54762268066406,47.712791442871094
2024-09-25,116.00521087646484,47.57298278808594
2024-09-26,116.49683380126953,47.61958694458008
2024-09-27,116.27511596679688,47.58230209350586
2024-09-30,117.02701568603516,47.57298278808594
2024-10-01,116.2461929321289,47.47045135498047
2024-10-02,115.29185485839844,47.15354919433594
2024-10-03,114.11579895019531,46.584983825683594
2024-10-04,114.80986785888672,46.69683074951172
2024-10-07,114.62671661376953,46.529056549072266
2024-10-08,114.52067565917969,46.18418884277344
2024-10-09,115.85096740722656,46.81800079345703
2024-10-10,115.08941650390625,46.305362701416016
2024-10-11,115.77384948730469,46.45449447631836
2024-10-14,115.75456237792969,46.4731330871582
2024-10-15,116.08232116699219,46.51041793823242
2024-10-16,116.53539276123047,46.75275421142578
2024-10-17,115.8124008178711,46.361289978027344
2024-10-18,115.8798828125,46.240116119384766
2024-10-21,114.6749038696289,45.72747802734375
2024-10-22,126.67646026611328,46.659549713134766
2024-10-23,126.67646026611328,46.41720962524414
2024-10-24,128.01638793945312,46.54770278930664
2024-10-25,125.18228149414062,46.33332061767578
2024-10-28,125.79922485351562,46.836647033691406
2024-10-29,126.8306884765625,46.5570182800293
2024-10-30,127.35124206542969,47.069664001464844
2024-10-31,127.91998291015625,50.76066970825195
2024-11-01,125.9438247680664,50.21074295043945
2024-11-04,125.63534545898438,50.22006607055664
2024-11-05,127.42835235595703,50.50900650024414
2024-11-06,120.79618072509766,50.60221862792969
2024-11-07,119.32128143310547,49.90316390991211
2024-11-08,121.69268035888672,50.378517150878906
2024-11-11,120.44913482666016,50.266666412353516
2024-11-12,119.74543762207031,50.74202346801758
2024-11-13,120.72869110107422,51.497005462646484
2024-11-14,123.58206939697266,51.62749481201172
2024-11-15,123.95802307128906,52.13081741333008
2024-11-18,126.97528076171875,52.51296615600586
2024-11-19,124.8738021850586,52.06557083129883
2024-11-20,125.69319152832031,52.17742156982422
2024-11-21,126.48365783691406,52.224021911621094
2024-11-22,125.30760192871094,52.87647247314453
2024-11-25,126.00166320800781,52.89511489868164
2024-11-26,127.51509857177734,53.67805862426758
2024-11-27,127.07169342041016,53.73398208618164
2024-11-29,128.2670135498047,53.817867279052734
2024-12-02,126.30049896240234,53.29590606689453
2024-12-03,125.0184097290039,53.03492736816406
2024-12-04,125.77993774414062,52.6154899597168
2024-12-05,127.7175521850586,53.044246673583984
2024-12-06,125.85706329345703,53.426395416259766
2024-12-09,124.0737075805664,52.06557083129883
2024-12-10,124.333984375,51.720706939697266
2024-12-11,122.25178527832031,50.975040435791016
2024-12-12,122.42529296875,51.25466537475586
2024-12-13,122.05899810791016,51.189422607421875
2024-12-16,121.40348815917969,50.98436737060547
2024-12-17,121.49988555908203,50.45308303833008
2024-12-18,120.06355285644531,49.63286209106445
2024-12-19,117.76927947998047,49.39052200317383
2024-12-20,119.74543762207031,50.18278121948242
2024-12-23,119.32128143310547,49.94044876098633
2024-12-24,118.48262023925781,49.837921142578125
2024-12-26,118.62882995605469,49.980445861816406
2024-12-27,118.37540435791016,49.771400451660156
2024-12-30,116.97187042236328,49.48634719848633
2024-12-31,117.30326080322266,49.68588638305664
