Date,CSCO
2018-01-02,30.596412658691406
2018-01-03,30.840482711791992
2018-01-04,30.92774200439453
2018-01-05,31.35607147216797
2018-01-08,31.681306838989258
2018-01-09,31.482994079589844
2018-01-10,31.657503128051758
2018-01-11,31.808210372924805
2018-01-12,32.41899490356445
2018-01-16,32.15723419189453
2018-01-17,32.68075942993164
2018-01-18,32.76008605957031
2018-01-19,32.75215148925781
2018-01-22,33.04563522338867
2018-01-23,33.39464569091797
2018-01-24,33.450191497802734
2018-01-25,33.23601150512695
2018-01-26,33.75953674316406
2018-01-29,33.98957061767578
2018-01-30,33.51363754272461
2018-01-31,32.95045852661133
2018-02-01,33.07736587524414
2018-02-02,32.46659469604492
2018-02-05,30.76116180419922
2018-02-06,31.863740921020508
2018-02-07,31.99858283996582
2018-02-08,30.753232955932617
2018-02-09,31.35607147216797
2018-02-12,32.204830169677734
2018-02-13,32.704559326171875
2018-02-14,33.3867301940918
2018-02-15,34.965240478515625
2018-02-16,35.16353988647461
2018-02-20,34.949378967285156
2018-02-21,34.354469299316406
2018-02-22,34.060970306396484
2018-02-23,34.901771545410156
2018-02-26,35.980567932128906
2018-02-27,35.72673034667969
2018-02-28,35.5204963684082
2018-03-01,34.743125915527344
2018-03-02,34.949378967285156
2018-03-05,35.31425094604492
2018-03-06,35.1318244934082
2018-03-07,35.0604248046875
2018-03-08,35.171485900878906
2018-03-09,35.988494873046875
2018-03-12,36.13127899169922
2018-03-13,35.82191848754883
2018-03-14,35.91709518432617
2018-03-15,35.95677185058594
2018-03-16,35.70294189453125
2018-03-19,35.115962982177734
2018-03-20,35.19527816772461
2018-03-21,35.147674560546875
2018-03-22,34.16407775878906
2018-03-23,33.64849090576172
2018-03-26,34.949378967285156
2018-03-27,33.85472869873047
2018-03-28,33.04563522338867
2018-03-29,34.02131271362305
2018-04-02,32.53004455566406
2018-04-03,32.82354736328125
2018-04-04,32.9434814453125
2018-04-05,33.43922424316406
2018-04-06,32.56766891479492
2018-04-09,32.919490814208984
2018-04-10,33.99094772338867
2018-04-11,33.92698669433594
2018-04-12,34.65462112426758
2018-04-13,34.38275146484375
2018-04-16,34.62263488769531
2018-04-17,35.65412902832031
2018-04-18,35.68610382080078
2018-04-19,35.63013458251953
2018-04-20,35.25432205200195
2018-04-23,35.38226318359375
2018-04-24,34.97446060180664
2018-04-25,34.950477600097656
2018-04-26,35.35026931762695
2018-04-27,35.75008010864258
2018-04-30,35.414249420166016
2018-05-01,35.84602737426758
2018-05-02,35.070411682128906
2018-05-03,35.5341682434082
2018-05-04,36.22183609008789
2018-05-07,36.565673828125
2018-05-08,36.5496711730957
2018-05-09,36.813541412353516
2018-05-10,37.02143478393555
2018-05-11,36.72557830810547
2018-05-14,36.54167556762695
2018-05-15,36.36576461791992
2018-05-16,36.109886169433594
2018-05-17,34.75056838989258
2018-05-18,34.55067825317383
2018-05-21,34.982460021972656
2018-05-22,34.902496337890625
2018-05-23,34.92647933959961
2018-05-24,34.838531494140625
2018-05-25,34.59065246582031
2018-05-29,34.35877990722656
2018-05-30,34.262813568115234
2018-05-31,34.150875091552734
2018-06-01,34.91048812866211
2018-06-04,34.846519470214844
2018-06-05,34.91849136352539
2018-06-06,35.39025115966797
2018-06-07,34.902496337890625
2018-06-08,34.76655960083008
2018-06-11,34.934486389160156
2018-06-12,35.134376525878906
2018-06-13,35.19035720825195
2018-06-14,35.73407745361328
2018-06-15,35.38226318359375
2018-06-18,35.35026931762695
2018-06-19,35.03842544555664
2018-06-20,34.97446060180664
2018-06-21,34.51069259643555
2018-06-22,34.54267883300781
2018-06-25,33.815040588378906
2018-06-26,34.02294158935547
2018-06-27,33.847023010253906
2018-06-28,34.33478546142578
2018-06-29,34.40673828125
2018-07-02,34.230838775634766
2018-07-03,34.118892669677734
2018-07-05,34.296165466308594
2018-07-06,34.417049407958984
2018-07-09,34.38481521606445
2018-07-10,34.53791809082031
2018-07-11,34.30423355102539
2018-07-12,35.11812210083008
2018-07-13,33.667625427246094
2018-07-16,34.24781799316406
2018-07-17,34.118892669677734
2018-07-18,34.01411819458008
2018-07-19,34.167236328125
2018-07-20,33.852962493896484
2018-07-23,33.89326095581055
2018-07-24,34.1591796875
2018-07-25,34.779666900634766
2018-07-26,35.077816009521484
2018-07-27,34.30423355102539
2018-07-30,33.981895446777344
2018-07-31,34.07859802246094
2018-08-01,33.73208236694336
2018-08-02,34.27199172973633
2018-08-03,34.51374435424805
2018-08-06,34.89248275756836
2018-08-07,35.11812210083008
2018-08-08,35.32762908935547
2018-08-09,35.27928924560547
2018-08-10,35.27928924560547
2018-08-13,35.25511169433594
2018-08-14,35.456573486328125
2018-08-15,35.343753814697266
2018-08-16,36.39132308959961
2018-08-17,36.963470458984375
2018-08-20,37.245513916015625
2018-08-21,36.890953063964844
2018-08-22,37.0601806640625
2018-08-23,37.0843505859375
2018-08-24,37.32609939575195
2018-08-27,37.54366683959961
2018-08-28,37.833763122558594
2018-08-29,38.2608528137207
2018-08-30,37.99494552612305
2018-08-31,38.49455261230469
2018-09-04,38.46232223510742
2018-09-05,38.091636657714844
2018-09-06,38.09969711303711
2018-09-07,37.91435623168945
2018-09-10,37.93046951293945
2018-09-11,37.89823532104492
2018-09-12,37.78542709350586
2018-09-13,38.06745910644531
2018-09-14,38.19639587402344
2018-09-17,37.962703704833984
2018-09-18,38.244747161865234
2018-09-19,38.09969711303711
2018-09-20,38.46232223510742
2018-09-21,39.13115692138672
2018-09-24,39.034461975097656
2018-09-25,39.05864334106445
2018-09-26,39.010276794433594
2018-09-27,38.94581985473633
2018-09-28,39.203678131103516
2018-10-01,39.38096237182617
2018-10-02,39.493778228759766
2018-10-03,39.598541259765625
2018-10-04,39.249691009521484
2018-10-05,39.04688262939453
2018-10-08,38.5519905090332
2018-10-09,38.527652740478516
2018-10-10,37.0186653137207
2018-10-11,35.79364013671875
2018-10-12,37.08357620239258
2018-10-15,36.23984909057617
2018-10-16,37.172813415527344
2018-10-17,37.270172119140625
2018-10-18,36.88075637817383
2018-10-19,36.78340148925781
2018-10-22,37.124149322509766
2018-10-23,36.848297119140625
2018-10-24,35.75308609008789
2018-10-25,36.88887023925781
2018-10-26,35.89910125732422
2018-10-29,35.56648254394531
2018-10-30,36.16682434082031
2018-10-31,37.11603546142578
2018-11-01,37.034889221191406
2018-11-02,36.8969841003418
2018-11-05,37.43242263793945
2018-11-06,37.72447967529297
2018-11-07,38.86027145385742
2018-11-08,39.29836654663086
2018-11-09,38.219364166259766
2018-11-12,37.01055908203125
2018-11-13,36.60491943359375
2018-11-14,35.96400833129883
2018-11-15,37.94353103637695
2018-11-16,37.6027946472168
2018-11-19,37.11603546142578
2018-11-20,36.09382247924805
2018-11-21,36.418331146240234
2018-11-23,36.13438034057617
2018-11-26,36.96998977661133
2018-11-27,37.416202545166016
2018-11-28,38.36540603637695
2018-11-29,38.40595626831055
2018-11-30,38.835941314697266
2018-12-03,39.54175567626953
2018-12-04,38.414085388183594
2018-12-06,39.2578125
2018-12-07,37.675804138183594
2018-12-10,38.016544342041016
2018-12-11,38.2031364440918
2018-12-12,38.47086715698242
2018-12-13,38.51142883300781
2018-12-14,37.172813415527344
2018-12-17,35.85854721069336
2018-12-18,35.744964599609375
2018-12-19,34.99857711791992
2018-12-20,34.47126007080078
2018-12-21,33.9520378112793
2018-12-24,32.67832946777344
2018-12-26,34.45502471923828
2018-12-27,34.81200408935547
2018-12-28,34.69841003417969
2018-12-31,35.152740478515625
2019-01-02,34.84444808959961
2019-01-03,33.57722473144531
2019-01-04,35.08971405029297
2019-01-07,35.32680892944336
2019-01-08,35.612953186035156
2019-01-09,35.41673278808594
2019-01-10,35.35132598876953
2019-01-11,35.555728912353516
2019-01-14,35.32680892944336
2019-01-15,35.989036560058594
2019-01-16,35.93997573852539
2019-01-17,36.14436340332031
2019-01-18,36.814762115478516
2019-01-22,36.610374450683594
2019-01-23,37.166316986083984
2019-01-24,37.288944244384766
2019-01-25,37.714088439941406
2019-01-28,37.40341567993164
2019-01-29,37.575103759765625
2019-01-30,38.18827438354492
2019-01-31,38.6624641418457
2019-02-01,38.70332717895508
2019-02-04,38.71151351928711
2019-02-05,38.6379280090332
2019-02-06,38.81778335571289
2019-02-07,38.18010711669922
2019-02-08,38.5806999206543
2019-02-11,38.89955139160156
2019-02-12,39.152992248535156
2019-02-13,38.834136962890625
2019-02-14,39.569950103759766
2019-02-15,40.41203689575195
2019-02-19,40.5919075012207
2019-02-20,40.5755500793457
2019-02-21,40.39567947387695
2019-02-22,40.96799087524414
2019-02-25,41.5239143371582
2019-02-26,41.84276580810547
2019-02-27,42.17796325683594
2019-02-28,42.32512664794922
2019-03-01,42.03080368041992
2019-03-04,41.82640838623047
2019-03-05,41.94086837768555
2019-03-06,42.24337387084961
2019-03-07,41.93268585205078
2019-03-08,41.7528190612793
2019-03-11,42.44776916503906
2019-03-12,42.635799407958984
2019-03-13,42.995521545410156
2019-03-14,43.1181526184082
2019-03-15,43.49423599243164
2019-03-18,43.7476806640625
2019-03-19,43.58417510986328
2019-03-20,43.54329299926758
2019-03-21,44.099239349365234
2019-03-22,43.1181526184082
2019-03-25,43.109981536865234
2019-03-26,43.51877212524414
2019-03-27,43.44518280029297
2019-03-28,43.62505340576172
2019-03-29,44.140113830566406
2019-04-01,44.949501037597656
2019-04-02,45.202945709228516
2019-04-03,45.48091506958008
2019-04-04,45.365726470947266
2019-04-05,45.423316955566406
2019-04-08,45.653682708740234
2019-04-09,45.39863967895508
2019-04-10,45.925193786621094
2019-04-11,45.74418258666992
2019-04-12,46.31187057495117
2019-04-15,46.534019470214844
2019-04-16,46.85487365722656
2019-04-17,46.328330993652344
2019-04-18,46.40237808227539
2019-04-22,46.35300827026367
2019-04-23,46.640960693359375
2019-04-24,46.79729461669922
2019-04-25,46.344783782958984
2019-04-26,45.97455596923828
2019-04-29,46.18023681640625
2019-04-30,46.03213882446289
2019-05-01,45.72773742675781
2019-05-02,45.20117950439453
2019-05-03,45.20117950439453
2019-05-06,44.9132194519043
2019-05-07,43.97530746459961
2019-05-08,43.99175262451172
2019-05-09,43.539249420166016
2019-05-10,43.9012451171875
2019-05-13,42.206417083740234
2019-05-14,42.798789978027344
2019-05-15,43.14433288574219
2019-05-16,46.01568603515625
2019-05-17,46.36123275756836
2019-05-20,46.081520080566406
2019-05-21,46.5011100769043
2019-05-22,45.818233489990234
2019-05-23,44.584129333496094
2019-05-24,44.73222351074219
2019-05-28,44.37022018432617
2019-05-29,43.7531623840332
2019-05-30,44.07402801513672
2019-05-31,42.8070182800293
2019-06-03,42.60133361816406
2019-06-04,43.7943115234375
2019-06-05,45.044864654541016
2019-06-06,45.33281707763672
2019-06-07,46.01568603515625
2019-06-10,46.4188232421875
2019-06-11,46.98651885986328
2019-06-12,45.95810317993164
2019-06-13,46.21314239501953
2019-06-14,45.044864654541016
2019-06-17,45.57963562011719
2019-06-18,46.11442184448242
2019-06-19,46.18023681640625
2019-06-20,47.233341217041016
2019-06-21,46.92069625854492
2019-06-24,47.044105529785156
2019-06-25,46.139102935791016
2019-06-26,46.566925048828125
2019-06-27,45.851139068603516
2019-06-28,45.02840805053711
2019-07-01,45.03664016723633
2019-07-02,45.91696548461914
2019-07-03,46.76144790649414
2019-07-05,46.860809326171875
2019-07-08,46.5213508605957
2019-07-09,46.645538330078125
2019-07-10,47.29961013793945
2019-07-11,47.44035720825195
2019-07-12,47.978519439697266
2019-07-15,48.06129455566406
2019-07-16,47.705291748046875
2019-07-17,47.3658447265625
2019-07-18,47.80464553833008
2019-07-19,47.49003601074219
2019-07-22,47.796363830566406
2019-07-23,47.779808044433594
2019-07-24,47.38239288330078
2019-07-25,46.877357482910156
2019-07-26,46.802852630615234
2019-07-29,47.13401794433594
2019-07-30,46.753177642822266
2019-07-31,45.867286682128906
2019-08-01,45.8589973449707
2019-08-02,44.087249755859375
2019-08-05,42.530731201171875
2019-08-06,43.5490837097168
2019-08-07,43.333831787109375
2019-08-08,44.01272201538086
2019-08-09,43.40834045410156
2019-08-12,42.67148971557617
2019-08-13,43.64844512939453
2019-08-14,41.90150451660156
2019-08-15,38.291725158691406
2019-08-16,38.87956619262695
2019-08-19,40.15457534790039
2019-08-20,39.68265914916992
2019-08-21,40.378108978271484
2019-08-22,39.8896484375
2019-08-23,38.58979034423828
2019-08-26,38.99546432495117
2019-08-27,38.73881149291992
2019-08-28,38.805057525634766
2019-08-29,39.1362190246582
2019-08-30,38.755367279052734
2019-09-03,38.498714447021484
2019-09-04,39.17761993408203
2019-09-05,40.088340759277344
2019-09-06,40.436073303222656
2019-09-09,40.22080612182617
2019-09-10,40.742408752441406
2019-09-11,41.42130661010742
2019-09-12,41.33851623535156
2019-09-13,41.42130661010742
2019-09-16,41.36334228515625
2019-09-17,40.90798568725586
2019-09-18,40.850032806396484
2019-09-19,40.72584533691406
2019-09-20,41.065303802490234
2019-09-23,40.91627883911133
2019-09-24,40.66789245605469
2019-09-25,41.073570251464844
2019-09-26,40.427799224853516
2019-09-27,40.436073303222656
2019-09-30,40.90798568725586
2019-10-01,39.52534484863281
2019-10-02,38.548397064208984
2019-10-03,39.257469177246094
2019-10-04,39.641197204589844
2019-10-07,39.84973907470703
2019-10-08,38.69854736328125
2019-10-09,39.07394027709961
2019-10-10,38.49833297729492
2019-10-11,38.840362548828125
2019-10-14,38.414920806884766
2019-10-15,38.67352294921875
2019-10-16,39.0322265625
2019-10-17,39.232425689697266
2019-10-18,38.965492248535156
2019-10-21,39.53274917602539
2019-10-22,39.66621780395508
2019-10-23,39.249114990234375
2019-10-24,38.7152214050293
2019-10-25,39.12399673461914
2019-10-28,39.349220275878906
2019-10-29,39.40761947631836
2019-10-30,39.674564361572266
2019-10-31,39.632850646972656
2019-11-01,39.232425689697266
2019-11-04,39.60782241821289
2019-11-05,39.841400146484375
2019-11-06,40.26683807373047
2019-11-07,40.3919792175293
2019-11-08,40.7339973449707
2019-11-11,40.125038146972656
2019-11-12,40.35026168823242
2019-11-13,40.42533874511719
2019-11-14,37.46392822265625
2019-11-15,37.61408615112305
2019-11-18,37.66413879394531
2019-11-19,37.93108367919922
2019-11-20,37.60574722290039
2019-11-21,37.40553665161133
2019-11-22,37.41388702392578
2019-11-25,37.91440200805664
2019-11-26,37.797611236572266
2019-11-27,37.73922348022461
2019-11-29,37.797611236572266
2019-12-02,37.28874969482422
2019-12-03,36.938385009765625
2019-12-04,36.61305236816406
2019-12-05,36.30440139770508
2019-12-06,36.57133483886719
2019-12-09,36.62138748168945
2019-12-10,36.78822708129883
2019-12-11,36.938385009765625
2019-12-12,38.09791946411133
2019-12-13,37.789268493652344
2019-12-16,38.35651779174805
2019-12-17,38.7402458190918
2019-12-18,38.90709686279297
2019-12-19,39.94151306152344
2019-12-20,39.58280563354492
2019-12-23,40.125038146972656
2019-12-24,39.85808563232422
2019-12-26,39.916473388671875
2019-12-27,39.84973907470703
2019-12-30,39.6995964050293
2019-12-31,40.00823974609375
2020-01-02,40.68891143798828
2020-01-03,40.02505111694336
2020-01-06,40.16790771484375
2020-01-07,39.90739822387695
2020-01-08,39.932613372802734
2020-01-09,39.76454162597656
2020-01-10,39.60488510131836
2020-01-13,40.31075668334961
2020-01-14,40.15950012207031
2020-01-15,40.3443717956543
2020-01-16,41.218318939208984
2020-01-17,41.193111419677734
2020-01-21,41.00823974609375
2020-01-22,41.23512649536133
2020-01-23,41.17629623413086
2020-01-24,41.050254821777344
2020-01-27,39.89060592651367
2020-01-28,40.1426887512207
2020-01-29,39.53765106201172
2020-01-30,39.697322845458984
2020-01-31,38.630096435546875
2020-02-03,39.100685119628906
2020-02-04,40.01664733886719
2020-02-05,40.71411895751953
2020-02-06,40.915802001953125
2020-02-07,40.31075668334961
2020-02-10,41.06706237792969
2020-02-11,41.285545349121094
2020-02-12,41.95780563354492
2020-02-13,39.76454162597656
2020-02-14,39.470428466796875
2020-02-18,39.15110397338867
2020-02-19,38.89900588989258
2020-02-20,39.36959457397461
2020-02-21,38.907405853271484
2020-02-24,36.974639892578125
2020-02-25,35.91582107543945
2020-02-26,35.42842483520508
2020-02-27,33.64691925048828
2020-02-28,33.55448913574219
2020-03-02,34.596492767333984
2020-03-03,33.64691925048828
2020-03-04,34.781368255615234
2020-03-05,33.25196838378906
2020-03-06,33.34440231323242
2020-03-09,31.899030685424805
2020-03-10,33.680538177490234
2020-03-11,31.134328842163086
2020-03-12,27.8990478515625
2020-03-13,31.63011932373047
2020-03-16,28.327611923217773
2020-03-17,29.831809997558594
2020-03-18,31.193151473999023
2020-03-19,31.688941955566406
2020-03-20,29.915847778320312
2020-03-23,29.07550621032715
2020-03-24,32.43683624267578
2020-03-25,31.655336380004883
2020-03-26,34.10070037841797
2020-03-27,32.621707916259766
2020-03-30,33.8822135925293
2020-03-31,33.033477783203125
2020-04-01,32.209957122802734
2020-04-02,33.76234436035156
2020-04-03,33.13460159301758
2020-04-06,35.145076751708984
2020-04-07,34.474918365478516
2020-04-08,35.40804672241211
2020-04-09,34.94996643066406
2020-04-13,34.9669189453125
2020-04-14,36.290283203125
2020-04-15,35.22142028808594
2020-04-16,35.2044563293457
2020-04-17,36.035789489746094
2020-04-20,36.08668518066406
2020-04-21,34.398563385009766
2020-04-22,35.425018310546875
2020-04-23,35.306243896484375
2020-04-24,36.06973648071289
2020-04-27,36.52779769897461
2020-04-28,36.04426574707031
2020-04-29,36.765316009521484
2020-04-30,35.95096969604492
2020-05-01,34.71244430541992
2020-05-04,35.07721710205078
2020-05-05,35.1705207824707
2020-05-06,34.90755844116211
2020-05-07,35.094173431396484
2020-05-08,36.468421936035156
2020-05-11,36.74835968017578
2020-05-12,36.66352844238281
2020-05-13,35.58618927001953
2020-05-14,37.197959899902344
2020-05-15,37.55424880981445
2020-05-18,38.224403381347656
2020-05-19,37.84267044067383
2020-05-20,38.546756744384766
2020-05-21,37.86812210083008
2020-05-22,38.08867263793945
2020-05-26,38.03777313232422
2020-05-27,38.98786926269531
2020-05-28,38.68247604370117
2020-05-29,40.56570816040039
2020-06-01,39.27629470825195
2020-06-02,39.776790618896484
2020-06-03,39.81920623779297
2020-06-04,39.7513427734375
2020-06-05,40.57418441772461
2020-06-08,40.828697204589844
2020-06-09,40.76082229614258
2020-06-10,40.22638702392578
2020-06-11,37.04526901245117
2020-06-12,38.23288345336914
2020-06-15,38.47040557861328
2020-06-16,39.42898178100586
2020-06-17,39.166011810302734
2020-06-18,38.87759780883789
2020-06-19,38.44496154785156
2020-06-22,38.309234619140625
2020-06-23,38.57220458984375
2020-06-24,37.961429595947266
2020-06-25,38.36013412475586
2020-06-26,39.2847785949707
2020-06-29,39.1490478515625
2020-06-30,39.56471633911133
2020-07-01,39.07271194458008
2020-07-02,39.01285171508789
2020-07-06,39.688289642333984
2020-07-07,39.01285171508789
2020-07-08,39.166748046875
2020-07-09,39.92769241333008
2020-07-10,39.893489837646484
2020-07-13,39.26934814453125
2020-07-14,39.551490783691406
2020-07-15,39.67119216918945
2020-07-16,39.1411018371582
2020-07-17,39.970436096191406
2020-07-20,40.15852737426758
2020-07-21,40.20127868652344
2020-07-22,40.09867858886719
2020-07-23,40.53471755981445
2020-07-24,39.67119216918945
2020-07-27,40.34661865234375
2020-07-28,39.56858825683594
2020-07-29,39.93622970581055
2020-07-30,39.70539093017578
2020-07-31,40.269683837890625
2020-08-03,40.320980072021484
2020-08-04,40.757015228271484
2020-08-05,40.46632766723633
2020-08-06,40.84251403808594
2020-08-07,40.551815032958984
2020-08-10,40.80832290649414
2020-08-11,40.34661865234375
2020-08-12,41.124664306640625
2020-08-13,36.52486038208008
2020-08-14,36.336753845214844
2020-08-17,35.98622512817383
2020-08-18,35.89216995239258
2020-08-19,35.79812240600586
2020-08-20,36.17431640625
2020-08-21,36.123008728027344
2020-08-24,36.06316375732422
2020-08-25,35.87506103515625
2020-08-26,36.123008728027344
2020-08-27,36.157203674316406
2020-08-28,36.080265045166016
2020-08-31,36.09737014770508
2020-09-01,35.93490219116211
2020-09-02,36.26836395263672
2020-09-03,35.011539459228516
2020-09-04,34.900394439697266
2020-09-08,34.19930648803711
2020-09-09,34.31045150756836
2020-09-10,33.831661224365234
2020-09-11,34.09670639038086
2020-09-14,34.51564407348633
2020-09-15,34.7122917175293
2020-09-16,34.558387756347656
2020-09-17,34.51564407348633
2020-09-18,34.03685760498047
2020-09-21,33.37851333618164
2020-09-22,33.617916107177734
2020-09-23,32.728729248046875
2020-09-24,32.3610954284668
2020-09-25,32.87408447265625
2020-09-28,33.455474853515625
2020-09-29,33.3956184387207
2020-09-30,33.677757263183594
2020-10-01,33.47930145263672
2020-10-02,33.021976470947266
2020-10-05,33.28084182739258
2020-10-06,33.28084182739258
2020-10-07,33.99702453613281
2020-10-08,34.33354187011719
2020-10-09,34.385311126708984
2020-10-12,34.825374603271484
2020-10-13,34.350799560546875
2020-10-14,34.41982650756836
2020-10-15,34.488853454589844
2020-10-16,34.65280532836914
2020-10-19,33.91073226928711
2020-10-20,33.8244514465332
2020-10-21,33.703636169433594
2020-10-22,33.49656295776367
2020-10-23,33.49656295776367
2020-10-26,32.50426483154297
2020-10-27,31.8139591217041
2020-10-28,30.813034057617188
2020-10-29,30.795780181884766
2020-10-30,30.976985931396484
2020-11-02,30.976985931396484
2020-11-03,31.650020599365234
2020-11-04,31.555112838745117
2020-11-05,32.124595642089844
2020-11-06,32.383453369140625
2020-11-09,32.961578369140625
2020-11-10,33.41027069091797
2020-11-11,33.936622619628906
2020-11-12,33.36712646484375
2020-11-13,35.72276306152344
2020-11-16,36.70642852783203
2020-11-17,36.136940002441406
2020-11-18,35.65373992919922
2020-11-19,35.5243034362793
2020-11-20,35.35172653198242
2020-11-23,35.92985153198242
2020-11-24,36.7668342590332
2020-11-25,36.671913146972656
2020-11-27,36.844486236572266
2020-11-30,37.12059783935547
2020-12-01,37.56930160522461
2020-12-02,37.871307373046875
2020-12-03,38.061134338378906
2020-12-04,38.29410934448242
2020-12-07,38.26822280883789
2020-12-08,38.28548049926758
2020-12-09,38.56160354614258
2020-12-10,38.242332458496094
2020-12-11,38.242332458496094
2020-12-14,38.173309326171875
2020-12-15,38.58748245239258
2020-12-16,38.58748245239258
2020-12-17,38.67375946044922
2020-12-18,39.2087516784668
2020-12-21,38.72554016113281
2020-12-22,38.56160354614258
2020-12-23,38.29410934448242
2020-12-24,38.43217086791992
2020-12-28,38.76005935668945
2020-12-29,38.51845169067383
2020-12-30,38.38038635253906
2020-12-31,38.613372802734375
2021-01-04,38.23933029174805
2021-01-05,38.256736755371094
2021-01-06,38.622066497802734
2021-01-07,39.109195709228516
2021-01-08,39.19618606567383
2021-01-11,39.45714569091797
2021-01-12,39.83118438720703
2021-01-13,39.45714569091797
2021-01-14,39.27446746826172
2021-01-15,39.51803207397461
2021-01-19,39.30926513671875
2021-01-20,39.43974685668945
2021-01-21,39.23966598510742
2021-01-22,38.94391632080078
2021-01-25,39.17008972167969
2021-01-26,39.37015151977539
2021-01-27,39.752899169921875
2021-01-28,39.43974685668945
2021-01-29,38.77864456176758
2021-02-01,39.491939544677734
2021-02-02,39.86598205566406
2021-02-03,39.81378936767578
2021-02-04,41.101192474365234
2021-02-05,41.82318115234375
2021-02-08,42.571250915527344
2021-02-09,42.188514709472656
2021-02-10,41.092491149902344
2021-02-11,41.388240814208984
2021-02-12,41.1359748840332
2021-02-16,40.457481384277344
2021-02-17,40.231319427490234
2021-02-18,40.30961227416992
2021-02-19,39.73550033569336
2021-02-22,39.51803207397461
2021-02-23,39.58761978149414
2021-02-24,39.78769302368164
2021-02-25,39.5963249206543
2021-02-26,39.03090286254883
2021-03-01,39.94426345825195
2021-03-02,39.5963249206543
2021-03-03,39.25707244873047
2021-03-04,38.76124954223633
2021-03-05,40.231319427490234
2021-03-08,41.327354431152344
2021-03-09,41.65790557861328
2021-03-10,42.00585174560547
2021-03-11,42.449493408203125
2021-03-12,42.466880798339844
2021-03-15,42.980098724365234
2021-03-16,43.206260681152344
2021-03-17,42.98879623413086
2021-03-18,42.449493408203125
2021-03-19,42.606056213378906
2021-03-22,43.754276275634766
2021-03-23,43.50202941894531
2021-03-24,43.18887710571289
2021-03-25,43.936954498291016
2021-03-26,45.728885650634766
2021-03-29,45.68538284301758
2021-03-30,45.032989501953125
2021-03-31,44.980796813964844
2021-04-01,45.21566390991211
2021-04-05,45.91653060913086
2021-04-06,45.583621978759766
2021-04-07,45.35584259033203
2021-04-08,45.478485107421875
2021-04-09,45.636192321777344
2021-04-12,45.18061065673828
2021-04-13,45.25946044921875
2021-04-14,45.00539779663086
2021-04-15,45.241943359375
2021-04-16,46.258209228515625
2021-04-19,46.30202865600586
2021-04-20,45.37335968017578
2021-04-21,45.49601364135742
2021-04-22,45.11928176879883
2021-04-23,45.478485107421875
2021-04-26,45.241943359375
2021-04-27,45.00539779663086
2021-04-28,44.77760696411133
2021-04-29,45.08424377441406
2021-04-30,44.60238265991211
2021-05-03,44.830169677734375
2021-05-04,44.427162170410156
2021-05-05,44.79513168334961
2021-05-06,45.94282150268555
2021-05-07,46.810157775878906
2021-05-10,46.57361602783203
2021-05-11,46.284507751464844
2021-05-12,45.20689392089844
2021-05-13,45.98662567138672
2021-05-14,46.3458366394043
2021-05-17,46.3808708190918
2021-05-18,46.37211227416992
2021-05-19,45.96910858154297
2021-05-20,46.30202865600586
2021-05-21,45.93406295776367
2021-05-24,46.775123596191406
2021-05-25,46.70504379272461
2021-05-26,46.35459518432617
2021-05-27,46.36334991455078
2021-05-28,46.3458366394043
2021-06-01,46.100521087646484
2021-06-02,46.39839172363281
2021-06-03,46.72256088256836
2021-06-04,47.370872497558594
2021-06-07,47.23945236206055
2021-06-08,47.42344284057617
2021-06-09,47.32707214355469
2021-06-10,48.2119255065918
2021-06-11,47.9841423034668
2021-06-14,47.45847702026367
2021-06-15,47.12556076049805
2021-06-16,46.845211029052734
2021-06-17,46.547332763671875
2021-06-18,45.61866760253906
2021-06-21,46.59113693237305
2021-06-22,46.66122055053711
2021-06-23,46.223182678222656
2021-06-24,46.240699768066406
2021-06-25,46.48601150512695
2021-06-28,46.39839172363281
2021-06-29,46.35459518432617
2021-06-30,46.43345260620117
2021-07-01,46.81892776489258
2021-07-02,47.23357009887695
2021-07-06,46.73951721191406
2021-07-07,46.986541748046875
2021-07-08,46.986541748046875
2021-07-09,47.41000747680664
2021-07-12,46.96007537841797
2021-07-13,47.03947448730469
2021-07-14,47.71878433227539
2021-07-15,47.33061981201172
2021-07-16,47.37472152709961
2021-07-19,46.81010818481445
2021-07-20,47.268856048583984
2021-07-21,47.53351974487305
2021-07-22,48.11577606201172
2021-07-23,48.72450256347656
2021-07-26,48.93622589111328
2021-07-27,48.768611907958984
2021-07-28,48.31868362426758
2021-07-29,48.58334732055664
2021-07-30,48.84800720214844
2021-08-02,48.918582916259766
2021-08-03,49.624359130859375
2021-08-04,49.13031768798828
2021-08-05,49.19207000732422
2021-08-06,49.0421028137207
2021-08-09,48.93622589111328
2021-08-10,49.059749603271484
2021-08-11,49.280296325683594
2021-08-12,49.74787139892578
2021-08-13,49.81844711303711
2021-08-16,49.65081787109375
2021-08-17,49.41262435913086
2021-08-18,48.65392303466797
2021-08-19,50.52421188354492
2021-08-20,51.36231231689453
2021-08-23,51.644615173339844
2021-08-24,52.33273696899414
2021-08-25,52.35921096801758
2021-08-26,52.22687911987305
2021-08-27,52.06808090209961
2021-08-30,52.16511917114258
2021-08-31,52.06808090209961
2021-09-01,52.085723876953125
2021-09-02,52.518001556396484
2021-09-03,52.420963287353516
2021-09-07,51.94456481933594
2021-09-08,51.768131256103516
2021-09-09,51.69755554199219
2021-09-10,51.07118606567383
2021-09-13,51.25645065307617
2021-09-14,51.05353927612305
2021-09-15,50.780059814453125
2021-09-16,50.57714080810547
2021-09-17,50.153682708740234
2021-09-20,49.306766510009766
2021-09-21,48.75096130371094
2021-09-22,48.980350494384766
2021-09-23,50.012535095214844
2021-09-24,50.04780960083008
2021-09-27,49.59789276123047
2021-09-28,48.980350494384766
2021-09-29,48.94504928588867
2021-09-30,48.01873016357422
2021-10-01,48.64510726928711
2021-10-04,48.16549301147461
2021-10-05,48.57404327392578
2021-10-06,47.90792465209961
2021-10-07,48.867149353027344
2021-10-08,48.920440673828125
2021-10-11,48.787200927734375
2021-10-12,48.20989990234375
2021-10-13,48.51187515258789
2021-10-14,49.426692962646484
2021-10-15,49.0714225769043
2021-10-18,49.018131256103516
2021-10-19,49.50662612915039
2021-10-20,49.91518783569336
2021-10-21,49.462215423583984
2021-10-22,48.94707107543945
2021-10-25,48.973724365234375
2021-10-26,49.56880187988281
2021-10-27,49.897422790527344
2021-10-28,49.95071029663086
2021-10-29,49.71091079711914
2021-11-01,49.82637023925781
2021-11-02,51.176387786865234
2021-11-03,51.203033447265625
2021-11-04,50.732303619384766
2021-11-05,50.687896728515625
2021-11-08,50.625728607177734
2021-11-09,51.016517639160156
2021-11-10,51.30961227416992
2021-11-11,50.412559509277344
2021-11-12,50.465843200683594
2021-11-15,50.86553192138672
2021-11-16,50.625728607177734
2021-11-17,50.412559509277344
2021-11-18,47.63258743286133
2021-11-19,47.29507827758789
2021-11-22,48.49411392211914
2021-11-23,49.11582946777344
2021-11-24,49.3289909362793
2021-11-26,48.556278228759766
2021-11-29,49.524391174316406
2021-11-30,48.707275390625
2021-12-01,48.87602233886719
2021-12-02,49.87078857421875
2021-12-03,49.94182586669922
2021-12-06,50.5901985168457
2021-12-07,51.58494567871094
2021-12-08,50.64348602294922
2021-12-09,51.114219665527344
2021-12-10,52.624107360839844
2021-12-13,52.0556755065918
2021-12-14,51.30961227416992
2021-12-15,53.22805404663086
2021-12-16,53.56557083129883
2021-12-17,53.69879150390625
2021-12-20,53.60997772216797
2021-12-21,54.20505142211914
2021-12-22,54.64913558959961
2021-12-23,55.31525802612305
2021-12-27,56.32777404785156
2021-12-28,56.42547607421875
2021-12-29,56.80739212036133
2021-12-30,56.505409240722656
2021-12-31,56.283363342285156
2022-01-03,56.096858978271484
2022-01-04,54.72100830078125
2022-01-05,53.854408264160156
2022-01-06,54.426177978515625
2022-01-07,54.613807678222656
2022-01-10,55.230247497558594
2022-01-11,55.721622467041016
2022-01-12,55.49827194213867
2022-01-13,54.944358825683594
2022-01-14,54.81928253173828
2022-01-18,53.363037109375
2022-01-19,52.62150192260742
2022-01-20,51.888916015625
2022-01-21,50.638153076171875
2022-01-24,50.8347053527832
2022-01-25,50.12890625
2022-01-26,49.43205261230469
2022-01-27,48.797733306884766
2022-01-28,49.68220901489258
2022-01-31,49.735816955566406
2022-02-01,49.46778869628906
2022-02-02,50.18251419067383
2022-02-03,49.31591033935547
2022-02-04,49.271236419677734
2022-02-07,49.28910827636719
2022-02-08,49.44099426269531
2022-02-09,50.28972244262695
2022-02-10,49.02109146118164
2022-02-11,48.15449142456055
2022-02-14,47.511234283447266
2022-02-15,48.48504638671875
2022-02-16,48.46718215942383
2022-02-17,49.82515335083008
2022-02-18,51.11165237426758
2022-02-22,50.29866027832031
2022-02-23,48.63692092895508
2022-02-24,48.8960075378418
2022-02-25,50.066368103027344
2022-02-28,49.82515335083008
2022-03-01,48.797733306884766
2022-03-02,50.16465759277344
2022-03-03,50.093177795410156
2022-03-04,50.48627471923828
2022-03-07,49.66434097290039
2022-03-08,48.6011848449707
2022-03-09,49.959163665771484
2022-03-10,48.878143310546875
2022-03-11,48.86027145385742
2022-03-14,48.51184844970703
2022-03-15,49.67327117919922
2022-03-16,49.86088562011719
2022-03-17,50.18251419067383
2022-03-18,50.003841400146484
2022-03-21,50.0306396484375
2022-03-22,50.18251419067383
2022-03-23,48.67266082763672
2022-03-24,48.69053649902344
2022-03-25,49.11042785644531
2022-03-28,49.26231002807617
2022-03-29,49.735816955566406
2022-03-30,50.0753173828125
2022-03-31,49.81622314453125
2022-04-01,49.72687911987305
2022-04-04,49.91449737548828
2022-04-05,49.401763916015625
2022-04-06,48.90702438354492
2022-04-07,49.14090347290039
2022-04-08,48.826080322265625
2022-04-11,47.566741943359375
2022-04-12,46.613258361816406
2022-04-13,46.910091400146484
2022-04-14,46.02855682373047
2022-04-18,45.97459030151367
2022-04-19,46.62224578857422
2022-04-20,47.69267654418945
2022-04-21,47.47678756713867
2022-04-22,46.199462890625
2022-04-25,46.721187591552734
2022-04-26,45.785682678222656
2022-04-27,44.355445861816406
2022-04-28,45.542816162109375
2022-04-29,44.058597564697266
2022-05-02,44.85018539428711
2022-05-03,44.904151916503906
2022-05-04,46.397361755371094
2022-05-05,44.625301361083984
2022-05-06,44.37343978881836
2022-05-09,44.04061508178711
2022-05-10,44.571327209472656
2022-05-11,43.76175308227539
2022-05-12,43.437931060791016
2022-05-13,44.58032989501953
2022-05-16,44.07659149169922
2022-05-17,45.51582717895508
2022-05-18,43.50090408325195
2022-05-19,37.52806854248047
2022-05-20,38.62548828125
2022-05-23,38.994293212890625
2022-05-24,39.37208557128906
2022-05-25,39.57898712158203
2022-05-26,40.46951675415039
2022-05-27,41.03621292114258
2022-05-31,40.52347946166992
2022-06-01,40.685394287109375
2022-06-02,41.189125061035156
2022-06-03,40.70338821411133
2022-06-06,40.77534484863281
2022-06-07,40.991233825683594
2022-06-08,40.40654754638672
2022-06-09,39.81285095214844
2022-06-10,39.12022399902344
2022-06-13,38.89534378051758
2022-06-14,38.59850311279297
2022-06-15,39.39907455444336
2022-06-16,38.967308044433594
2022-06-17,39.030269622802734
2022-06-21,39.70491409301758
2022-06-22,39.19218063354492
2022-06-23,38.61649703979492
2022-06-24,39.66893005371094
2022-06-27,39.37208557128906
2022-06-28,38.73343276977539
2022-06-29,38.57151794433594
2022-06-30,38.355628967285156
2022-07-01,38.31965255737305
2022-07-05,38.08366775512695
2022-07-06,38.74623107910156
2022-07-07,39.22726821899414
2022-07-08,39.38155746459961
2022-07-11,39.25450134277344
2022-07-12,38.90053176879883
2022-07-13,38.75531005859375
2022-07-14,38.41948699951172
2022-07-15,39.091129302978516
2022-07-18,38.664546966552734
2022-07-19,39.96243667602539
2022-07-20,40.053199768066406
2022-07-21,40.46162414550781
2022-07-22,40.352718353271484
2022-07-25,40.24380111694336
2022-07-26,39.78091812133789
2022-07-27,40.51608657836914
2022-07-28,41.405555725097656
2022-07-29,41.17864990234375
2022-08-01,41.096961975097656
2022-08-02,40.77022171020508
2022-08-03,41.487239837646484
2022-08-04,41.18772506713867
2022-08-05,40.851905822753906
2022-08-08,40.86098098754883
2022-08-09,40.77022171020508
2022-08-10,41.76860427856445
2022-08-11,41.659690856933594
2022-08-12,42.30409622192383
2022-08-15,42.28593826293945
2022-08-16,42.449317932128906
2022-08-17,42.3494758605957
2022-08-18,44.809120178222656
2022-08-19,44.201019287109375
2022-08-22,43.30248260498047
2022-08-23,43.03019332885742
2022-08-24,42.72160339355469
2022-08-25,42.90312194824219
2022-08-26,41.650611877441406
2022-08-29,41.487239837646484
2022-08-30,41.06066131591797
2022-08-31,40.58869934082031
2022-09-01,41.10604476928711
2022-09-02,40.47071075439453
2022-09-06,40.361793518066406
2022-09-07,40.86098098754883
2022-09-08,41.17864990234375
2022-09-09,41.54169845581055
2022-09-12,42.11349868774414
2022-09-13,40.03504180908203
2022-09-14,39.898902893066406
2022-09-15,39.290802001953125
2022-09-16,39.29987716674805
2022-09-19,39.29987716674805
2022-09-20,38.646400451660156
2022-09-21,37.74785232543945
2022-09-22,37.34850311279297
2022-09-23,36.90376663208008
2022-09-26,36.83116149902344
2022-09-27,36.77669906616211
2022-09-28,37.520938873291016
2022-09-29,36.82208251953125
2022-09-30,36.30474090576172
2022-10-03,37.47557067871094
2022-10-04,38.309165954589844
2022-10-05,38.46489715576172
2022-10-06,38.03434753417969
2022-10-07,36.88929748535156
2022-10-10,36.54119110107422
2022-10-11,36.25722885131836
2022-10-12,35.97324752807617
2022-10-13,37.20075607299805
2022-10-14,36.825172424316406
2022-10-17,37.832820892333984
2022-10-18,38.28169250488281
2022-10-19,38.364139556884766
2022-10-20,38.20840835571289
2022-10-21,39.2068977355957
2022-10-24,39.8847770690918
2022-10-25,40.63594055175781
2022-10-26,40.65425109863281
2022-10-27,40.69089889526367
2022-10-28,41.8084716796875
2022-10-31,41.61610794067383
2022-11-01,41.643592834472656
2022-11-02,40.82830810546875
2022-11-03,40.16874694824219
2022-11-04,40.78250503540039
2022-11-07,40.80998229980469
2022-11-08,40.86494827270508
2022-11-09,40.223716735839844
2022-11-10,41.8267936706543
2022-11-11,41.02983474731445
2022-11-14,40.984039306640625
2022-11-15,41.13060760498047
2022-11-16,40.66341781616211
2022-11-17,42.6787223815918
2022-11-18,43.777976989746094
2022-11-21,43.622257232666016
2022-11-22,44.318450927734375
2022-11-23,44.49250793457031
2022-11-25,44.336769104003906
2022-11-28,44.04364013671875
2022-11-29,44.22684860229492
2022-11-30,45.54596710205078
2022-12-01,45.77496337890625
2022-12-02,45.52764129638672
2022-12-05,45.18870162963867
2022-12-06,44.51081848144531
2022-12-07,44.1352424621582
2022-12-08,44.87724304199219
2022-12-09,44.39173889160156
2022-12-12,45.161216735839844
2022-12-13,45.4726676940918
2022-12-14,45.161216735839844
2022-12-15,44.10776901245117
2022-12-16,43.79629898071289
2022-12-19,43.42073059082031
2022-12-20,43.393245697021484
2022-12-21,43.65890121459961
2022-12-22,43.347434997558594
2022-12-23,43.4940071105957
2022-12-27,43.53980255126953
2022-12-28,43.11842727661133
2022-12-29,43.512332916259766
2022-12-30,43.64057922363281
2023-01-03,43.9153938293457
2023-01-04,43.906158447265625
2023-01-05,43.287498474121094
2023-01-06,44.61715316772461
2023-01-09,44.85722351074219
2023-01-10,45.069602966308594
2023-01-11,45.43894958496094
2023-01-12,45.24504470825195
2023-01-13,45.134239196777344
2023-01-17,44.395545959472656
2023-01-18,43.305973052978516
2023-01-19,42.89968490600586
2023-01-20,43.19515609741211
2023-01-23,43.859989166259766
2023-01-24,44.14623260498047
2023-01-25,44.30320739746094
2023-01-26,44.63561248779297
2023-01-27,44.7925910949707
2023-01-30,44.52481460571289
2023-01-31,44.940330505371094
2023-02-01,44.84799575805664
2023-02-02,45.540523529052734
2023-02-03,44.90340042114258
2023-02-06,43.924625396728516
2023-02-07,44.17393112182617
2023-02-08,43.36137008666992
2023-02-09,43.14899444580078
2023-02-10,43.63838577270508
2023-02-13,44.19240188598633
2023-02-14,44.04465866088867
2023-02-15,44.737186431884766
2023-02-16,47.082550048828125
2023-02-17,46.879398345947266
2023-02-21,45.882164001464844
2023-02-22,45.531288146972656
2023-02-23,45.43894958496094
2023-02-24,44.764892578125
2023-02-27,44.99573516845703
2023-02-28,44.7094841003418
2023-03-01,44.63561248779297
2023-03-02,44.81106185913086
2023-03-03,45.50358200073242
2023-03-06,45.63285446166992
2023-03-07,45.16193771362305
2023-03-08,45.34660720825195
2023-03-09,45.069602966308594
2023-03-10,44.8387565612793
2023-03-13,44.70024871826172
2023-03-14,45.29121017456055
2023-03-15,45.30044174194336
2023-03-16,46.279212951660156
2023-03-17,46.34384536743164
2023-03-20,47.036373138427734
2023-03-21,46.78706741333008
2023-03-22,45.66979217529297
2023-03-23,45.919105529785156
2023-03-24,46.639320373535156
2023-03-27,46.66703414916992
2023-03-28,46.52852249145508
2023-03-29,47.24874496459961
2023-03-30,47.48883056640625
2023-03-31,48.2736930847168
2023-04-03,48.3013916015625
2023-04-04,48.20835876464844
2023-04-05,48.20835876464844
2023-04-06,47.69668960571289
2023-04-10,47.75251007080078
2023-04-11,47.09199142456055
2023-04-12,46.61753845214844
2023-04-13,47.25944519042969
2023-04-14,47.017574310302734
2023-04-17,46.77568817138672
2023-04-18,46.80360412597656
2023-04-19,44.69181442260742
2023-04-20,43.33356475830078
2023-04-21,43.752197265625
2023-04-24,44.08711624145508
2023-04-25,43.808021545410156
2023-04-26,43.29635238647461
2023-04-27,43.31496047973633
2023-04-28,43.95686721801758
2023-05-01,44.040592193603516
2023-05-02,43.12889862060547
2023-05-03,42.75677490234375
2023-05-04,42.514896392822266
2023-05-05,43.02656936645508
2023-05-08,43.110294342041016
2023-05-09,43.231231689453125
2023-05-10,43.454498291015625
2023-05-11,43.13819885253906
2023-05-12,43.454498291015625
2023-05-15,43.81732177734375
2023-05-16,43.649864196777344
2023-05-17,44.31038284301758
2023-05-18,44.84065628051758
2023-05-19,45.70583724975586
2023-05-22,45.41744613647461
2023-05-23,45.50116729736328
2023-05-24,45.03601837158203
2023-05-25,45.61281204223633
2023-05-26,46.38496017456055
2023-05-30,46.6733512878418
2023-05-31,46.20819854736328
2023-06-01,46.2733268737793
2023-06-02,46.533809661865234
2023-06-05,46.710567474365234
2023-06-06,46.33844757080078
2023-06-07,46.31053924560547
2023-06-08,46.21751022338867
2023-06-09,46.19890594482422
2023-06-12,46.96174621582031
2023-06-13,47.25944519042969
2023-06-14,47.408294677734375
2023-06-15,48.31069564819336
2023-06-16,48.4409294128418
2023-06-20,47.95717239379883
2023-06-21,47.30595779418945
2023-06-22,47.55713653564453
2023-06-23,46.82220458984375
2023-06-26,46.710567474365234
2023-06-27,47.31526565551758
2023-06-28,47.3245735168457
2023-06-29,47.640869140625
2023-06-30,48.13393783569336
2023-07-03,48.20835876464844
2023-07-05,48.28334426879883
2023-07-06,47.90840530395508
2023-07-07,47.795921325683594
2023-07-10,48.18023681640625
2023-07-11,48.85513687133789
2023-07-12,47.56158447265625
2023-07-13,48.30209732055664
2023-07-14,47.2241325378418
2023-07-17,47.627197265625
2023-07-18,48.0302619934082
2023-07-19,49.145721435546875
2023-07-20,49.0894775390625
2023-07-21,49.333187103271484
2023-07-24,49.78312301635742
2023-07-25,50.24242401123047
2023-07-26,49.886226654052734
2023-07-27,49.68000793457031
2023-07-28,48.82701110839844
2023-07-31,48.78014373779297
2023-08-01,49.36130905151367
2023-08-02,49.28632354736328
2023-08-03,49.820621490478516
2023-08-04,49.333187103271484
2023-08-07,49.68938446044922
2023-08-08,49.73625564575195
2023-08-09,49.670631408691406
2023-08-10,50.02682876586914
2023-08-11,50.42052459716797
2023-08-14,50.50489044189453
2023-08-15,50.00808334350586
2023-08-16,49.64251708984375
2023-08-17,51.301639556884766
2023-08-18,51.59222412109375
2023-08-21,51.967159271240234
2023-08-22,51.98591613769531
2023-08-23,52.47333908081055
2023-08-24,51.77969741821289
2023-08-25,52.21087646484375
2023-08-28,52.6795654296875
2023-08-29,53.01700973510742
2023-08-30,53.2513542175293
2023-08-31,53.75751876831055
2023-09-01,54.21682357788086
2023-09-05,53.673152923583984
2023-09-06,53.57942581176758
2023-09-07,53.23260498046875
2023-09-08,53.1201171875
2023-09-11,53.27947235107422
2023-09-12,52.85765838623047
2023-09-13,52.75454330444336
2023-09-14,52.83890914916992
2023-09-15,52.52958679199219
2023-09-18,52.59519577026367
2023-09-19,52.34210968017578
2023-09-20,52.02341079711914
2023-09-21,49.99870681762695
2023-09-22,50.21430587768555
2023-09-25,50.129947662353516
2023-09-26,49.40817642211914
2023-09-27,49.86748504638672
2023-09-28,50.50489044189453
2023-09-29,50.392398834228516
2023-10-02,50.98293685913086
2023-10-03,50.65249252319336
2023-10-04,50.463661193847656
2023-10-05,50.10490036010742
2023-10-06,50.463661193847656
2023-10-09,50.907413482666016
2023-10-10,50.86020278930664
2023-10-11,50.66193771362305
2023-10-12,50.8413200378418
2023-10-13,50.76579666137695
2023-10-16,51.13399887084961
2023-10-17,50.926292419433594
2023-10-18,50.76579666137695
2023-10-19,50.3409309387207
2023-10-20,49.97272872924805
2023-10-23,49.28350830078125
2023-10-24,50.048248291015625
2023-10-25,49.47233581542969
2023-10-26,48.4998779296875
2023-10-27,48.679264068603516
2023-10-30,48.6887092590332
2023-10-31,49.21741485595703
2023-11-01,49.27406692504883
2023-11-02,49.80278396606445
2023-11-03,50.048248291015625
2023-11-06,50.31260681152344
2023-11-07,50.16154861450195
2023-11-08,50.0388069152832
2023-11-09,49.09468460083008
2023-11-10,49.65171813964844
2023-11-13,49.311832427978516
2023-11-14,50.19931411743164
2023-11-15,50.303165435791016
2023-11-16,45.35593795776367
2023-11-17,45.09157180786133
2023-11-20,45.573081970214844
2023-11-21,45.12934112548828
2023-11-22,45.393699645996094
2023-11-24,45.658050537109375
2023-11-27,45.252079010009766
2023-11-28,45.17654800415039
2023-11-29,45.365379333496094
2023-11-30,45.67694091796875
2023-12-01,45.76191329956055
2023-12-04,45.365379333496094
2023-12-05,45.252079010009766
2023-12-06,45.03492736816406
2023-12-07,45.563636779785156
2023-12-08,45.67694091796875
2023-12-11,46.6305046081543
2023-12-12,46.5738639831543
2023-12-13,46.91373825073242
2023-12-14,46.677711486816406
2023-12-15,47.083683013916016
2023-12-18,47.43301773071289
2023-12-19,47.37636947631836
2023-12-20,47.017601013183594
2023-12-21,46.923187255859375
2023-12-22,47.2913932800293
2023-12-26,47.47078323364258
2023-12-27,47.6218376159668
2023-12-28,47.65960693359375
2023-12-29,47.69737243652344
2024-01-02,47.687923431396484
2024-01-03,48.05900573730469
2024-01-04,47.64987564086914
2024-01-05,47.659385681152344
2024-01-08,48.01143264770508
2024-01-09,47.48811721801758
2024-01-10,47.80210876464844
2024-01-11,47.99239730834961
2024-01-12,47.89725875854492
2024-01-16,48.13512420654297
2024-01-17,47.85920333862305
2024-01-18,48.28736114501953
2024-01-19,48.78212356567383
2024-01-22,49.06757354736328
2024-01-23,49.248348236083984
2024-01-24,48.8201904296875
2024-01-25,49.79069519042969
2024-01-26,49.60990905761719
2024-01-29,49.75263214111328
2024-01-30,49.70505905151367
2024-01-31,47.745018005371094
2024-02-01,47.745018005371094
2024-02-02,47.745018005371094
2024-02-05,47.1075325012207
2024-02-06,47.554725646972656
2024-02-07,47.354915618896484
2024-02-08,47.52617645263672
2024-02-09,47.69744873046875
2024-02-12,47.564239501953125
2024-02-13,47.231224060058594
2024-02-14,47.84016418457031
2024-02-15,46.67936706542969
2024-02-16,46.089454650878906
2024-02-20,45.93721389770508
2024-02-21,46.12751007080078
2024-02-22,46.2131462097168
2024-02-23,46.48907470703125
2024-02-26,46.05139923095703
2024-02-27,45.965763092041016
2024-02-28,45.72789764404297
2024-02-29,46.02284622192383
2024-03-01,46.05139923095703
2024-03-04,46.7459716796875
2024-03-05,46.574703216552734
2024-03-06,46.78403091430664
2024-03-07,46.52712631225586
2024-03-08,47.09801483154297
2024-03-11,47.783077239990234
2024-03-12,47.640357971191406
2024-03-13,47.67842102050781
2024-03-14,47.37394332885742
2024-03-15,46.55567932128906
2024-03-18,46.87917709350586
2024-03-19,46.75548553466797
2024-03-20,47.14558792114258
2024-03-21,47.45957565307617
2024-03-22,47.36443328857422
2024-03-25,47.26927947998047
2024-03-26,47.14558792114258
2024-03-27,47.354915618896484
2024-03-28,47.48811721801758
2024-04-01,47.611812591552734
2024-04-02,46.964813232421875
2024-04-03,46.75377655029297
2024-04-04,46.149444580078125
2024-04-05,46.57151794433594
2024-04-08,46.27415084838867
2024-04-09,47.97201919555664
2024-04-10,47.204627990722656
2024-04-11,47.51158142089844
2024-04-12,46.51396942138672
2024-04-15,46.27415084838867
2024-04-16,45.96718978881836
2024-04-17,45.84248733520508
2024-04-18,46.149444580078125
2024-04-19,46.35089111328125
2024-04-22,46.17822265625
2024-04-23,46.35089111328125
2024-04-24,46.37966537475586
2024-04-25,46.139854431152344
2024-04-26,45.909637451171875
2024-04-29,45.8328971862793
2024-04-30,45.065494537353516
2024-05-01,44.93120193481445
2024-05-02,44.883243560791016
2024-05-03,45.199790954589844
2024-05-06,45.19020080566406
2024-05-07,45.353271484375
2024-05-08,46.04392623901367
2024-05-09,45.84248733520508
2024-05-10,46.10149002075195
2024-05-13,46.69622039794922
2024-05-14,46.95521926879883
2024-05-15,47.645877838134766
2024-05-16,46.370079040527344
2024-05-17,46.207000732421875
2024-05-20,45.20938491821289
2024-05-21,45.02712631225586
2024-05-22,45.49715805053711
2024-05-23,44.70098114013672
2024-05-24,44.528316497802734
2024-05-28,44.39402389526367
2024-05-29,44.202178955078125
2024-05-30,44.240543365478516
2024-05-31,44.60506057739258
2024-06-03,44.74895095825195
2024-06-04,45.487571716308594
2024-06-05,44.14461898803711
2024-06-06,44.3460578918457
2024-06-07,43.971954345703125
2024-06-10,43.981544494628906
2024-06-11,43.904808044433594
2024-06-12,43.76091766357422
2024-06-13,43.66499328613281
2024-06-14,43.81847381591797
2024-06-17,43.82806396484375
2024-06-18,44.09666442871094
2024-06-20,44.81609344482422
2024-06-21,45.36286926269531
2024-06-24,45.353271484375
2024-06-25,45.44919967651367
2024-06-26,44.95038604736328
2024-06-27,45.51634216308594
2024-06-28,45.57389450073242
2024-07-01,45.583492279052734
2024-07-02,45.353271484375
2024-07-03,45.171016693115234
2024-07-05,45.132320404052734
2024-07-08,44.56151580810547
2024-07-09,44.309974670410156
2024-07-10,44.76468276977539
2024-07-11,45.23874282836914
2024-07-12,45.83856964111328
2024-07-15,45.8579216003418
2024-07-16,45.87726974487305
2024-07-17,46.94147872924805
2024-07-18,46.47710037231445
2024-07-19,45.780513763427734
2024-07-22,45.29678726196289
2024-07-23,44.85175323486328
2024-07-24,45.3258056640625
2024-07-25,45.703121185302734
2024-07-26,46.32229995727539
2024-07-29,46.4287223815918
2024-07-30,46.57383728027344
2024-07-31,46.87375259399414
2024-08-01,45.84823989868164
2024-08-02,45.141990661621094
2024-08-05,43.28445816040039
2024-08-06,43.6907958984375
2024-08-07,43.65209197998047
2024-08-08,44.338993072509766
2024-08-09,43.99070739746094
2024-08-12,43.40054702758789
2024-08-13,43.893959045410156
2024-08-14,43.9616813659668
2024-08-15,46.95115661621094
2024-08-16,47.850894927978516
2024-08-19,48.353981018066406
2024-08-20,48.60552215576172
2024-08-21,48.808692932128906
2024-08-22,48.58617401123047
2024-08-23,49.089256286621094
2024-08-26,49.13763427734375
2024-08-27,49.06023025512695
2024-08-28,48.228214263916016
2024-08-29,48.750640869140625
2024-08-30,48.89575958251953
2024-09-03,48.43138122558594
2024-09-04,48.083091735839844
2024-09-05,47.53163528442383
2024-09-06,46.92212677001953
2024-09-09,47.11562728881836
2024-09-10,47.20269775390625
2024-09-11,47.51228332519531
2024-09-12,47.99601745605469
2024-09-13,48.17983627319336
2024-09-16,49.36981964111328
2024-09-17,48.96348571777344
2024-09-18,48.92478561401367
2024-09-19,49.7664794921875
2024-09-20,50.279239654541016
2024-09-23,50.49208068847656
2024-09-24,50.81134796142578
2024-09-25,50.93711471557617
2024-09-26,51.13060760498047
2024-09-27,51.295082092285156
2024-09-30,51.48857498168945
2024-10-01,51.02418899536133
2024-10-02,51.29714584350586
2024-10-03,51.1119270324707
2024-10-04,51.423885345458984
2024-10-07,51.18991470336914
2024-10-08,51.40438461303711
2024-10-09,52.21352005004883
2024-10-10,52.19402313232422
2024-10-11,52.88616943359375
2024-10-14,52.90566635131836
2024-10-15,52.72044372558594
2024-10-16,54.962623596191406
2024-10-17,54.98212432861328
2024-10-18,55.33306884765625
2024-10-21,55.1673469543457
2024-10-22,55.177093505859375
2024-10-23,54.86513900756836
2024-10-24,54.553184509277344
2024-10-25,54.338714599609375
2024-10-28,53.89027786254883
2024-10-29,54.28022766113281
2024-10-30,54.192481994628906
2024-10-31,53.39310073852539
2024-11-01,54.1047477722168
2024-11-04,54.426456451416016
2024-11-05,54.7481575012207
2024-11-06,56.415164947509766
2024-11-07,56.61989212036133
2024-11-08,56.60039138793945
2024-11-11,57.15605926513672
2024-11-12,57.23405075073242
2024-11-13,57.69223403930664
2024-11-14,56.46390914916992
2024-11-15,56.015472412109375
2024-11-18,55.86924362182617
2024-11-19,55.5767822265625
2024-11-20,56.054466247558594
2024-11-21,56.11296463012695
2024-11-22,57.07807159423828
2024-11-25,57.26329803466797
2024-11-26,58.09192657470703
2024-11-27,57.799468994140625
2024-11-29,57.72148132324219
2024-12-02,57.93594741821289
2024-12-03,57.98469161987305
2024-12-04,58.12117385864258
2024-12-05,58.51111602783203
2024-12-06,58.38438415527344
2024-12-09,57.468017578125
2024-12-10,57.24380111694336
2024-12-11,57.1170654296875
2024-12-12,57.37052536010742
2024-12-13,57.14631271362305
2024-12-16,56.88309860229492
2024-12-17,57.048824310302734
2024-12-18,56.083709716796875
2024-12-19,56.18120193481445
2024-12-20,57.048824310302734
2024-12-23,57.49726486206055
2024-12-24,58.34539031982422
2024-12-26,58.47211837768555
2024-12-27,58.11142349243164
2024-12-30,57.70198059082031
2024-12-31,57.71173095703125
