Date,GOOGL,META
2018-01-02,53.292930603027344,180.30844116210938
2018-01-03,54.2021598815918,183.53854370117188
2018-01-04,54.41271209716797,183.2006072998047
2018-01-05,55.13423156738281,185.70518493652344
2018-01-08,55.328887939453125,187.1264190673828
2018-01-09,55.25838088989258,186.71890258789062
2018-01-10,55.12678146362305,186.68911743164062
2018-01-11,55.22163391113281,186.61952209472656
2018-01-12,56.145259857177734,178.27099609375
2018-01-16,56.14773941040039,177.29701232910156
2018-01-17,56.56486892700195,176.51185607910156
2018-01-18,56.4094352722168,178.6983642578125
2018-01-19,56.78335952758789,180.17922973632812
2018-01-22,57.80928039550781,184.23426818847656
2018-01-23,58.405670166015625,188.1898651123047
2018-01-24,58.16333770751953,185.4070281982422
2018-01-25,58.702125549316406,186.33131408691406
2018-01-26,58.97126770019531,188.83587646484375
2018-01-29,58.917640686035156,184.84051513671875
2018-01-30,58.46525955200195,185.9735107421875
2018-01-31,58.706092834472656,185.7449188232422
2018-02-01,58.67481231689453,191.90695190429688
2018-02-02,55.57667922973633,189.11415100097656
2018-02-05,52.755638122558594,180.14942932128906
2018-02-06,53.85009002685547,184.1746063232422
2018-02-07,52.40903091430664,179.07603454589844
2018-02-08,50.04037094116211,170.5287322998047
2018-02-09,51.95515823364258,175.03099060058594
2018-02-12,52.366825103759766,175.3291473388672
2018-02-13,52.34596633911133,172.089111328125
2018-02-14,53.267601013183594,178.42007446289062
2018-02-15,54.194217681884766,178.85740661621094
2018-02-16,54.39979934692383,176.2733154296875
2018-02-20,54.80152893066406,174.9315948486328
2018-02-21,55.30604553222656,176.8199462890625
2018-02-22,55.114864349365234,177.89334106445312
2018-02-23,56.01813507080078,182.16697692871094
2018-02-26,56.79329299926758,183.7969512939453
2018-02-27,55.492759704589844,180.3482208251953
2018-02-28,54.81791305541992,177.22744750976562
2018-03-01,53.20355224609375,174.86203002929688
2018-03-02,53.835689544677734,175.537841796875
2018-03-05,54.36305236816406,179.294677734375
2018-03-06,54.667945861816406,178.67849731445312
2018-03-07,55.3701057434082,182.5844268798828
2018-03-08,56.08219528198242,181.22280883789062
2018-03-09,57.64441680908203,184.09510803222656
2018-03-12,57.89718246459961,183.62796020507812
2018-03-13,56.60508728027344,180.765625
2018-03-14,57.0510139465332,183.06149291992188
2018-03-15,57.13642120361328,182.73348999023438
2018-03-16,56.33246612548828,183.95596313476562
2018-03-19,54.62673568725586,171.5027313232422
2018-03-20,54.414695739746094,167.1197509765625
2018-03-21,54.325313568115234,168.35215759277344
2018-03-22,52.29680252075195,163.8797149658203
2018-03-23,50.975914001464844,158.41342163085938
2018-03-26,52.343482971191406,159.07931518554688
2018-03-27,50.00213623046875,151.287353515625
2018-03-28,49.914730072021484,152.09239196777344
2018-03-29,51.50178527832031,158.8109588623047
2018-04-02,50.2846794128418,154.4379119873047
2018-04-03,50.58510971069336,155.1535186767578
2018-04-04,51.13283157348633,154.14971923828125
2018-04-05,51.27832794189453,158.36373901367188
2018-04-06,50.15160369873047,156.23683166503906
2018-04-09,50.655128479003906,156.96237182617188
2018-04-10,51.470008850097656,164.02882385253906
2018-04-11,50.901920318603516,165.3009490966797
2018-04-12,51.50923538208008,162.86595153808594
2018-04-13,51.44715881347656,163.51199340820312
2018-04-16,51.94672393798828,163.82009887695312
2018-04-17,53.598323822021484,167.6266326904297
2018-04-18,53.401187896728516,165.34071350097656
2018-04-19,54.099369049072266,167.07008361816406
2018-04-20,53.49702453613281,165.26119995117188
2018-04-23,53.322723388671875,164.8238983154297
2018-04-24,50.78175354003906,158.7115936279297
2018-04-25,50.79913330078125,158.7115936279297
2018-04-26,51.80817413330078,173.0929412841797
2018-04-27,51.21923065185547,172.5264129638672
2018-04-30,50.58014678955078,170.9461669921875
2018-05-01,51.68104934692383,172.7947998046875
2018-05-02,50.95108413696289,174.99124145507812
2018-05-03,50.9635009765625,172.9537811279297
2018-05-04,52.19003677368164,175.5279541015625
2018-05-07,52.610137939453125,176.8795928955078
2018-05-08,52.56693649291992,177.82376098632812
2018-05-09,54.07453918457031,181.54086303710938
2018-05-10,54.8948860168457,184.39328002929688
2018-05-11,54.791099548339844,185.8443145751953
2018-05-14,54.95100021362305,185.49649047851562
2018-05-15,53.87194061279297,183.19070434570312
2018-05-16,53.83320617675781,182.07752990722656
2018-05-17,53.69266891479492,182.63414001464844
2018-05-18,53.11565399169922,181.56072998046875
2018-05-21,53.8292350769043,183.35963439941406
2018-05-22,53.397212982177734,182.6738739013672
2018-05-23,53.92606735229492,185.7548828125
2018-05-24,53.90073776245117,184.79080200195312
2018-05-25,53.83271026611328,183.7869873046875
2018-05-29,53.03769302368164,184.6019744873047
2018-05-30,53.50447463989258,186.52015686035156
2018-05-31,54.62325668334961,190.60498046875
2018-06-01,56.36127471923828,192.8014373779297
2018-06-04,57.2570915222168,192.09580993652344
2018-06-05,57.15678024291992,191.75787353515625
2018-06-06,56.954673767089844,190.16766357421875
2018-06-07,56.33246612548828,187.02703857421875
2018-06-08,56.24755859375,187.94140625
2018-06-11,56.65425109863281,190.36643981933594
2018-06-12,57.016258239746094,191.22119140625
2018-06-13,56.81960678100586,191.23110961914062
2018-06-14,57.60817337036133,195.60414123535156
2018-06-15,57.566463470458984,194.65003967285156
2018-06-18,58.77363586425781,197.094970703125
2018-06-19,58.53080368041992,196.2799835205078
2018-06-20,58.79795837402344,200.76235961914062
2018-06-21,58.071475982666016,200.2654266357422
2018-06-22,58.064022064208984,200.5039520263672
2018-06-25,56.57379913330078,195.14697265625
2018-06-26,56.24308395385742,197.78073120117188
2018-06-27,55.464454650878906,194.64010620117188
2018-06-28,55.953086853027344,195.0277099609375
2018-06-29,56.07276153564453,193.12939453125
2018-07-02,56.71433639526367,196.1508026123047
2018-07-03,55.43168640136719,191.5491485595703
2018-07-05,56.67361068725586,197.23410034179688
2018-07-06,57.358394622802734,201.9848175048828
2018-07-09,57.96421432495117,203.485595703125
2018-07-10,57.9572639465332,202.29293823242188
2018-07-11,58.17178726196289,201.29905700683594
2018-07-12,59.651573181152344,205.65223693847656
2018-07-13,59.808494567871094,206.04978942871094
2018-07-16,59.41570281982422,205.96031188964844
2018-07-17,60.238529205322266,208.7034149169922
2018-07-18,60.2300910949707,208.0772705078125
2018-07-19,59.544315338134766,206.81504821777344
2018-07-20,59.48373794555664,208.65371704101562
2018-07-23,60.13523864746094,209.61776733398438
2018-07-24,62.47659683227539,213.354736328125
2018-07-25,63.36000061035156,216.16737365722656
2018-07-26,63.8347282409668,175.1800537109375
2018-07-27,62.215396881103516,173.81846618652344
2018-07-30,61.080718994140625,170.0119171142578
2018-07-31,60.94068908691406,171.52259826660156
2018-08-01,61.22720718383789,170.59829711914062
2018-08-02,61.63142013549805,175.2893829345703
2018-08-03,61.483943939208984,176.6907501220703
2018-08-06,61.4596061706543,184.55230712890625
2018-08-07,62.36188507080078,182.68380737304688
2018-08-08,62.63450622558594,184.04539489746094
2018-08-09,62.7899284362793,181.96820068359375
2018-08-10,62.19652557373047,179.15554809570312
2018-08-13,62.00435256958008,178.9468536376953
2018-08-14,62.476097106933594,180.00033569335938
2018-08-15,61.18898010253906,178.43003845214844
2018-08-16,60.78376770019531,173.62962341308594
2018-08-17,60.37608337402344,172.73516845703125
2018-08-20,60.67898941040039,171.44309997558594
2018-08-21,60.45354461669922,171.5623779296875
2018-08-22,60.6690673828125,172.5761260986328
2018-08-23,60.63976287841797,171.84063720703125
2018-08-24,61.41392135620117,173.57994079589844
2018-08-27,62.38323974609375,176.37271118164062
2018-08-28,61.86630630493164,175.1800537109375
2018-08-29,62.79936218261719,174.822265625
2018-08-30,62.292362213134766,176.55160522460938
2018-08-31,61.16811752319336,174.65333557128906
2018-09-04,60.150634765625,170.111328125
2018-09-05,59.544315338134766,166.1556854248047
2018-09-06,58.79399490356445,161.53419494628906
2018-09-07,58.4761848449707,162.04104614257812
2018-09-10,58.35055160522461,163.174072265625
2018-09-11,59.09193801879883,164.9232940673828
2018-09-12,58.178741455078125,161.0074462890625
2018-09-13,58.702125549316406,160.37135314941406
2018-09-14,58.49555206298828,161.3254852294922
2018-09-17,57.59426498413086,159.5961456298828
2018-09-18,57.95577621459961,159.31785583496094
2018-09-19,58.31132507324219,162.06094360351562
2018-09-20,59.1703987121582,165.0028076171875
2018-09-21,58.204559326171875,161.93174743652344
2018-09-24,58.574005126953125,164.3965301513672
2018-09-25,59.28560256958008,163.8996124267578
2018-09-26,59.29404830932617,165.92710876464844
2018-09-27,59.95448303222656,167.80552673339844
2018-09-28,59.940582275390625,163.45236206054688
2018-10-01,60.0125846862793,161.44473266601562
2018-10-02,59.9683952331543,158.35379028320312
2018-10-03,60.16156005859375,161.43479919433594
2018-10-04,58.45035934448242,157.87672424316406
2018-10-05,57.991519927978516,156.36607360839844
2018-10-08,57.400108337402344,156.28652954101562
2018-10-09,56.86628723144531,156.9325408935547
2018-10-10,54.23394775390625,150.45252990722656
2018-10-11,54.16342544555664,152.41043090820312
2018-10-12,55.64322280883789,152.7980499267578
2018-10-15,54.744422912597656,152.5793914794922
2018-10-16,56.265926361083984,157.8071746826172
2018-10-17,55.993309020996094,158.44326782226562
2018-10-18,54.51947021484375,153.9708251953125
2018-10-19,54.88048553466797,153.1061553955078
2018-10-22,55.1878662109375,153.8316650390625
2018-10-23,55.363651275634766,153.44406127929688
2018-10-24,52.49394226074219,145.1452178955078
2018-10-25,54.80152893066406,150.02513122558594
2018-10-26,53.816322326660156,144.47930908203125
2018-10-29,51.38211441040039,141.21939086914062
2018-10-30,52.11604690551758,145.32411193847656
2018-10-31,54.15548324584961,150.8599853515625
2018-11-01,53.92706298828125,150.8202362060547
2018-11-02,53.207523345947266,149.4288330078125
2018-11-05,52.42491912841797,147.76904296875
2018-11-06,53.112178802490234,149.02133178710938
2018-11-07,55.03243637084961,150.60157775878906
2018-11-08,54.356597900390625,146.96401977539062
2018-11-09,53.48213195800781,144.0718536376953
2018-11-12,52.10860061645508,140.68272399902344
2018-11-13,52.039581298828125,141.28900146484375
2018-11-14,52.3678092956543,143.3363800048828
2018-11-15,53.185672760009766,142.96865844726562
2018-11-16,53.04762649536133,138.6750946044922
2018-11-19,51.01911544799805,130.74400329589844
2018-11-20,51.16957473754883,131.6186065673828
2018-11-21,51.81414031982422,133.99398803710938
2018-11-23,51.152198791503906,130.9228973388672
2018-11-26,52.43534851074219,135.54441833496094
2018-11-27,52.253597259521484,134.1728515625
2018-11-28,54.21556854248047,135.9220733642578
2018-11-29,54.3541145324707,137.83030700683594
2018-11-30,55.10245132446289,139.7484893798828
2018-12-03,55.43565368652344,140.22555541992188
2018-12-04,52.759613037109375,137.0849151611328
2018-12-06,53.53476333618164,138.77452087402344
2018-12-07,51.970550537109375,136.5780487060547
2018-12-10,52.29829406738281,140.98089599609375
2018-12-11,52.71889114379883,141.20950317382812
2018-12-12,53.318756103515625,143.61463928222656
2018-12-13,53.309322357177734,144.1215057373047
2018-12-14,52.22529220581055,143.17735290527344
2018-12-17,50.93122100830078,139.3310546875
2018-12-18,51.813140869140625,142.77980041503906
2018-12-19,51.418357849121094,132.42364501953125
2018-12-20,50.82843017578125,132.58265686035156
2018-12-21,49.22300338745117,124.18444061279297
2018-12-24,48.89625930786133,123.29988861083984
2018-12-26,52.03361892700195,133.3578643798828
2018-12-27,52.284393310546875,133.69578552246094
2018-12-28,51.97551727294922,132.38388061523438
2018-12-31,51.890113830566406,130.2867889404297
2019-01-02,52.372779846191406,134.8486785888672
2019-01-03,50.92228317260742,130.93284606933594
2019-01-04,53.53426742553711,137.1047821044922
2019-01-07,53.42750930786133,137.20419311523438
2019-01-08,53.89677047729492,141.65673828125
2019-01-09,53.71204376220703,143.34632873535156
2019-01-10,53.5720100402832,143.31649780273438
2019-01-11,52.85892868041992,142.91896057128906
2019-01-14,52.215362548828125,144.4991912841797
2019-01-15,53.95338439941406,148.0373992919922
2019-01-16,54.10234832763672,146.63601684570312
2019-01-17,54.579559326171875,147.39137268066406
2019-01-18,54.98575973510742,149.12071228027344
2019-01-22,53.562076568603516,146.66586303710938
2019-01-23,53.849098205566406,143.4158935546875
2019-01-24,53.8287353515625,144.93650817871094
2019-01-25,54.698238372802734,148.09703063964844
2019-01-28,53.62316131591797,146.56646728515625
2019-01-29,53.13650894165039,143.30654907226562
2019-01-30,54.5234489440918,149.49838256835938
2019-01-31,55.90888595581055,165.66871643066406
2019-02-01,55.54787826538086,164.6947021484375
2019-02-04,56.6800651550293,168.2130126953125
2019-02-05,57.19899368286133,170.111328125
2019-02-06,55.75991439819336,169.4454345703125
2019-02-07,54.9167366027832,165.36061096191406
2019-02-08,54.7414436340332,166.30479431152344
2019-02-11,54.72853469848633,164.77420043945312
2019-02-12,55.99281311035156,164.02882385253906
2019-02-13,56.044952392578125,163.0647735595703
2019-02-14,56.0732536315918,162.9454803466797
2019-02-15,55.5980339050293,161.50437927246094
2019-02-19,55.93967819213867,161.295654296875
2019-02-20,55.64570617675781,161.56398010253906
2019-02-21,54.83231735229492,159.05943298339844
2019-02-22,55.44558334350586,160.89813232421875
2019-02-25,55.48381805419922,163.6113739013672
2019-02-26,55.71622085571289,163.12437438964844
2019-02-27,55.75991439819336,161.81246948242188
2019-02-28,55.9416618347168,160.4608154296875
2019-03-01,57.03264236450195,161.28570556640625
2019-03-04,57.27595901489258,166.3445281982422
2019-03-05,58.05906677246094,170.210693359375
2019-03-06,57.848018646240234,171.4530487060547
2019-03-07,57.148345947265625,168.09376525878906
2019-03-08,57.104644775390625,168.56088256835938
2019-03-11,58.55911636352539,171.01576232910156
2019-03-12,59.452449798583984,170.8666534423828
2019-03-13,59.542327880859375,172.30776977539062
2019-03-14,59.21806335449219,169.12738037109375
2019-03-15,59.10733413696289,164.96302795410156
2019-03-18,59.02043151855469,159.48681640625
2019-03-19,59.71116638183594,160.58006286621094
2019-03-20,60.901458740234375,164.42636108398438
2019-03-21,61.38313293457031,165.0624237060547
2019-03-22,59.96889114379883,163.33309936523438
2019-03-25,59.45890808105469,165.27114868164062
2019-03-26,59.08448791503906,166.65261840820312
2019-03-27,58.497039794921875,164.85372924804688
2019-03-28,58.212005615234375,164.5356903076172
2019-03-29,58.4414176940918,165.66871643066406
2019-04-01,59.53835678100586,167.6663818359375
2019-04-02,59.864112854003906,173.13270568847656
2019-04-03,60.12580871582031,172.4767303466797
2019-04-04,60.554847717285156,174.94154357910156
2019-04-05,60.157588958740234,174.64334106445312
2019-04-08,60.00017547607422,173.8582000732422
2019-04-09,59.72258377075195,176.49197387695312
2019-04-10,59.9093017578125,176.73049926757812
2019-04-11,60.065223693847656,176.42239379882812
2019-04-12,60.71772384643555,178.002685546875
2019-04-15,60.90642166137695,178.54928588867188
2019-04-16,61.173580169677734,177.7740478515625
2019-04-17,61.5822639465332,177.6846160888672
2019-04-18,61.648311614990234,177.18771362304688
2019-04-22,62.25859832763672,180.32833862304688
2019-04-23,63.094329833984375,182.65399169921875
2019-04-24,62.57093811035156,181.4613494873047
2019-04-25,62.932945251464844,192.07591247558594
2019-04-26,63.43349075317383,190.31675720214844
2019-04-29,64.3660659790039,193.5865936279297
2019-04-30,59.5373649597168,192.21505737304688
2019-05-01,58.2641487121582,191.84732055664062
2019-05-02,57.92597961425781,191.35037231445312
2019-05-03,59.07008743286133,194.27235412597656
2019-05-06,59.264251708984375,192.69210815429688
2019-05-07,58.539249420166016,188.6072998046875
2019-05-08,58.13801956176758,188.37867736816406
2019-05-09,57.998477935791016,187.494140625
2019-05-10,57.98208999633789,187.18605041503906
2019-05-13,56.44022750854492,180.42771911621094
2019-05-14,55.85774230957031,179.62266540527344
2019-05-15,58.139015197753906,185.12875366210938
2019-05-16,58.81931686401367,185.8443145751953
2019-05-17,58.038700103759766,184.1646728515625
2019-05-20,56.84096908569336,181.6004638671875
2019-05-21,57.32661437988281,183.6876220703125
2019-05-22,57.396629333496094,184.18455505371094
2019-05-23,56.87472915649414,179.76182556152344
2019-05-24,56.54053497314453,179.95065307617188
2019-05-28,56.58770751953125,183.1807403564453
2019-05-29,55.61343002319336,181.07373046875
2019-05-30,55.68642807006836,181.88868713378906
2019-05-31,54.9460334777832,176.3826446533203
2019-06-03,51.58124542236328,163.1442413330078
2019-06-04,52.36334228515625,166.47372436523438
2019-06-05,51.87422180175781,167.13963317871094
2019-06-06,52.029151916503906,167.2986602783203
2019-06-07,53.052589416503906,172.28787231445312
2019-06-10,53.76716613769531,173.74891662597656
2019-06-11,53.6817512512207,177.0087890625
2019-06-12,53.58542251586914,173.967529296875
2019-06-13,54.17683792114258,176.3826446533203
2019-06-14,53.94294738769531,180.21902465820312
2019-06-17,54.31985092163086,187.8519287109375
2019-06-18,54.88346862792969,187.3152618408203
2019-06-19,54.84720993041992,186.33131408691406
2019-06-20,55.27873611450195,188.36874389648438
2019-06-21,55.8830680847168,189.96888732910156
2019-06-24,55.452537536621094,191.4199676513672
2019-06-25,54.00651550292969,187.68299865722656
2019-06-26,53.64599609375,186.51022338867188
2019-06-27,53.46276092529297,188.3389434814453
2019-06-28,53.76914596557617,191.8175048828125
2019-07-01,54.62325668334961,191.8175048828125
2019-07-02,55.24894332885742,193.80523681640625
2019-07-03,55.764888763427734,195.99176025390625
2019-07-05,56.245567321777344,195.1966552734375
2019-07-08,55.45701217651367,194.56057739257812
2019-07-09,55.829437255859375,197.98948669433594
2019-07-10,56.654747009277344,201.48788452148438
2019-07-11,56.812156677246094,199.99705505371094
2019-07-12,56.87472915649414,203.61477661132812
2019-07-15,57.13146209716797,202.66065979003906
2019-07-16,57.2779541015625,202.591064453125
2019-07-17,56.944252014160156,200.5635986328125
2019-07-18,56.969078063964844,199.54981994628906
2019-07-19,56.1899528503418,197.14466857910156
2019-07-22,56.5703239440918,201.08041381835938
2019-07-23,57.00930404663086,201.1201629638672
2019-07-24,56.596153259277344,203.4060516357422
2019-07-25,56.407955169677734,199.48025512695312
2019-07-26,61.83452606201172,198.52615356445312
2019-07-29,61.66667938232422,194.73951721191406
2019-07-30,60.97942352294922,195.83273315429688
2019-07-31,60.49277114868164,193.0399627685547
2019-08-01,60.17397689819336,191.5491485595703
2019-08-02,59.40626907348633,187.8618927001953
2019-08-05,57.34199905395508,180.61656188964844
2019-08-06,58.15290832519531,183.3795166015625
2019-08-07,58.39276123046875,184.0155792236328
2019-08-08,59.896392822265625,188.99488830566406
2019-08-09,59.037811279296875,186.6990509033203
2019-08-12,58.32273864746094,184.23426818847656
2019-08-13,59.4266242980957,187.2953643798828
2019-08-14,57.81375503540039,178.60891723632812
2019-08-15,58.06551742553711,181.4712677001953
2019-08-16,58.55662536621094,182.57447814941406
2019-08-19,59.61085510253906,185.0293426513672
2019-08-20,58.77115249633789,182.68380737304688
2019-08-21,59.17089080810547,182.4254150390625
2019-08-22,59.167911529541016,180.92462158203125
2019-08-23,57.283912658691406,176.66091918945312
2019-08-26,58.157875061035156,179.2549285888672
2019-08-27,58.13999557495117,180.18917846679688
2019-08-28,58.28549575805664,180.6463623046875
2019-08-29,59.302978515625,184.4330291748047
2019-08-30,59.11875534057617,184.5323944091797
2019-09-03,58.07693099975586,181.2725067138672
2019-09-04,58.708580017089844,185.993408203125
2019-09-05,60.194332122802734,189.73036193847656
2019-09-06,59.90284729003906,186.3412628173828
2019-09-09,59.850704193115234,187.60348510742188
2019-09-10,59.87205123901367,185.0293426513672
2019-09-11,60.582157135009766,187.3351287841797
2019-09-12,61.325531005859375,186.32138061523438
2019-09-13,61.57679748535156,186.0430908203125
2019-09-16,61.15967559814453,185.07904052734375
2019-09-17,61.072776794433594,186.92764282226562
2019-09-18,61.210323333740234,186.98728942871094
2019-09-19,61.513240814208984,188.97500610351562
2019-09-20,61.0707893371582,188.7663116455078
2019-09-23,61.31163024902344,185.6753692626953
2019-09-24,60.499229431152344,180.16929626464844
2019-09-25,61.87027359008789,181.67999267578125
2019-09-26,61.689022064208984,179.00645446777344
2019-09-27,60.877620697021484,176.01490783691406
2019-09-30,60.63876724243164,176.98892211914062
2019-10-01,59.88695526123047,174.7328338623047
2019-10-02,58.49257278442383,173.53025817871094
2019-10-03,59.06413269042969,178.2809600830078
2019-10-04,60.13325500488281,179.34437561035156
2019-10-07,59.99868392944336,178.5791015625
2019-10-08,59.0988883972168,176.66091918945312
2019-10-09,59.70818328857422,178.74807739257812
2019-10-10,60.059261322021484,178.9269561767578
2019-10-11,60.3691291809082,183.06149291992188
2019-10-14,60.47142028808594,182.1570587158203
2019-10-15,61.68654251098633,187.73268127441406
2019-10-16,61.72428512573242,188.38864135742188
2019-10-17,62.21092224121094,189.22349548339844
2019-10-18,61.7943000793457,184.71131896972656
2019-10-21,61.787841796875,188.5973358154297
2019-10-22,61.6348991394043,181.22280883789062
2019-10-23,62.450775146484375,185.0094757080078
2019-10-24,62.52426528930664,185.23806762695312
2019-10-25,62.78199005126953,186.7388153076172
2019-10-28,64.00753784179688,188.23953247070312
2019-10-29,62.60123062133789,188.15011596679688
2019-10-30,62.60322189331055,187.0966033935547
2019-10-31,62.50886917114258,190.4757537841797
2019-11-01,63.176761627197266,192.4337158203125
2019-11-04,64.038818359375,193.52696228027344
2019-11-05,64.12969207763672,193.12939453125
2019-11-06,64.10833740234375,190.3763885498047
2019-11-07,64.89938354492188,189.25331115722656
2019-11-08,65.00167846679688,189.6707305908203
2019-11-11,64.46935272216797,188.44827270507812
2019-11-12,64.41621398925781,193.2784881591797
2019-11-13,64.36507415771484,192.00636291503906
2019-11-14,65.0091323852539,191.96658325195312
2019-11-15,66.22026824951172,193.90464782714844
2019-11-18,65.53995513916016,196.19053649902344
2019-11-19,65.17994689941406,198.09878540039062
2019-11-20,64.64712524414062,196.2998504638672
2019-11-21,64.56171417236328,196.71730041503906
2019-11-22,64.24043273925781,197.6018524169922
2019-11-25,64.83483123779297,198.56590270996094
2019-11-26,65.20030975341797,197.7509307861328
2019-11-27,65.1571044921875,200.76235961914062
2019-11-29,64.75785064697266,200.40457153320312
2019-12-02,64.00157928466797,198.4764404296875
2019-12-03,64.2935562133789,197.6018524169922
2019-12-04,65.49526977539062,197.49253845214844
2019-12-05,65.8935317993164,198.13851928710938
2019-12-06,66.51075744628906,199.8181610107422
2019-12-09,66.68952941894531,200.10641479492188
2019-12-10,66.68457794189453,199.63925170898438
2019-12-11,66.75210571289062,201.020751953125
2019-12-12,66.96265411376953,195.54452514648438
2019-12-13,66.88219451904297,192.92068481445312
2019-12-16,67.56897735595703,196.7073516845703
2019-12-17,67.28046417236328,197.1744842529297
2019-12-18,67.13248443603516,201.25930786132812
2019-12-19,67.35742950439453,204.7974853515625
2019-12-20,67.09821319580078,205.0360107421875
2019-12-23,67.06892395019531,204.916748046875
2019-12-24,66.76104736328125,203.8632354736328
2019-12-26,67.65685272216797,206.51686096191406
2019-12-27,67.2680435180664,206.82498168945312
2019-12-30,66.52664947509766,203.15757751464844
2019-12-31,66.51075744628906,203.99244689941406
2020-01-02,67.96524047851562,208.49468994140625
2020-01-03,67.60968780517578,207.39149475097656
2020-01-06,69.41175842285156,211.2974090576172
2020-01-07,69.27767944335938,211.7545928955078
2020-01-08,69.77078247070312,213.9013671875
2020-01-09,70.50323486328125,216.96249389648438
2020-01-10,70.95858764648438,216.7239532470703
2020-01-13,71.50829315185547,220.5503692626953
2020-01-14,71.03953552246094,217.71783447265625
2020-01-15,71.46707916259766,219.79502868652344
2020-01-16,72.0113296508789,220.4112548828125
2020-01-17,73.4692611694336,220.77896118164062
2020-01-21,73.6048583984375,220.08326721191406
2020-01-22,73.68528747558594,219.96401977539062
2020-01-23,73.72599029541016,218.41355895996094
2020-01-24,72.80635070800781,216.60470581054688
2020-01-27,71.09614562988281,213.55349731445312
2020-01-28,72.02821350097656,216.45559692382812
2020-01-29,72.33609008789062,221.86228942871094
2020-01-30,72.21443176269531,208.24623107910156
2020-01-31,71.14828491210938,200.67291259765625
2020-02-03,73.6222152709961,202.93894958496094
2020-02-04,71.77545928955078,208.5443878173828
2020-02-05,71.80723571777344,208.8226776123047
2020-02-06,73.2929916381836,209.55812072753906
2020-02-07,73.44890594482422,211.02906799316406
2020-02-10,74.91629791259766,211.7545928955078
2020-02-11,74.9858169555664,205.92054748535156
2020-02-12,75.41138458251953,209.46865844726562
2020-02-13,75.15116882324219,211.83409118652344
2020-02-14,75.41634368896484,212.8677215576172
2020-02-18,75.45160675048828,216.4655303955078
2020-02-19,75.72123718261719,216.157470703125
2020-02-20,75.32994079589844,213.26528930664062
2020-02-21,73.66492462158203,208.89224243164062
2020-02-24,70.50669860839844,199.49021911621094
2020-02-25,68.84120178222656,195.5644073486328
2020-02-26,69.04727172851562,195.99176025390625
2020-02-27,65.29713439941406,188.58741760253906
2020-02-28,66.5038070678711,191.29074096679688
2020-03-02,68.84120178222656,195.23643493652344
2020-03-03,66.4278335571289,184.75106811523438
2020-03-04,68.6068115234375,190.58509826660156
2020-03-05,65.28768920898438,184.0354766845703
2020-03-06,64.34322357177734,179.98046875
2020-03-09,60.37309646606445,168.4614715576172
2020-03-10,63.3217658996582,177.09823608398438
2020-03-11,60.13027572631836,169.19696044921875
2020-03-12,55.196800231933594,153.52357482910156
2020-03-13,60.2976188659668,169.23670959472656
2020-03-16,53.282508850097656,145.1154022216797
2020-03-17,55.520076751708984,148.50450134277344
2020-03-18,54.18577575683594,146.05960083007812
2020-03-19,55.202754974365234,152.19178771972656
2020-03-20,53.044647216796875,148.8126220703125
2020-03-23,52.3454704284668,147.19261169433594
2020-03-24,56.11347961425781,159.9936981201172
2020-03-25,54.703704833984375,155.2529296875
2020-03-26,57.747711181640625,162.33921813964844
2020-03-27,55.13274383544922,155.82933044433594
2020-03-30,56.92289352416992,164.93324279785156
2020-03-31,57.69953918457031,165.7780303955078
2020-04-01,54.727535247802734,158.62216186523438
2020-04-02,55.468929290771484,157.22079467773438
2020-04-03,54.2607536315918,153.23536682128906
2020-04-06,58.75426483154297,164.5356903076172
2020-04-07,58.72297668457031,167.7955780029297
2020-04-08,59.93661117553711,173.21218872070312
2020-04-09,59.91525650024414,174.11660766601562
2020-04-13,60.10594177246094,173.71908569335938
2020-04-14,62.82817077636719,177.07835388183594
2020-04-15,62.434391021728516,175.88572692871094
2020-04-16,62.44084167480469,175.17015075683594
2020-04-17,63.5119514465332,178.14183044433594
2020-04-20,62.62556838989258,177.14794921875
2020-04-21,60.19284439086914,169.75352478027344
2020-04-22,62.48950958251953,181.1632080078125
2020-04-23,63.123130798339844,183.99571228027344
2020-04-24,63.39277648925781,188.90545654296875
2020-04-27,63.10773849487305,186.3511962890625
2020-04-28,61.20734786987305,181.789306640625
2020-04-29,66.6493148803711,193.00022888183594
2020-04-30,66.87376403808594,203.4557647705078
2020-05-01,65.4148178100586,201.03070068359375
2020-05-04,65.69190979003906,204.0023651123047
2020-05-05,66.98896789550781,205.80130004882812
2020-05-06,66.81070709228516,207.1927032470703
2020-05-07,67.99503326416016,209.9656219482422
2020-05-08,68.74287414550781,211.04893493652344
2020-05-11,69.69877624511719,211.87387084960938
2020-05-12,68.28800964355469,208.81272888183594
2020-05-13,66.95470428466797,203.84339904785156
2020-05-14,67.37828826904297,205.5428924560547
2020-05-15,68.18273162841797,209.5879364013672
2020-05-18,68.78458404541016,211.88380432128906
2020-05-19,68.249267578125,215.55120849609375
2020-05-20,69.97537994384766,228.56100463867188
2020-05-21,69.85570526123047,229.9722900390625
2020-05-22,70.17796325683594,233.47071838378906
2020-05-26,70.58168029785156,230.77731323242188
2020-05-27,70.5275650024414,227.73606872558594
2020-05-28,70.42626953125,224.07861328125
2020-05-29,71.1850357055664,223.7108917236328
2020-06-01,71.25206756591797,230.48910522460938
2020-06-02,71.62151336669922,231.2941436767578
2020-06-03,71.46956634521484,228.74981689453125
2020-06-04,70.23059844970703,224.90354919433594
2020-06-05,71.50779724121094,229.3560791015625
2020-06-08,71.90605926513672,229.98220825195312
2020-06-09,72.10667419433594,237.2076873779297
2020-06-10,72.73334503173828,235.27957153320312
2020-06-11,69.6148681640625,223.05491638183594
2020-06-12,70.16209411621094,227.1795196533203
2020-06-15,70.55040740966797,231.07546997070312
2020-06-16,71.8281021118164,234.2061767578125
2020-06-17,72.1295166015625,234.0869140625
2020-06-18,71.21482849121094,234.494384765625
2020-06-19,70.74408721923828,237.32693481445312
2020-06-22,72.03616333007812,237.7543182373047
2020-06-23,72.69760131835938,240.75582885742188
2020-06-24,71.14430236816406,232.58619689941406
2020-06-25,71.56143188476562,234.23599243164062
2020-06-26,67.66033935546875,214.756103515625
2020-06-29,69.37997436523438,219.28814697265625
2020-06-30,70.41682434082031,225.67874145507812
2020-07-01,71.60612487792969,236.09454345703125
2020-07-02,72.99305725097656,231.98985290527344
2020-07-06,74.46887969970703,238.80783081054688
2020-07-07,73.98571014404297,239.38427734375
2020-07-08,74.66502380371094,242.08763122558594
2020-07-09,75.41287231445312,243.00196838378906
2020-07-10,76.42339324951172,243.5684814453125
2020-07-13,75.09356689453125,237.53567504882812
2020-07-14,75.5221176147461,238.2611846923828
2020-07-15,75.3244857788086,238.80783081054688
2020-07-16,75.2271499633789,239.45382690429688
2020-07-17,75.32299041748047,240.54710388183594
2020-07-20,77.65640258789062,243.91632080078125
2020-07-21,77.26310729980469,240.26881408691406
2020-07-22,77.70654296875,238.4003143310547
2020-07-23,75.31803131103516,231.1748809814453
2020-07-24,74.89395141601562,229.2964630126953
2020-07-27,75.94768524169922,232.06935119628906
2020-07-28,74.66751098632812,228.7100830078125
2020-07-29,75.6537094116211,231.8606414794922
2020-07-30,76.39161682128906,233.063232421875
2020-07-31,73.88788604736328,252.11578369140625
2020-08-03,73.63017272949219,250.416259765625
2020-08-04,73.16040802001953,248.29931640625
2020-08-05,73.44792175292969,247.59364318847656
2020-08-06,74.73206329345703,263.6546630859375
2020-08-07,74.40532684326172,266.7952575683594
2020-08-10,74.3283462524414,261.3886413574219
2020-08-11,73.51993560791016,254.56069946289062
2020-08-12,74.84577941894531,258.2976989746094
2020-08-13,75.31305694580078,259.69903564453125
2020-08-14,74.71617889404297,259.639404296875
2020-08-17,75.2927017211914,259.55987548828125
2020-08-18,77.25614929199219,260.7326354980469
2020-08-19,76.70147705078125,260.9811096191406
2020-08-20,78.27264404296875,267.3617858886719
2020-08-21,78.23888397216797,265.3740539550781
2020-08-24,78.714599609375,269.7272033691406
2020-08-25,79.74251556396484,279.09942626953125
2020-08-26,81.64339447021484,302.0479736328125
2020-08-27,80.86824798583984,291.4234313964844
2020-08-28,81.41000366210938,291.8607482910156
2020-08-31,80.91839599609375,291.40362548828125
2020-09-01,82.18714904785156,293.6298522949219
2020-09-02,85.28131103515625,300.6465759277344
2020-09-03,80.91740417480469,289.3363342285156
2020-09-04,78.51895141601562,280.99774169921875
2020-09-08,75.6581802368164,269.49859619140625
2020-09-09,76.83158874511719,272.04296875
2020-09-10,75.77983856201172,266.4474182128906
2020-09-11,75.26885986328125,264.9765319824219
2020-09-14,74.92472839355469,264.5193176269531
2020-09-15,76.230224609375,270.75091552734375
2020-09-16,75.08663177490234,261.90545654296875
2020-09-17,73.84269714355469,253.25872802734375
2020-09-18,72.05750274658203,250.9827423095703
2020-09-21,71.01718139648438,246.6295928955078
2020-09-22,72.49102020263672,253.1891632080078
2020-09-23,69.9867935180664,247.49429321289062
2020-09-24,70.65567779541016,248.00112915039062
2020-09-25,71.46013641357422,253.25872802734375
2020-09-28,72.43343353271484,255.2465362548828
2020-09-29,72.79889678955078,260.1860656738281
2020-09-30,72.7780532836914,260.29534912109375
2020-10-01,73.88539123535156,264.9963684082031
2020-10-02,72.2814712524414,258.3473815917969
2020-10-05,73.63363647460938,263.02850341796875
2020-10-06,72.05403900146484,257.0752258300781
2020-10-07,72.45726013183594,256.53851318359375
2020-10-08,73.66344451904297,262.14398193359375
2020-10-09,75.00518035888672,262.8297424316406
2020-10-12,77.69364166259766,274.0605163574219
2020-10-13,77.81678009033203,274.4481506347656
2020-10-14,77.63654327392578,270.1545715332031
2020-10-15,77.24076843261719,265.0857849121094
2020-10-16,77.84808349609375,264.3006286621094
2020-10-19,75.97349548339844,259.7984313964844
2020-10-20,77.02277374267578,265.920654296875
2020-10-21,78.75630950927734,277.02227783203125
2020-10-22,79.78273010253906,276.41595458984375
2020-10-23,81.0897216796875,283.0451354980469
2020-10-26,78.6718978881836,275.41217041015625
2020-10-27,79.39639282226562,281.5542907714844
2020-10-28,75.02256774902344,266.0300598144531
2020-10-29,77.31078338623047,279.109375
2020-10-30,80.25198364257812,261.4979553222656
2020-11-02,80.65968322753906,259.7586364746094
2020-11-03,81.7193832397461,263.67449951171875
2020-11-04,86.69456481933594,285.6192321777344
2020-11-05,87.52135467529297,292.87451171875
2020-11-06,87.38379669189453,291.6123046875
2020-11-09,87.46772766113281,277.0619812011719
2020-11-10,86.29084777832031,270.76080322265625
2020-11-11,86.7630844116211,274.7860412597656
2020-11-12,86.54410552978516,273.39459228515625
2020-11-13,88.00601196289062,275.253173828125
2020-11-16,88.09391784667969,277.2508239746094
2020-11-17,87.47964477539062,273.3150939941406
2020-11-18,86.43583679199219,270.30364990234375
2020-11-19,87.3261947631836,271.2677307128906
2020-11-20,86.22429656982422,268.047607421875
2020-11-23,85.78631591796875,266.7853698730469
2020-11-24,87.59087371826172,275.2232971191406
2020-11-25,87.602294921875,273.9014892578125
2020-11-27,88.73895263671875,276.1078796386719
2020-11-30,87.11913299560547,275.27301025390625
2020-12-01,89.15310668945312,284.7943420410156
2020-12-02,90.62345123291016,285.7583312988281
2020-12-03,90.4680404663086,280.1231384277344
2020-12-04,90.56338500976562,277.9862976074219
2020-12-07,90.22918701171875,283.83026123046875
2020-12-08,89.94613647460938,281.66363525390625
2020-12-09,88.28408813476562,276.2171936035156
2020-12-10,87.77709197998047,275.42205810546875
2020-12-11,88.13214111328125,271.87396240234375
2020-12-14,87.01286315917969,272.51007080078125
2020-12-15,87.45084381103516,273.86175537109375
2020-12-16,87.2576675415039,273.98101806640625
2020-12-17,86.42938995361328,272.79827880859375
2020-12-18,85.71977233886719,274.70648193359375
2020-12-21,86.1339340209961,271.1186828613281
2020-12-22,85.42183685302734,265.45355224609375
2020-12-23,85.81958770751953,266.46728515625
2020-12-24,86.11406707763672,265.7616271972656
2020-12-28,88.0904312133789,275.3028564453125
2020-12-29,87.28598022460938,275.0841979980469
2020-12-30,86.21784210205078,270.20428466796875
2020-12-31,87.03173828125,271.4863586425781
2021-01-04,85.71531677246094,267.292236328125
2021-01-05,86.40653991699219,269.309814453125
2021-01-06,85.55392456054688,261.6966857910156
2021-01-07,88.10930633544922,267.0934753417969
2021-01-08,89.27576446533203,265.9306335449219
2021-01-11,87.21298217773438,255.266357421875
2021-01-12,86.27643585205078,249.55160522460938
2021-01-13,86.76408386230469,250.0982208251953
2021-01-14,85.95316314697266,244.13497924804688
2021-01-15,85.78929901123047,249.81993103027344
2021-01-19,88.61233520507812,259.5002746582031
2021-01-20,93.35958862304688,265.8411865234375
2021-01-21,93.56217956542969,271.1981201171875
2021-01-22,93.97980499267578,272.81817626953125
2021-01-25,94.0652084350586,276.3066711425781
2021-01-26,94.7440414428711,280.3218688964844
2021-01-27,90.32402801513672,270.4726257324219
2021-01-28,92.02529907226562,263.3763732910156
2021-01-29,90.74213409423828,256.7472229003906
2021-02-01,94.00514221191406,260.40472412109375
2021-02-02,95.29871368408203,265.4435729980469
2021-02-03,102.23884582519531,265.0162658691406
2021-02-04,101.9781494140625,264.8572082519531
2021-02-05,103.72608947753906,266.4573669433594
2021-02-08,103.51206970214844,264.9466857910156
2021-02-09,103.05870056152344,267.79913330078125
2021-02-10,103.6093978881836,270.20428466796875
2021-02-11,103.72211456298828,268.73333740234375
2021-02-12,104.03396606445312,268.8426818847656
2021-02-16,104.81210327148438,272.2914123535156
2021-02-17,105.20537567138672,271.89385986328125
2021-02-18,104.56927490234375,267.73944091796875
2021-02-19,103.72509002685547,259.95745849609375
2021-02-22,102.00942993164062,258.7349548339844
2021-02-23,102.3004150390625,264.2310791015625
2021-02-24,103.47681427001953,262.6905517578125
2021-02-25,100.1070556640625,253.12953186035156
2021-02-26,100.40300750732422,256.04156494140625
2021-03-01,102.77415466308594,263.28692626953125
2021-03-02,102.51692962646484,257.4130859375
2021-03-03,99.88160705566406,253.84510803222656
2021-03-04,100.99989318847656,256.0614318847656
2021-03-05,104.13526153564453,262.6607360839844
2021-03-08,99.68744659423828,253.74574279785156
2021-03-09,101.31919860839844,264.11181640625
2021-03-10,101.11212158203125,263.2769470214844
2021-03-11,104.30757904052734,272.20196533203125
2021-03-12,101.79788208007812,266.7554931640625
2021-03-15,102.01837158203125,272.07275390625
2021-03-16,103.48078155517578,277.56884765625
2021-03-17,103.3978500366211,282.2698669433594
2021-03-18,100.37470245361328,276.91290283203125
2021-03-19,100.6537857055664,288.3324890136719
2021-03-22,100.83899688720703,291.7414855957031
2021-03-23,101.36734771728516,288.84930419921875
2021-03-24,100.93037414550781,280.41131591796875
2021-03-25,100.92689514160156,277.03216552734375
2021-03-26,100.54304504394531,281.28594970703125
2021-03-29,101.58883666992188,289.03814697265625
2021-03-30,101.62260437011719,286.2354431152344
2021-03-31,102.41959381103516,292.72540283203125
2021-04-01,105.75956726074219,296.83013916015625
2021-04-05,110.18801879882812,307.017333984375
2021-04-06,109.70633697509766,304.3835754394531
2021-04-07,111.18466186523438,311.17169189453125
2021-04-08,111.75074768066406,311.1021423339844
2021-04-09,112.75581359863281,310.5455627441406
2021-04-12,111.46224212646484,309.6311950683594
2021-04-13,111.94937133789062,307.86212158203125
2021-04-14,111.3276596069336,300.96466064453125
2021-04-15,113.47980499267578,305.9339904785156
2021-04-16,113.35567474365234,304.30401611328125
2021-04-19,113.70376586914062,300.38818359375
2021-04-20,113.16996002197266,300.7956848144531
2021-04-21,113.13719177246094,299.6229248046875
2021-04-22,111.85453033447266,294.7032165527344
2021-04-23,114.20878601074219,299.2850341796875
2021-04-26,114.70536804199219,301.1833190917969
2021-04-27,113.76435089111328,301.71002197265625
2021-04-28,117.14405822753906,305.2184143066406
2021-04-29,118.81848907470703,327.49114990234375
2021-04-30,116.86894226074219,323.0882263183594
2021-05-03,116.35151672363281,320.6035461425781
2021-05-04,114.5514144897461,316.4093933105469
2021-05-05,114.94571685791016,313.0898742675781
2021-05-06,116.06698608398438,318.05926513671875
2021-05-07,116.79096984863281,317.125
2021-05-10,113.8025894165039,304.0953369140625
2021-05-11,112.72550964355469,304.65191650390625
2021-05-12,109.25892639160156,300.6962890625
2021-05-13,110.6885757446289,303.38970947265625
2021-05-14,113.13867950439453,314.00421142578125
2021-05-17,113.66207122802734,313.5271911621094
2021-05-18,112.34861755371094,308.0608825683594
2021-05-19,112.79702758789062,311.66864013671875
2021-05-20,114.557373046875,316.6579284667969
2021-05-21,113.92076873779297,314.29248046875
2021-05-24,117.24337005615234,322.6409912109375
2021-05-25,117.33423614501953,325.78167724609375
2021-05-26,118.20025634765625,325.65240478515625
2021-05-27,117.32479095458984,330.71124267578125
2021-05-28,117.03528594970703,326.7159118652344
2021-06-01,118.24346923828125,327.11346435546875
2021-06-02,117.71759033203125,327.13330078125
2021-06-03,116.5749740600586,324.0423583984375
2021-06-04,118.85871887207031,328.3259582519531
2021-06-07,119.292236328125,334.51776123046875
2021-06-08,119.10054779052734,331.6355285644531
2021-06-09,119.57230377197266,328.2265625
2021-06-10,120.9224853515625,330.4230651855469
2021-06-11,120.67767333984375,329.23040771484375
2021-06-14,121.60676574707031,334.70660400390625
2021-06-15,120.5877914428711,334.6867980957031
2021-06-16,119.94522857666016,329.0514831542969
2021-06-17,120.90957641601562,334.4482421875
2021-06-18,119.28826141357422,327.64019775390625
2021-06-21,120.97809600830078,330.2540588378906
2021-06-22,121.4925537109375,336.95281982421875
2021-06-23,121.29044342041016,338.5032043457031
2021-06-24,121.660888671875,341.0773620605469
2021-06-25,121.66934204101562,339.2784118652344
2021-06-28,121.6966552734375,353.46099853515625
2021-06-29,121.43494415283203,349.7340087890625
2021-06-30,121.25320434570312,345.57958984375
2021-07-01,121.60577392578125,352.2187194824219
2021-07-02,124.3995132446289,352.5268249511719
2021-07-06,125.32562255859375,350.6185302734375
2021-07-07,125.60767364501953,348.3425598144531
2021-07-08,124.18746185302734,343.5322265625
2021-07-09,124.65870666503906,348.2729797363281
2021-07-12,126.1057357788086,350.9962158203125
2021-07-13,126.46922302246094,349.9327697753906
2021-07-14,127.35858917236328,345.5001220703125
2021-07-15,126.13502502441406,342.3495178222656
2021-07-16,126.10028076171875,339.0697326660156
2021-07-19,123.72466278076172,334.885498046875
2021-07-20,125.34500122070312,339.5666809082031
2021-07-21,126.6753158569336,344.1086730957031
2021-07-22,127.54180908203125,349.0382995605469
2021-07-23,132.10386657714844,367.52435302734375
2021-07-26,133.1168975830078,370.1779479980469
2021-07-27,130.99649047851562,365.55645751953125
2021-07-28,135.16177368164062,370.99298095703125
2021-07-29,134.84744262695312,356.12457275390625
2021-07-30,133.8036346435547,354.116943359375
2021-08-02,133.9307861328125,349.7936706542969
2021-08-03,134.70095825195312,349.0879211425781
2021-08-04,134.1999053955078,356.720947265625
2021-08-05,135.3181915283203,360.7461242675781
2021-08-06,134.80870056152344,361.28277587890625
2021-08-09,135.97515869140625,359.3944091796875
2021-08-10,135.86988830566406,358.9173889160156
2021-08-11,135.34552001953125,357.7545166015625
2021-08-12,136.25425720214844,360.4280700683594
2021-08-13,136.78408813476562,360.9548034667969
2021-08-16,137.3621063232422,364.3141174316406
2021-08-17,135.72540283203125,356.2538146972656
2021-08-18,134.5211944580078,353.2722473144531
2021-08-19,134.7506103515625,352.9441833496094
2021-08-20,136.48812866210938,357.16815185546875
2021-08-23,139.0822296142578,361.123779296875
2021-08-24,140.29388427734375,363.27056884765625
2021-08-25,141.1057891845703,366.1329345703125
2021-08-26,140.47164916992188,362.1474609375
2021-08-27,143.017578125,370.346923828125
2021-08-30,143.60006713867188,378.32769775390625
2021-08-31,143.7063446044922,377.0555725097656
2021-09-01,144.22079467773438,379.7091979980469
2021-09-02,142.30551147460938,372.980712890625
2021-09-03,142.75491333007812,373.95465087890625
2021-09-07,143.2921905517578,379.83837890625
2021-09-08,142.70675659179688,375.25665283203125
2021-09-09,142.5577850341797,375.6840515136719
2021-09-10,139.91102600097656,376.3697814941406
2021-09-13,141.35755920410156,374.2031555175781
2021-09-14,141.56809997558594,374.2229919433594
2021-09-15,143.440185546875,371.6290588378906
2021-09-16,142.6262969970703,370.7742614746094
2021-09-17,139.83555603027344,362.4853820800781
2021-09-20,137.76930236816406,353.5206604003906
2021-09-21,138.08065795898438,355.289794921875
2021-09-22,139.3225555419922,341.1071472167969
2021-09-23,140.2487030029297,343.84033203125
2021-09-24,141.24082946777344,350.79742431640625
2021-09-27,140.1056671142578,351.41363525390625
2021-09-28,134.89959716796875,338.5628356933594
2021-09-29,133.43319702148438,337.5292053222656
2021-09-30,132.76034545898438,337.31060791015625
2021-10-01,135.6077117919922,340.9084167480469
2021-10-04,132.7439422607422,324.231201171875
2021-10-05,135.0912628173828,330.9199523925781
2021-10-06,136.62271118164062,331.5957946777344
2021-10-07,138.27133178710938,327.2029113769531
2021-10-08,138.8280029296875,328.02777099609375
2021-10-11,137.96246337890625,323.4560546875
2021-10-12,135.5143585205078,321.7862854003906
2021-10-13,136.63958740234375,322.5516052246094
2021-10-14,140.18411254882812,326.5171203613281
2021-10-15,140.399658203125,322.7702331542969
2021-10-18,141.79998779296875,333.2853698730469
2021-10-19,142.255859375,337.9068908691406
2021-10-20,140.7978973388672,338.6920471191406
2021-10-21,140.91409301757812,339.7853088378906
2021-10-22,136.62417602539062,322.6211242675781
2021-10-25,136.50552368164062,326.6761169433594
2021-10-26,138.35426330566406,313.87506103515625
2021-10-27,145.21592712402344,310.3070373535156
2021-10-28,144.84994506835938,314.978271484375
2021-10-29,147.0319061279297,321.58746337890625
2021-11-01,142.51405334472656,327.958251953125
2021-11-02,144.43630981445312,326.0698547363281
2021-11-03,145.59384155273438,329.58819580078125
2021-11-04,147.25189208984375,333.79229736328125
2021-11-05,147.83241271972656,339.0398864746094
2021-11-08,148.01014709472656,336.5452880859375
2021-11-09,147.89845275878906,333.315185546875
2021-11-10,144.89414978027344,325.63262939453125
2021-11-11,144.76800537109375,325.7319030761719
2021-11-12,147.6595916748047,338.8014221191406
2021-11-15,147.4351348876953,345.4305419921875
2021-11-16,146.8630828857422,340.85870361328125
2021-11-17,147.03289794921875,338.68212890625
2021-11-18,148.81214904785156,336.6148376464844
2021-11-19,147.90635681152344,343.1843566894531
2021-11-22,145.2998504638672,338.920654296875
2021-11-23,144.7834014892578,335.1837158203125
2021-11-24,145.11912536621094,338.9703369140625
2021-11-26,141.20907592773438,331.0789794921875
2021-11-29,144.5336456298828,335.95892333984375
2021-11-30,140.92552185058594,322.4720458984375
2021-12-01,140.0853271484375,308.6969909667969
2021-12-02,141.9866943359375,308.4883117675781
2021-12-03,141.02880859375,304.9599914550781
2021-12-06,142.17440795898438,315.9223937988281
2021-12-07,146.26071166992188,320.8321533203125
2021-12-08,147.1714630126953,328.53466796875
2021-12-09,146.62721252441406,327.7992248535156
2021-12-10,146.98770141601562,327.7296447753906
2021-12-13,144.82763671875,332.44061279296875
2021-12-14,142.92124938964844,331.6951599121094
2021-12-15,145.43788146972656,339.5666809082031
2021-12-16,143.45559692382812,332.8481140136719
2021-12-17,140.75421142578125,331.74493408203125
2021-12-20,140.6370086669922,323.4560546875
2021-12-21,142.48974609375,332.1523742675781
2021-12-22,145.41204833984375,328.42535400390625
2021-12-23,145.91015625,333.18603515625
2021-12-27,146.89337158203125,344.0589904785156
2021-12-28,145.6822052001953,344.09869384765625
2021-12-29,145.65040588378906,340.8388366699219
2021-12-30,145.1990509033203,342.2500915527344
2021-12-31,143.8597869873047,334.2892150878906
2022-01-03,143.99832153320312,336.4657897949219
2022-01-04,143.410400390625,334.4681091308594
2022-01-05,136.8312530517578,322.1838073730469
2022-01-06,136.80393981933594,330.4230651855469
2022-01-07,136.07846069335938,329.75714111328125
2022-01-10,137.71963500976562,326.0599060058594
2022-01-11,138.77883911132812,332.3213195800781
2022-01-12,140.46170043945312,331.2181701660156
2022-01-13,137.6376953125,324.47967529296875
2022-01-14,138.52508544921875,329.8664855957031
2022-01-18,135.06643676757812,316.2007141113281
2022-01-19,134.19097900390625,317.6318664550781
2022-01-20,132.3943634033203,314.6204528808594
2022-01-21,129.4586181640625,301.3125305175781
2022-01-24,129.90802001953125,306.81854248046875
2022-01-25,126.06550598144531,298.31097412109375
2022-01-26,128.34776306152344,292.8247985839844
2022-01-27,128.12135314941406,292.83477783203125
2022-01-28,132.43759155273438,299.86138916015625
2022-01-31,134.37669372558594,311.3406677246094
2022-02-01,136.70114135742188,317.0455017089844
2022-02-02,146.98623657226562,321.02099609375
2022-02-03,142.10986328125,236.30323791503906
2022-02-04,142.3114471435547,235.6373748779297
2022-02-07,138.24749755859375,223.53199768066406
2022-02-08,138.4441375732422,218.83096313476562
2022-02-09,140.62210083007812,230.5785369873047
2022-02-10,137.6704559326172,226.67263793945312
2022-02-11,133.36268615722656,218.204833984375
2022-02-14,134.59765625,216.36614990234375
2022-02-15,135.67276000976562,219.6459503173828
2022-02-16,136.79452514648438,215.21328735351562
2022-02-17,131.63113403320312,206.4373779296875
2022-02-18,129.509765625,204.89688110351562
2022-02-22,128.92428588867188,200.8418731689453
2022-02-23,126.71402740478516,197.23410034179688
2022-02-24,131.78207397460938,206.32806396484375
2022-02-25,133.53846740722656,209.19039916992188
2022-02-28,134.1318817138672,209.73703002929688
2022-03-01,133.1431884765625,202.2432403564453
2022-03-02,133.64968872070312,206.83493041992188
2022-03-03,132.98228454589844,201.72642517089844
2022-03-04,131.00294494628906,198.83424377441406
2022-03-07,125.51282501220703,186.32138061523438
2022-03-08,126.23384857177734,189.1240997314453
2022-03-09,132.50608825683594,197.2838134765625
2022-03-10,131.5223846435547,194.01397705078125
2022-03-11,128.9809112548828,186.4605255126953
2022-03-14,125.08824157714844,185.48654174804688
2022-03-15,128.31301879882812,190.8534393310547
2022-03-16,132.3675537109375,202.38238525390625
2022-03-17,132.92222595214844,206.56654357910156
2022-03-18,135.19305419921875,215.16357421875
2022-03-21,135.1692352294922,210.19422912597656
2022-03-22,138.909912109375,215.32260131835938
2022-03-23,137.32833862304688,212.15213012695312
2022-03-24,140.60227966308594,218.22470092773438
2022-03-25,140.7025604248047,220.46092224121094
2022-03-28,140.48655700683594,222.2200927734375
2022-03-29,141.52935791015625,228.45166015625
2022-03-30,140.9662322998047,226.4539794921875
2022-03-31,138.1149139404297,220.9976043701172
2022-04-01,139.19049072265625,223.4723358154297
2022-04-04,141.9921875,232.45697021484375
2022-04-05,139.62796020507812,230.41952514648438
2022-04-06,135.6126708984375,221.93185424804688
2022-04-07,134.9576873779297,221.58399963378906
2022-04-08,132.37449645996094,220.96778869628906
2022-04-11,127.9410629272461,215.13377380371094
2022-04-12,126.83968353271484,212.82797241210938
2022-04-13,129.00424194335938,213.67276000976562
2022-04-14,125.86193084716797,208.89224243164062
2022-04-18,126.80194091796875,209.4786376953125
2022-04-19,129.1184539794922,215.97854614257812
2022-04-20,127.16292572021484,199.19203186035156
2022-04-21,123.95954132080078,186.91770935058594
2022-04-22,118.8160171508789,182.98196411132812
2022-04-25,122.23095703125,185.8443145751953
2022-04-26,117.83726501464844,179.84132385253906
2022-04-27,113.5115966796875,173.87808227539062
2022-04-28,117.71063232421875,204.469482421875
2022-04-29,113.32786560058594,199.24172973632812
2022-05-02,115.784423828125,209.83642578125
2022-05-03,116.53028106689453,210.73089599609375
2022-05-04,121.42353820800781,222.0411834716797
2022-05-05,115.70745849609375,207.00389099121094
2022-05-06,114.95365905761719,202.5215301513672
2022-05-09,111.74031066894531,195.00782775878906
2022-05-10,113.61140441894531,196.43899536132812
2022-05-11,112.82433319091797,187.5836181640625
2022-05-12,112.07102966308594,190.0682830810547
2022-05-13,115.25556945800781,197.40306091308594
2022-05-16,113.66107177734375,198.81434631347656
2022-05-17,115.67518615722656,201.37855529785156
2022-05-18,111.13300323486328,191.0621795654297
2022-05-19,109.62789154052734,190.1179962158203
2022-05-20,108.16199493408203,192.35418701171875
2022-05-23,110.72432708740234,195.0277099609375
2022-05-24,105.24412536621094,180.16929626464844
2022-05-25,105.08024597167969,182.7036895751953
2022-05-26,107.05413818359375,190.45591735839844
2022-05-27,111.54714965820312,193.9344482421875
2022-05-31,112.98274230957031,192.45359802246094
2022-06-01,113.11186218261719,187.4842071533203
2022-06-02,116.8167953491211,197.64158630371094
2022-06-03,113.75640869140625,189.61109924316406
2022-06-06,116.02030181884766,193.05984497070312
2022-06-07,116.34703826904297,194.45126342773438
2022-06-08,116.3912353515625,195.43519592285156
2022-06-09,114.04888916015625,182.87265014648438
2022-06-10,110.40005493164062,174.4943084716797
2022-06-13,105.66372680664062,163.25357055664062
2022-06-14,105.98451232910156,162.72683715820312
2022-06-15,109.01263427734375,168.31240844726562
2022-06-16,105.30718231201172,159.88436889648438
2022-06-17,106.40957641601562,162.73678588867188
2022-06-21,110.77993774414062,156.0877685546875
2022-06-22,110.72383117675781,154.8951416015625
2022-06-23,111.47315216064453,157.77735900878906
2022-06-24,117.16687774658203,169.11746215820312
2022-06-27,115.04006958007812,168.45155334472656
2022-06-28,111.24026489257812,159.69552612304688
2022-06-29,110.93636322021484,162.93556213378906
2022-06-30,108.21662139892578,160.26202392578125
2022-07-01,107.99267578125,159.0495147705078
2022-07-05,112.4871597290039,167.1595001220703
2022-07-06,113.7872085571289,168.72984313964844
2022-07-07,117.96934509277344,171.13504028320312
2022-07-08,118.53594970703125,169.83303833007812
2022-07-11,114.8841323852539,161.88204956054688
2022-07-12,113.23948669433594,162.26966857910156
2022-07-13,110.59074401855469,162.48829650878906
2022-07-14,109.61150360107422,157.08164978027344
2022-07-15,111.0118408203125,163.69090270996094
2022-07-18,108.28315734863281,166.2053985595703
2022-07-19,113.03041076660156,174.70298767089844
2022-07-20,113.11981964111328,181.96820068359375
2022-07-21,113.55679321289062,182.0477294921875
2022-07-22,107.16089630126953,168.23289489746094
2022-07-25,106.77357482910156,165.6289520263672
2022-07-26,104.30062103271484,158.1748809814453
2022-07-27,112.28555297851562,168.541015625
2022-07-28,113.43761444091797,159.73526000976562
2022-07-29,115.52323150634766,158.12522888183594
2022-08-01,114.07322692871094,158.95008850097656
2022-08-02,114.34137725830078,159.20852661132812
2022-08-03,117.27117156982422,167.76576232910156
2022-08-04,117.38042449951172,169.52493286132812
2022-08-05,116.66534423828125,166.0861358642578
2022-08-08,116.49652862548828,169.20687866210938
2022-08-09,115.83109283447266,167.4974365234375
2022-08-10,118.88007354736328,177.247314453125
2022-08-11,118.02595520019531,176.4025115966797
2022-08-12,120.84651184082031,179.39407348632812
2022-08-15,121.24376678466797,179.78170776367188
2022-08-16,120.86636352539062,178.3704071044922
2022-08-17,118.7311019897461,173.77870178222656
2022-08-18,119.34683990478516,173.58987426757812
2022-08-19,116.40711975097656,166.93092346191406
2022-08-22,113.45748138427734,162.05101013183594
2022-08-23,113.08008575439453,160.12289428710938
2022-08-24,112.91123962402344,162.25970458984375
2022-08-25,115.85095977783203,167.74588012695312
2022-08-26,109.58418273925781,160.7887725830078
2022-08-29,108.67049407958984,158.19479370117188
2022-08-30,108.19377899169922,156.1970977783203
2022-08-31,107.47870635986328,161.93174743652344
2022-09-01,108.98828887939453,164.34686279296875
2022-09-02,107.11124420166016,159.33773803710938
2022-09-06,106.07836151123047,157.56861877441406
2022-09-07,108.70027160644531,159.40731811523438
2022-09-08,107.63760375976562,161.0670623779297
2022-09-09,109.8920669555664,168.11363220214844
2022-09-12,110.10062408447266,167.9248046875
2022-09-13,103.60543060302734,152.19178771972656
2022-09-14,104.28076171875,150.54196166992188
2022-09-15,102.20507049560547,148.63369750976562
2022-09-16,102.09583282470703,145.3936767578125
2022-09-19,102.36398315429688,147.11306762695312
2022-09-20,100.44720458984375,145.1949005126953
2022-09-21,98.59994506835938,141.24923706054688
2022-09-22,99.45405578613281,141.94496154785156
2022-09-23,98.06364440917969,139.54971313476562
2022-09-26,97.49754333496094,135.5344696044922
2022-09-27,96.83213806152344,133.57652282714844
2022-09-28,99.36466979980469,140.74237060546875
2022-09-29,96.75269317626953,135.57423400878906
2022-09-30,94.99481964111328,134.8486785888672
2022-10-03,97.96432495117188,137.76075744628906
2022-10-04,100.94377899169922,139.42050170898438
2022-10-05,100.73522186279297,138.1284637451172
2022-10-06,100.72528076171875,138.21795654296875
2022-10-07,98.0040512084961,132.63235473632812
2022-10-10,97.18966674804688,132.97027587890625
2022-10-11,96.51432800292969,127.75243377685547
2022-10-12,96.89173126220703,126.71880340576172
2022-10-13,98.3814468383789,129.49171447753906
2022-10-14,95.89857482910156,125.98334503173828
2022-10-17,99.28521728515625,133.21871948242188
2022-10-18,100.0797348022461,131.98635864257812
2022-10-19,98.94754028320312,132.4136962890625
2022-10-20,99.28521728515625,130.72412109375
2022-10-21,100.43727111816406,129.2134246826172
2022-10-24,101.8177490234375,128.9252166748047
2022-10-25,103.76432800292969,136.66746520996094
2022-10-26,94.27973937988281,129.02459716796875
2022-10-27,91.58830261230469,97.33992767333984
2022-10-28,95.63042449951172,98.59220886230469
2022-10-31,93.86261749267578,92.58922576904297
2022-11-01,89.85029602050781,94.61671447753906
2022-11-02,86.37425994873047,89.98526763916016
2022-11-03,82.85851287841797,88.36524963378906
2022-11-04,85.98694610595703,90.23373413085938
2022-11-07,87.88385009765625,96.12739562988281
2022-11-08,88.29104614257812,95.87893676757812
2022-11-09,86.72187042236328,100.84830474853516
2022-11-10,93.29653930664062,111.18457794189453
2022-11-11,95.7496109008789,112.32752990722656
2022-11-14,95.04447174072266,113.52017974853516
2022-11-15,97.76569366455078,116.36266326904297
2022-11-16,98.17288970947266,112.5362548828125
2022-11-17,97.68624877929688,110.76714324951172
2022-11-18,96.76261901855469,111.36347961425781
2022-11-21,94.94515991210938,109.1868896484375
2022-11-22,96.38522338867188,110.75721740722656
2022-11-23,97.78556060791016,111.55230712890625
2022-11-25,96.79241180419922,110.7274169921875
2022-11-28,95.39208221435547,108.11351013183594
2022-11-29,94.53797149658203,108.78935241699219
2022-11-30,100.29822540283203,117.37639617919922
2022-12-01,100.29822540283203,119.70206451416016
2022-12-02,99.75200653076172,122.73339080810547
2022-12-05,98.798583984375,121.67988586425781
2022-12-06,96.31570434570312,113.4207992553711
2022-12-07,94.28968048095703,113.2319564819336
2022-12-08,93.0680923461914,114.62337493896484
2022-12-09,92.19413757324219,115.18988800048828
2022-12-12,92.67083740234375,114.0071792602539
2022-12-13,94.97494506835938,119.41384887695312
2022-12-14,94.41878509521484,120.84501647949219
2022-12-15,90.23761749267578,115.4383544921875
2022-12-16,89.64173126220703,118.6982650756836
2022-12-19,87.83419799804688,113.7785873413086
2022-12-20,88.41021728515625,116.37260437011719
2022-12-21,88.96639251708984,119.02625274658203
2022-12-22,87.15885925292969,116.40240478515625
2022-12-23,88.61878967285156,117.3167724609375
2022-12-27,86.7913818359375,116.16388702392578
2022-12-28,85.4307632446289,114.91160583496094
2022-12-29,87.84412384033203,119.52317810058594
2022-12-30,87.62564086914062,119.60266876220703
2023-01-03,88.5095443725586,123.9757308959961
2023-01-04,87.4766616821289,126.58961486816406
2023-01-05,85.60953521728516,126.1622543334961
2023-01-06,86.74172973632812,129.22340393066406
2023-01-09,87.41706848144531,128.6767578125
2023-01-10,87.8143310546875,132.1751708984375
2023-01-11,90.8930892944336,132.07579040527344
2023-01-12,90.50577545166016,135.87240600585938
2023-01-13,91.4889907836914,136.14073181152344
2023-01-17,90.66468048095703,134.53065490722656
2023-01-18,90.49584197998047,132.20498657226562
2023-01-19,92.4126205444336,135.31581115722656
2023-01-20,97.34857177734375,138.51608276367188
2023-01-23,99.1064453125,142.39219665527344
2023-01-24,97.03076934814453,142.26296997070312
2023-01-25,94.56775665283203,140.63302612304688
2023-01-26,96.85200500488281,146.39749145507812
2023-01-27,98.68933868408203,150.81031799316406
2023-01-30,96.2759780883789,146.15896606445312
2023-01-31,98.16295623779297,148.05726623535156
2023-02-01,99.7420654296875,152.1818389892578
2023-02-02,107.00199127197266,187.61343383789062
2023-02-03,104.06227111816406,185.3871307373047
2023-02-06,102.19515228271484,184.92001342773438
2023-02-07,106.90267944335938,190.44593811035156
2023-02-08,98.68933868408203,182.30612182617188
2023-02-09,94.35919952392578,176.8299102783203
2023-02-10,93.92221069335938,173.08297729492188
2023-02-13,93.96192932128906,178.3306427001953
2023-02-14,94.03145599365234,178.38034057617188
2023-02-15,96.2759780883789,176.07456970214844
2023-02-16,94.85577392578125,171.3834686279297
2023-02-17,93.7037124633789,171.82078552246094
2023-02-21,91.1612548828125,171.02565002441406
2023-02-22,91.022216796875,170.07154846191406
2023-02-23,90.26741790771484,170.9859161376953
2023-02-24,88.51947784423828,169.3460235595703
2023-02-27,89.25440216064453,168.501220703125
2023-02-28,89.44310760498047,173.86817932128906
2023-03-01,89.74105072021484,172.35745239257812
2023-03-02,91.36981201171875,173.4606475830078
2023-03-03,93.00851440429688,184.11497497558594
2023-03-06,94.47837829589844,183.76712036132812
2023-03-07,93.21708679199219,183.3795166015625
2023-03-08,93.60440063476562,183.83670043945312
2023-03-09,91.68761444091797,180.57681274414062
2023-03-10,90.00919342041016,178.41015625
2023-03-13,90.48590850830078,179.7916259765625
2023-03-14,93.32630920410156,192.8312530517578
2023-03-15,95.45166015625,196.5383758544922
2023-03-16,99.63282012939453,203.67440795898438
2023-03-17,100.92391204833984,194.41151428222656
2023-03-20,100.52665710449219,196.5980224609375
2023-03-21,104.20130920410156,200.92138671875
2023-03-22,102.66193389892578,198.58578491210938
2023-03-23,104.87665557861328,203.02841186523438
2023-03-24,104.7177505493164,204.74778747558594
2023-03-27,101.7581558227539,201.59722900390625
2023-03-28,100.33795928955078,199.45045471191406
2023-03-29,100.69548797607422,204.09182739257812
2023-03-30,100.19892120361328,206.56654357910156
2023-03-31,103.01947784423828,210.64146423339844
2023-04-03,103.64515686035156,211.76454162597656
2023-04-04,104.00267791748047,213.40443420410156
2023-04-05,103.75440979003906,210.1842803955078
2023-04-06,107.67733001708984,214.77598571777344
2023-04-10,105.71089935302734,213.4342498779297
2023-04-11,104.62837219238281,212.53976440429688
2023-04-12,103.92322540283203,212.68882751464844
2023-04-13,106.69412231445312,218.9999237060547
2023-04-14,108.12425994873047,220.13294982910156
2023-04-17,105.24412536621094,217.51905822753906
2023-04-18,103.7841796875,216.5550079345703
2023-04-19,103.46638488769531,214.37841796875
2023-04-20,104.56878662109375,211.76454162597656
2023-04-21,104.68797302246094,211.5856170654297
2023-04-24,105.24412536621094,211.48623657226562
2023-04-25,103.13864135742188,206.27833557128906
2023-04-26,102.99960327148438,208.11700439453125
2023-04-27,106.85301971435547,237.09835815429688
2023-04-28,106.60472869873047,238.8475799560547
2023-05-01,106.46569061279297,241.69003295898438
2023-05-02,104.59857940673828,237.77420043945312
2023-05-03,104.68797302246094,235.57774353027344
2023-05-04,103.972900390625,232.0892333984375
2023-05-05,104.84686279296875,231.35377502441406
2023-05-08,107.03179168701172,231.84078979492188
2023-05-09,106.61466979980469,231.94017028808594
2023-05-10,110.98452758789062,231.6519317626953
2023-05-11,115.7715072631836,234.3453369140625
2023-05-12,116.70507049560547,232.37744140625
2023-05-15,115.7119140625,237.3965301513672
2023-05-16,118.69136810302734,237.3567657470703
2023-05-17,120.01226806640625,241.00428771972656
2023-05-18,121.9886245727539,245.3375701904297
2023-05-19,121.91910552978516,244.13497924804688
2023-05-22,124.19342803955078,246.79856872558594
2023-05-23,121.7204818725586,245.22824096679688
2023-05-24,120.07185363769531,247.68310546875
2023-05-25,122.63418579101562,251.1417694091797
2023-05-26,123.75645446777344,260.43450927734375
2023-05-30,122.8228759765625,260.91156005859375
2023-05-31,122.02835083007812,263.0980529785156
2023-06-01,122.8725357055664,270.939697265625
2023-06-02,123.81603240966797,270.939697265625
2023-06-05,125.1468505859375,269.7272033691406
2023-06-06,126.43795013427734,269.4588623046875
2023-06-07,121.660888671875,261.98492431640625
2023-06-08,121.30335998535156,262.95892333984375
2023-06-09,121.39274597167969,263.32666015625
2023-06-12,122.79308319091797,269.3892822265625
2023-06-13,122.98178100585938,269.65765380859375
2023-06-14,122.8228759765625,271.6752014160156
2023-06-15,124.233154296875,280.10321044921875
2023-06-16,122.68383026123047,279.2783508300781
2023-06-20,122.25678253173828,282.5878601074219
2023-06-21,119.72425842285156,279.9144287109375
2023-06-22,122.30644226074219,283.1345520019531
2023-06-23,121.50198364257812,286.9609680175781
2023-06-26,117.52938079833984,276.7638244628906
2023-06-27,117.51945495605469,285.291259765625
2023-06-28,119.3567886352539,283.5420227050781
2023-06-29,118.28417205810547,279.8050842285156
2023-06-30,118.88007354736328,285.22174072265625
2023-07-03,119.07870483398438,284.267578125
2023-07-05,120.91602325439453,292.5663757324219
2023-07-06,119.28726196289062,290.20098876953125
2023-07-07,118.66158294677734,288.75
2023-07-10,115.65232849121094,292.298095703125
2023-07-11,116.33761596679688,296.46240234375
2023-07-12,118.11534881591797,307.44464111328125
2023-07-13,123.68692016601562,311.48974609375
2023-07-14,124.56088256835938,306.9775695800781
2023-07-17,123.79617309570312,308.7168273925781
2023-07-18,122.91226959228516,310.1380615234375
2023-07-19,121.1941146850586,314.0738220214844
2023-07-20,118.38349151611328,300.6664733886719
2023-07-21,119.1978759765625,292.45709228515625
2023-07-24,120.6975326538086,289.8233337402344
2023-07-25,121.37288665771484,292.6658020019531
2023-07-26,128.384521484375,296.74072265625
2023-07-27,128.5136260986328,309.8001708984375
2023-07-28,131.67185974121094,323.48583984375
2023-07-31,131.8108673095703,316.6479797363281
2023-08-01,130.64892578125,320.7327575683594
2023-08-02,127.5006103515625,312.3842468261719
2023-08-03,127.57012176513672,311.2711181640625
2023-08-04,127.23246002197266,308.826171875
2023-08-07,130.62901306152344,314.6204528808594
2023-08-08,130.4999237060547,310.7244873046875
2023-08-09,128.77183532714844,303.34002685546875
2023-08-10,128.8016357421875,303.86676025390625
2023-08-11,128.67251586914062,299.7918701171875
2023-08-14,130.43040466308594,304.31396484375
2023-08-15,128.89102172851562,300.0999755859375
2023-08-16,127.81842041015625,292.4869079589844
2023-08-17,129.03005981445312,283.34326171875
2023-08-18,126.58692169189453,281.5145568847656
2023-08-21,127.49067687988281,288.123779296875
2023-08-22,128.19581604003906,285.8379211425781
2023-08-23,131.46327209472656,292.43719482421875
2023-08-24,128.89102172851562,284.9931335449219
2023-08-25,128.99034118652344,283.7507629394531
2023-08-28,130.11257934570312,288.4815979003906
2023-08-29,133.64822387695312,296.1642150878906
2023-08-30,134.94924926757812,293.2919921875
2023-08-31,135.23727416992188,294.0771179199219
2023-09-01,134.7307586669922,294.56414794921875
2023-09-05,134.8400115966797,298.31097412109375
2023-09-06,133.53897094726562,297.3370056152344
2023-09-07,134.33348083496094,296.8400573730469
2023-09-08,135.44581604003906,296.06488037109375
2023-09-11,135.9821014404297,305.67559814453125
2023-09-12,134.41293334960938,299.811767578125
2023-09-13,135.7735595703125,303.19091796875
2023-09-14,137.15403747558594,309.8100891113281
2023-09-15,136.45883178710938,298.4700012207031
2023-09-18,137.26329040527344,300.6962890625
2023-09-19,137.09442138671875,303.2008972167969
2023-09-20,132.8238983154297,297.8339538574219
2023-09-21,129.5465087890625,293.9180603027344
2023-09-22,129.35780334472656,297.24755859375
2023-09-25,130.21192932128906,298.98681640625
2023-09-26,127.68931579589844,297.1282958984375
2023-09-27,129.64581298828125,295.915771484375
2023-09-28,131.40370178222656,302.09759521484375
2023-09-29,129.963623046875,298.3706359863281
2023-10-02,133.25094604492188,304.9401550292969
2023-10-03,131.5228729248047,299.0961608886719
2023-10-04,134.3136444091797,303.7077331542969
2023-10-05,134.14479064941406,302.922607421875
2023-10-06,136.63758850097656,313.49737548828125
2023-10-09,137.4718475341797,316.4093933105469
2023-10-10,137.11431884765625,319.86810302734375
2023-10-11,139.5872344970703,325.8114929199219
2023-10-12,138.01808166503906,322.17388916015625
2023-10-13,136.41909790039062,312.7619323730469
2023-10-16,138.14720153808594,319.1823425292969
2023-10-17,138.762939453125,322.014892578125
2023-10-18,137.01498413085938,315.0279235839844
2023-10-19,136.8064422607422,310.8934020996094
2023-10-20,134.67115783691406,306.7588806152344
2023-10-23,135.56500244140625,312.0860900878906
2023-10-24,137.8591766357422,310.635009765625
2023-10-25,124.74960327148438,297.6947937011719
2023-10-26,121.44239044189453,286.583251953125
2023-10-27,121.33314514160156,294.9119567871094
2023-10-30,123.60745239257812,300.80560302734375
2023-10-31,123.23007202148438,299.42413330078125
2023-11-01,125.58383178710938,309.9393005371094
2023-11-02,126.61671447753906,308.9653015136719
2023-11-03,128.21568298339844,312.6724853515625
2023-11-06,129.35780334472656,313.8650817871094
2023-11-07,130.0728759765625,316.8666076660156
2023-11-08,130.93692016601562,317.82073974609375
2023-11-09,129.34788513183594,318.58599853515625
2023-11-10,131.68179321289062,326.75567626953125
2023-11-13,131.1851806640625,327.1730651855469
2023-11-14,132.7047119140625,334.2494201660156
2023-11-15,133.69786071777344,330.6715087890625
2023-11-16,135.99205017089844,332.14239501953125
2023-11-17,134.38314819335938,332.98724365234375
2023-11-20,135.31671142578125,337.8870544433594
2023-11-21,136.0317840576172,334.91534423828125
2023-11-22,137.5413818359375,339.3976745605469
2023-11-24,135.7537078857422,336.15771484375
2023-11-27,135.4756317138672,332.64935302734375
2023-11-28,136.2601776123047,336.91302490234375
2023-11-29,134.0653533935547,330.1646423339844
2023-11-30,131.62217712402344,325.14556884765625
2023-12-01,130.956787109375,322.8298645019531
2023-12-04,128.384521484375,318.05926513671875
2023-12-05,130.09275817871094,316.3398742675781
2023-12-06,129.12937927246094,315.5049743652344
2023-12-07,135.99205017089844,324.5890197753906
2023-12-08,134.0653533935547,330.71124267578125
2023-12-11,132.376953125,323.28704833984375
2023-12-12,131.6122589111328,332.1722717285156
2023-12-13,131.66189575195312,332.6890563964844
2023-12-14,131.03623962402344,331.12872314453125
2023-12-15,131.6917266845703,332.8679504394531
2023-12-18,134.8697967529297,342.5085144042969
2023-12-19,135.7139892578125,348.2133483886719
2023-12-20,137.39239501953125,347.13995361328125
2023-12-21,139.45814514160156,351.9205322265625
2023-12-22,140.52081298828125,351.2248229980469
2023-12-26,140.55062866210938,352.6559753417969
2023-12-27,139.4084930419922,355.6376037597656
2023-12-28,139.26943969726562,356.12457275390625
2023-12-29,138.733154296875,351.7912902832031
2024-01-02,137.2235565185547,344.1683044433594
2024-01-03,137.96841430664062,342.35943603515625
2024-01-04,135.45574951171875,344.9931640625
2024-01-05,134.80026245117188,349.7936706542969
2024-01-08,137.88894653320312,356.4625244140625
2024-01-09,139.9844970703125,355.24005126953125
2024-01-10,141.30540466308594,368.2001647949219
2024-01-11,141.10678100585938,367.4050598144531
2024-01-12,141.67288208007812,372.1955261230469
2024-01-16,141.5139923095703,365.20855712890625
2024-01-17,140.50094604492188,366.11297607421875
2024-01-18,142.49717712402344,373.8254699707031
2024-01-19,145.37730407714844,381.10064697265625
2024-01-22,144.989990234375,379.4408874511719
2024-01-23,146.03280639648438,382.8399353027344
2024-01-24,147.68142700195312,388.3062438964844
2024-01-25,150.82969665527344,390.7709655761719
2024-01-26,151.14752197265625,391.7251281738281
2024-01-29,152.45846557617188,398.56298828125
2024-01-30,150.4225311279297,397.60888671875
2024-01-31,139.1403350830078,387.7496337890625
2024-02-01,140.19308471679688,392.3612060546875
2024-02-02,141.4047088623047,472.07977294921875
2024-02-05,142.69580078125,456.5952453613281
2024-02-06,143.11294555664062,451.9339294433594
2024-02-07,144.54307556152344,466.71282958984375
2024-02-08,144.91053771972656,467.120361328125
2024-02-09,147.97940063476562,465.24188232421875
2024-02-12,146.51943969726562,466.0270690917969
2024-02-13,144.14581298828125,457.3009033203125
2024-02-14,144.94032287597656,470.3802490234375
2024-02-15,141.79205322265625,481.06439208984375
2024-02-16,139.55746459960938,470.4200134277344
2024-02-20,140.15333557128906,468.8595886230469
2024-02-21,141.5735321044922,465.65594482421875
2024-02-22,143.10299682617188,483.6641845703125
2024-02-23,142.97390747070312,481.5747985839844
2024-02-26,136.627685546875,479.29638671875
2024-02-27,137.92869567871094,484.5794982910156
2024-02-28,135.44581604003906,481.5648498535156
2024-02-29,137.51158142089844,487.64385986328125
2024-03-01,136.2006072998047,499.7521057128906
2024-03-04,132.4365997314453,495.6629638671875
2024-03-05,131.76123046875,487.7333984375
2024-03-06,130.4999237060547,493.5736083984375
2024-03-07,133.4595184326172,509.5919494628906
2024-03-08,134.4824676513672,503.3836364746094
2024-03-11,136.7269744873047,481.1370544433594
2024-03-12,137.55130004882812,497.21502685546875
2024-03-13,138.8324432373047,493.0562744140625
2024-03-14,142.11978149414062,489.3351745605469
2024-03-15,140.2129364013672,481.64447021484375
2024-03-18,146.66842651367188,494.4591064453125
2024-03-19,146.02285766601562,493.7228698730469
2024-03-20,147.7211456298828,502.95574951171875
2024-03-21,146.5889892578125,505.1844482421875
2024-03-22,149.73727416992188,506.99517822265625
2024-03-25,149.0420379638672,500.46844482421875
2024-03-26,149.63790893554688,493.3746337890625
2024-03-27,149.8365478515625,491.3548889160156
2024-03-28,149.89614868164062,483.116943359375
2024-04-01,154.42494201660156,488.857666015625
2024-04-02,153.50128173828125,494.84710693359375
2024-04-03,153.85882568359375,504.16961669921875
2024-04-04,149.4989013671875,508.32843017578125
2024-04-05,151.4553985595703,524.6651000976562
2024-04-08,153.78932189941406,516.6161499023438
2024-04-09,155.52732849121094,514.278076171875
2024-04-10,155.07046508789062,517.1931762695312
2024-04-11,158.3180694580078,520.5062866210938
2024-04-12,156.6495819091797,509.30340576171875
2024-04-15,153.79922485351562,497.6926574707031
2024-04-16,153.34237670898438,497.22503662109375
2024-04-17,154.40505981445312,491.6633605957031
2024-04-18,154.9413604736328,499.254638671875
2024-04-19,153.03451538085938,478.62982177734375
2024-04-22,155.20948791503906,479.2864685058594
2024-04-23,157.1759490966797,493.58355712890625
2024-04-24,158.0399932861328,490.99676513671875
2024-04-25,154.93141174316406,439.1410827636719
2024-04-26,170.7721710205078,441.0414123535156
2024-04-29,165.01190185546875,430.42559814453125
2024-04-30,161.66497802734375,427.98797607421875
2024-05-01,162.7375946044922,436.9622497558594
2024-05-02,165.47866821289062,439.43963623046875
2024-05-03,166.09442138671875,449.6674499511719
2024-05-06,166.9485626220703,463.31787109375
2024-05-07,170.0769500732422,465.8648986816406
2024-05-08,168.21978759765625,470.2027893066406
2024-05-09,168.79579162597656,473.0084533691406
2024-05-10,167.49476623535156,473.7845153808594
2024-05-13,167.98143005371094,465.63604736328125
2024-05-14,169.17320251464844,469.4565734863281
2024-05-15,171.32833862304688,479.097412109375
2024-05-16,172.98687744140625,470.82958984375
2024-05-17,174.85400390625,469.51629638671875
2024-05-20,175.70811462402344,466.4618225097656
2024-05-21,176.6317596435547,462.273193359375
2024-05-22,175.1718292236328,465.4072265625
2024-05-23,172.36122131347656,463.4173583984375
2024-05-24,173.79135131835938,475.7942810058594
2024-05-28,175.19166564941406,477.4856872558594
2024-05-29,174.6951141357422,471.953857421875
2024-05-30,170.9310760498047,464.680908203125
2024-05-31,171.3184051513672,464.4620666503906
2024-06-03,171.98379516601562,475.0679626464844
2024-06-04,172.5995635986328,474.57049560546875
2024-06-05,174.20846557617188,492.548828125
2024-06-06,175.51943969726562,491.25543212890625
2024-06-07,173.2649688720703,490.45947265625
2024-06-10,174.01068115234375,500.0506286621094
2024-06-11,175.6114959716797,504.8959045410156
2024-06-12,176.7748260498047,506.2589416503906
2024-06-13,174.15982055664062,501.54296875
2024-06-14,175.78053283691406,502.1007080078125
2024-06-17,176.2279510498047,504.5606384277344
2024-06-18,174.09022521972656,497.44976806640625
2024-06-20,175.2933349609375,499.6507568359375
2024-06-21,178.60430908203125,492.7590026855469
2024-06-24,178.19664001464844,496.8721618652344
2024-06-25,182.9791717529297,508.5144348144531
2024-06-26,182.83004760742188,511.0240478515625
2024-06-27,184.35130310058594,517.437744140625
2024-06-28,181.1099090576172,502.16046142578125
2024-07-01,181.9451141357422,502.61859130859375
2024-07-02,184.18228149414062,507.41888427734375
2024-07-03,184.7589569091797,507.87701416015625
2024-07-05,189.51168823242188,537.7047119140625
2024-07-08,187.95062255859375,527.157958984375
2024-07-09,187.9009246826172,527.835205078125
2024-07-10,190.08834838867188,532.5060424804688
2024-07-11,184.51039123535156,510.6058349609375
2024-07-12,184.01324462890625,496.8323059082031
2024-07-15,185.4649200439453,494.1333923339844
2024-07-16,182.86981201171875,487.7894287109375
2024-07-17,179.9863739013672,460.10296630859375
2024-07-18,176.67538452148438,473.9063720703125
2024-07-19,176.6455535888672,474.8424987792969
2024-07-22,180.63265991210938,485.4091796875
2024-07-23,180.751953125,486.6938781738281
2024-07-24,171.644287109375,459.3858947753906
2024-07-25,166.32481384277344,451.5580139160156
2024-07-26,166.04641723632812,463.7978515625
2024-07-29,168.56198120117188,463.8077392578125
2024-07-30,169.31764221191406,461.2980651855469
2024-07-31,170.5605010986328,472.8905029296875
2024-08-01,169.7849578857422,495.7069091796875
2024-08-02,165.7083740234375,486.14617919921875
2024-08-05,158.34071350097656,473.78680419921875
2024-08-06,157.38616943359375,492.0718688964844
2024-08-07,158.03245544433594,486.9229736328125
2024-08-08,161.10479736328125,507.5483703613281
2024-08-09,162.73544311523438,515.6550903320312
2024-08-12,161.36331176757812,513.8425903320312
2024-08-13,163.22264099121094,526.3811645507812
2024-08-14,159.4542694091797,524.6083984375
2024-08-15,160.3789825439453,535.13525390625
2024-08-16,162.0294952392578,525.2656860351562
2024-08-19,165.7183074951172,527.1181640625
2024-08-20,166.22540283203125,524.5785522460938
2024-08-21,164.9029998779297,532.9740600585938
2024-08-22,162.8647003173828,529.7572631835938
2024-08-23,164.67430114746094,525.8433227539062
2024-08-26,165.21121215820312,518.991455078125
2024-08-27,163.73965454101562,516.9796752929688
2024-08-28,161.92013549804688,514.6692504882812
2024-08-29,160.8562469482422,516.103271484375
2024-08-30,162.44711303710938,519.1806640625
2024-09-03,156.4614715576172,509.669677734375
2024-09-04,155.55665588378906,510.6456604003906
2024-09-05,156.3421630859375,514.7488403320312
2024-09-06,150.05824279785156,498.2265930175781
2024-09-09,148.05706787109375,502.7281494140625
2024-09-10,148.0072784423828,502.7281494140625
2024-09-11,150.49630737304688,509.7393798828125
2024-09-12,154.0108184814453,523.453125
2024-09-13,156.76864624023438,522.4771728515625
2024-09-16,157.3660125732422,531.6084594726562
2024-09-17,158.6204833984375,534.6388549804688
2024-09-18,159.10833740234375,536.2638549804688
2024-09-19,161.42811584472656,557.3475341796875
2024-09-20,162.87173461914062,559.5904541015625
2024-09-23,161.13938903808594,562.6408081054688
2024-09-24,161.5774383544922,561.5642700195312
2024-09-25,160.7809600830078,566.528564453125
2024-09-26,162.0155029296875,566.0601196289062
2024-09-27,163.23016357421875,565.5816040039062
2024-09-30,165.121826171875,570.6456909179688
2024-10-01,166.25680541992188,574.6630249023438
2024-10-02,165.13177490234375,571.0145874023438
2024-10-03,165.13177490234375,580.9432983398438
2024-10-04,166.32650756835938,594.0720825195312
2024-10-07,162.264404296875,582.9470825195312
2024-10-08,163.65829467773438,591.0315551757812
2024-10-09,161.1493377685547,588.6589965820312
2024-10-10,161.3683624267578,581.9999389648438
2024-10-11,162.5232696533203,588.100830078125
2024-10-14,164.23573303222656,588.5692138671875
2024-10-15,164.7335205078125,584.4323120117188
2024-10-16,164.43484497070312,574.9820556640625
2024-10-17,162.21461486816406,575.12158203125
2024-10-18,162.70248413085938,574.6630249023438
2024-10-21,163.34963989257812,573.357177734375
2024-10-22,164.41493225097656,580.1856689453125
2024-10-23,162.06529235839844,561.923095703125
2024-10-24,162.00555419921875,566.0003051757812
2024-10-25,164.5443572998047,571.453125
2024-10-28,165.9879913330078,576.3477172851562
2024-10-29,168.9349822998047,591.42041015625
2024-10-30,173.69400024414062,589.9449462890625
2024-10-31,170.3587188720703,565.8009033203125
2024-11-01,170.5379180908203,565.3822021484375
2024-11-04,168.49693298339844,558.922607421875
2024-11-05,168.99473571777344,570.6356811523438
2024-11-06,175.73501586914062,570.2568969726562
2024-11-07,179.95640563964844,589.8453369140625
2024-11-08,177.56692504882812,587.4927368164062
2024-11-11,179.5581512451172,581.3419799804688
2024-11-12,180.8225555419922,582.9868774414062
2024-11-13,178.0946044921875,578.1819458007812
2024-11-14,174.80908203125,575.3508911132812
2024-11-15,171.73265075683594,552.34326171875
2024-11-18,174.5303192138672,552.6622924804688
2024-11-19,177.3379364013672,559.331298828125
2024-11-20,175.2073211669922,563.7473754882812
2024-11-21,166.8939971923828,561.3250122070312
2024-11-22,164.03659057617188,557.3873901367188
2024-11-25,166.9138946533203,563.338623046875
2024-11-26,168.37744140625,571.7421875
2024-11-27,168.4869842529297,567.4158325195312
2024-11-29,168.2082061767578,572.5198364257812
2024-12-02,170.737060546875,590.9718017578125
2024-12-03,170.5876922607422,611.7265014648438
2024-12-04,173.60440063476562,611.8561401367188
2024-12-05,171.88198852539062,607.0213012695312
2024-12-06,173.9429168701172,621.8148193359375
2024-12-09,174.8001251220703,611.646728515625
2024-12-10,184.56826782226562,617.3787841796875
2024-12-11,194.76502990722656,630.6968383789062
2024-12-12,191.33621215820312,628.8128051757812
2024-12-13,189.2031707763672,618.405517578125
2024-12-16,196.02093505859375,622.7852783203125
2024-12-17,194.7849578857422,617.9964599609375
2024-12-18,187.7877655029297,595.7982788085938
2024-12-19,187.8974151611328,594.1820678710938
2024-12-20,190.78799438476562,583.8861083984375
2024-12-23,193.99754333496094,598.4520874023438
2024-12-24,195.47271728515625,606.3336791992188
2024-12-26,194.96438598632812,601.9439086914062
2024-12-27,192.1335906982422,598.4122314453125
2024-12-30,190.61856079101562,589.8621215820312
2024-12-31,188.68484497070312,584.1455078125
