Date,XOM,CVX
2018-01-02,59.48668670654297,91.33626556396484
2018-01-03,60.654998779296875,92.00205993652344
2018-01-04,60.73895263671875,91.7156982421875
2018-01-05,60.689979553222656,91.5653305053711
2018-01-08,60.96281051635742,92.01636505126953
2018-01-09,60.703956604003906,91.52237701416016
2018-01-10,60.22126388549805,92.10942840576172
2018-01-11,60.81589889526367,94.90865325927734
2018-01-12,61.228668212890625,95.64605712890625
2018-01-16,60.84390640258789,94.50773620605469
2018-01-17,61.56447219848633,94.75828552246094
2018-01-18,61.165714263916016,94.20703887939453
2018-01-19,60.96980667114258,93.99947357177734
2018-01-22,61.739383697509766,94.90149688720703
2018-01-23,61.77434158325195,93.79898071289062
2018-01-24,61.93525314331055,94.06389617919922
2018-01-25,61.82331085205078,93.53410339355469
2018-01-26,62.26407241821289,93.9206771850586
2018-01-29,61.571475982666016,91.9805679321289
2018-01-30,60.71097183227539,89.65386199951172
2018-01-31,61.074764251708984,89.73976135253906
2018-02-01,62.31306076049805,89.89724731445312
2018-02-02,59.13689041137695,84.89302825927734
2018-02-05,55.771827697753906,80.62617492675781
2018-02-06,54.81337356567383,83.8907470703125
2018-02-07,53.82694625854492,82.53766632080078
2018-02-08,53.21828842163086,80.3970718383789
2018-02-09,53.55753707885742,81.2562026977539
2018-02-12,54.00984573364258,81.5998306274414
2018-02-13,53.92504119873047,81.10582733154297
2018-02-14,54.03813934326172,81.34925079345703
2018-02-15,53.86143112182617,81.36370849609375
2018-02-16,54.094661712646484,81.08173370361328
2018-02-20,53.536338806152344,80.2430191040039
2018-02-21,52.928531646728516,78.85476684570312
2018-02-22,53.61407470703125,79.45488739013672
2018-02-23,54.794342041015625,81.40709686279297
2018-02-26,55.720191955566406,82.86041259765625
2018-02-27,54.773136138916016,82.14459991455078
2018-02-28,53.529258728027344,80.92266082763672
2018-03-01,53.14762496948242,81.00943756103516
2018-03-02,53.39497375488281,80.72022247314453
2018-03-05,53.90383529663086,81.81200408935547
2018-03-06,53.84023666381836,82.17353057861328
2018-03-07,52.4832763671875,82.3108901977539
2018-03-08,52.38432312011719,81.95661163330078
2018-03-09,52.695289611816406,84.75477600097656
2018-03-12,53.175880432128906,84.4438705444336
2018-03-13,52.67409133911133,84.20527648925781
2018-03-14,52.016822814941406,83.24362182617188
2018-03-15,52.596351623535156,83.56898498535156
2018-03-16,53.091064453125,83.4388427734375
2018-03-19,52.40552520751953,82.34706115722656
2018-03-20,52.29246139526367,82.78810119628906
2018-03-21,53.03453826904297,84.62461853027344
2018-03-22,51.946144104003906,82.20968627929688
2018-03-23,51.51502990722656,81.6890640258789
2018-03-26,52.29949951171875,83.40267944335938
2018-03-27,52.08748245239258,82.90380096435547
2018-03-28,51.45847702026367,81.05280303955078
2018-03-29,52.73062515258789,82.45549774169922
2018-04-02,51.748252868652344,81.15403747558594
2018-04-03,53.02040481567383,83.02670288085938
2018-04-04,52.91439437866211,82.77365112304688
2018-04-05,53.72715759277344,84.8053970336914
2018-04-06,52.91439437866211,82.97610473632812
2018-04-09,52.91439437866211,83.85820770263672
2018-04-10,54.46924591064453,85.9333267211914
2018-04-11,54.723690032958984,86.2225570678711
2018-04-12,54.57523727416992,86.20808410644531
2018-04-13,55.01342010498047,86.70697021484375
2018-04-16,55.50816345214844,87.27095794677734
2018-04-17,55.359745025634766,87.8204574584961
2018-04-18,55.98874282836914,89.52684020996094
2018-04-19,56.13010787963867,89.44732666015625
2018-04-20,55.83327102661133,88.43505096435547
2018-04-23,56.23613357543945,89.35331726074219
2018-04-24,55.37388610839844,88.601318359375
2018-04-25,56.186641693115234,88.73148345947266
2018-04-26,57.1478271484375,89.81607055664062
2018-04-27,54.97809600830078,91.55136108398438
2018-04-30,54.94984436035156,90.45956420898438
2018-05-01,54.384437561035156,90.27880096435547
2018-05-02,54.27840042114258,90.73431396484375
2018-05-03,54.094661712646484,91.11030578613281
2018-05-04,54.349090576171875,90.76325225830078
2018-05-07,54.94276809692383,90.3366470336914
2018-05-08,55.190128326416016,91.51518249511719
2018-05-09,56.49055480957031,93.06974792480469
2018-05-10,57.75563049316406,93.14204406738281
2018-05-11,58.02689743041992,93.8795394897461
2018-05-14,58.41957473754883,94.2772216796875
2018-05-15,58.39101791381836,93.80722045898438
2018-05-16,58.55521774291992,93.6771011352539
2018-05-17,58.45524978637695,94.4210205078125
2018-05-18,58.04119110107422,93.25407409667969
2018-05-21,58.74083709716797,94.3553695678711
2018-05-22,58.28392028808594,93.52393341064453
2018-05-23,58.64802932739258,93.86673736572266
2018-05-24,57.305870056152344,92.34237670898438
2018-05-25,56.192169189453125,89.11868286132812
2018-05-29,55.98512649536133,88.53520202636719
2018-05-30,58.1839714050293,91.28485107421875
2018-05-31,57.99835968017578,90.65760803222656
2018-06-01,58.41957473754883,90.32942199707031
2018-06-04,57.805606842041016,89.16974639892578
2018-06-05,57.59858322143555,89.51251983642578
2018-06-06,58.583763122558594,89.98658752441406
2018-06-07,59.169185638427734,92.59764862060547
2018-06-08,59.683189392089844,92.2184066772461
2018-06-11,59.326229095458984,93.03527069091797
2018-06-12,58.84077072143555,92.68519592285156
2018-06-13,58.19112014770508,92.67789459228516
2018-06-14,58.462406158447266,92.26945495605469
2018-06-15,57.584285736083984,90.46797180175781
2018-06-18,57.698509216308594,91.87559509277344
2018-06-19,57.61283874511719,91.56199645996094
2018-06-20,57.43436050415039,91.37966918945312
2018-06-21,56.89180374145508,89.4104232788086
2018-06-22,58.098304748535156,91.24107360839844
2018-06-25,56.927486419677734,89.42501831054688
2018-06-26,57.56999206542969,90.55550384521484
2018-06-27,58.33390426635742,91.89749908447266
2018-06-28,58.519500732421875,91.64950561523438
2018-06-29,59.06208801269531,92.21110534667969
2018-07-02,58.36957931518555,90.62113189697266
2018-07-03,58.7122688293457,90.9712142944336
2018-07-05,58.762237548828125,90.4242172241211
2018-07-06,58.77652359008789,90.54088592529297
2018-07-09,59.183475494384766,91.89019012451172
2018-07-10,59.72602462768555,93.05715942382812
2018-07-11,58.96215057373047,90.08870697021484
2018-07-12,59.033538818359375,90.62843322753906
2018-07-13,59.476173400878906,90.46797180175781
2018-07-16,58.890750885009766,89.69487762451172
2018-07-17,58.762237548828125,88.91446685791016
2018-07-18,58.698001861572266,88.6373062133789
2018-07-19,58.54807662963867,88.73943328857422
2018-07-20,58.11256408691406,89.17703247070312
2018-07-23,58.11256408691406,88.49144744873047
2018-07-24,59.26198959350586,90.32942199707031
2018-07-25,59.67606735229492,91.09519958496094
2018-07-26,60.14010238647461,90.40234375
2018-07-27,58.48381423950195,91.87559509277344
2018-07-30,58.355316162109375,93.2322006225586
2018-07-31,58.19112014770508,92.09440612792969
2018-08-01,57.39152526855469,91.45258331298828
2018-08-02,57.04886245727539,90.26375579833984
2018-08-03,57.25587844848633,90.47527313232422
2018-08-06,57.241607666015625,90.65760803222656
2018-08-07,58.01979446411133,91.29942321777344
2018-08-08,57.6342658996582,90.35128021240234
2018-08-09,57.3415641784668,89.36666107177734
2018-08-10,57.28385925292969,89.95742797851562
2018-08-13,56.663551330566406,89.301025390625
2018-08-14,56.48324203491211,89.40312957763672
2018-08-15,55.49509811401367,86.01896667480469
2018-08-16,56.25963592529297,86.63750457763672
2018-08-17,56.447174072265625,86.74058532714844
2018-08-20,56.843875885009766,86.70376586914062
2018-08-21,56.858306884765625,86.84366607666016
2018-08-22,57.67332077026367,87.5652847290039
2018-08-23,57.03862380981445,86.96146392822266
2018-08-24,57.4281120300293,87.63156127929688
2018-08-27,57.99071502685547,88.61823272705078
2018-08-28,57.90415573120117,88.25743865966797
2018-08-29,58.32248306274414,88.52252960205078
2018-08-30,58.07004165649414,88.22062683105469
2018-08-31,57.82481002807617,87.2265625
2018-09-04,57.911373138427734,87.52845764160156
2018-09-05,58.68313980102539,87.5652847290039
2018-09-06,58.033992767333984,84.84817504882812
2018-09-07,59.02213668823242,84.3843002319336
2018-09-10,58.93558120727539,84.29592895507812
2018-09-11,59.76505661010742,84.69355773925781
2018-09-12,59.95977783203125,85.26055908203125
2018-09-13,59.37555694580078,85.6360855102539
2018-09-14,59.80833435058594,86.4312973022461
2018-09-17,60.161766052246094,86.52706146240234
2018-09-18,60.320438385009766,86.98356628417969
2018-09-19,61.041709899902344,87.99971008300781
2018-09-20,61.17876052856445,87.93345642089844
2018-09-21,61.43119430541992,89.19257354736328
2018-09-24,62.462623596191406,90.28972625732422
2018-09-25,62.3904914855957,90.84200286865234
2018-09-26,61.87117004394531,89.7963638305664
2018-09-27,61.86397171020508,90.17926788330078
2018-09-28,61.323001861572266,90.03938293457031
2018-10-01,61.892799377441406,91.59302520751953
2018-10-02,62.36164093017578,91.85076141357422
2018-10-03,62.1380615234375,92.27046966552734
2018-10-04,61.7269172668457,92.00538635253906
2018-10-05,61.553829193115234,92.28520202636719
2018-10-08,62.12363052368164,91.92440032958984
2018-10-09,62.397705078125,93.3823471069336
2018-10-10,60.96237564086914,90.2750015258789
2018-10-11,58.856239318847656,87.20446014404297
2018-10-12,58.69755554199219,86.71849060058594
2018-10-15,58.29363250732422,86.10733032226562
2018-10-16,58.5677375793457,86.52706146240234
2018-10-17,58.78410339355469,86.36505889892578
2018-10-18,59.036563873291016,86.4975814819336
2018-10-19,59.12310791015625,86.99093627929688
2018-10-22,58.53166580200195,86.30615997314453
2018-10-23,57.586788177490234,83.50068664550781
2018-10-24,55.985565185546875,81.15178680419922
2018-10-25,56.48324203491211,82.16056060791016
2018-10-26,55.92063903808594,82.12372589111328
2018-10-29,55.57442855834961,80.20927429199219
2018-10-30,56.82225036621094,81.62301635742188
2018-10-31,57.47139358520508,82.21208953857422
2018-11-01,58.185447692871094,81.85865020751953
2018-11-02,59.10868835449219,84.48003387451172
2018-11-05,58.885074615478516,87.58001708984375
2018-11-06,59.13752746582031,87.55054473876953
2018-11-07,59.88766860961914,89.00114440917969
2018-11-08,58.93558120727539,87.88926696777344
2018-11-09,58.92100524902344,87.99971008300781
2018-11-12,58.16328430175781,86.43866729736328
2018-11-13,56.82996368408203,84.93655395507812
2018-11-14,56.38552474975586,85.20899200439453
2018-11-15,56.96837615966797,86.956298828125
2018-11-16,57.52941131591797,88.5251693725586
2018-11-19,57.718841552734375,88.79283142089844
2018-11-20,56.079498291015625,86.32430267333984
2018-11-21,56.509376525878906,87.41728973388672
2018-11-23,55.00120544433594,84.46543884277344
2018-11-26,56.086795806884766,85.4915542602539
2018-11-27,56.13780212402344,85.66253662109375
2018-11-28,57.15781021118164,87.84111022949219
2018-11-29,57.6022834777832,88.36900329589844
2018-11-30,57.9228401184082,88.43592834472656
2018-12-03,59.176002502441406,89.72224426269531
2018-12-04,57.87184143066406,87.17192077636719
2018-12-06,57.114112854003906,86.18302154541016
2018-12-07,56.567665100097656,85.87074279785156
2018-12-10,55.76622009277344,85.4617919921875
2018-12-11,55.86822509765625,85.85588836669922
2018-12-12,55.38734817504883,85.9674072265625
2018-12-13,56.086795806884766,86.20530700683594
2018-12-14,55.06676483154297,84.636474609375
2018-12-17,53.944740295410156,83.61038970947266
2018-12-18,52.45842361450195,81.59542846679688
2018-12-19,51.56953811645508,80.17526245117188
2018-12-20,50.003074645996094,78.05619812011719
2018-12-21,49.63150405883789,77.48367309570312
2018-12-24,47.729881286621094,75.0895004272461
2018-12-26,50.01036071777344,79.84810638427734
2018-12-27,50.228939056396484,81.28312683105469
2018-12-28,49.66791915893555,80.78495788574219
2018-12-31,49.682491302490234,80.88906860351562
2019-01-02,50.7753791809082,82.30176544189453
2019-01-03,49.99579620361328,80.7254638671875
2019-01-04,51.8391227722168,82.39842987060547
2019-01-07,52.10868453979492,83.46910858154297
2019-01-08,52.48756790161133,83.10479736328125
2019-01-09,52.76443099975586,84.22010040283203
2019-01-10,52.49485397338867,84.35393524169922
2019-01-11,52.25441360473633,83.67730712890625
2019-01-14,52.1888313293457,83.067626953125
2019-01-15,52.2180061340332,83.36502838134766
2019-01-16,52.19614028930664,82.82970428466797
2019-01-17,52.55313491821289,83.24607849121094
2019-01-18,53.17972946166992,85.03799438476562
2019-01-22,52.3782844543457,83.52860260009766
2019-01-23,51.94841766357422,82.8222427368164
2019-01-24,52.021263122558594,84.3985366821289
2019-01-25,52.25441360473633,84.18292236328125
2019-01-28,51.90470504760742,83.40220642089844
2019-01-29,52.101417541503906,83.14940643310547
2019-01-30,52.669734954833984,84.02677917480469
2019-01-31,53.39101791381836,85.24617767333984
2019-02-01,55.314491271972656,88.01211547851562
2019-02-04,54.5130500793457,89.03076934814453
2019-02-05,55.07405471801758,88.83743286132812
2019-02-06,54.8336296081543,88.39131927490234
2019-02-07,54.411041259765625,87.90802001953125
2019-02-08,54.499454498291016,87.42473602294922
2019-02-11,54.58782958984375,86.956298828125
2019-02-12,55.545528411865234,88.27233123779297
2019-02-13,56.17170715332031,88.90434265136719
2019-02-14,56.186439514160156,88.73912811279297
2019-02-15,57.24726486206055,89.6328353881836
2019-02-19,57.63032150268555,89.60279083251953
2019-02-20,57.851341247558594,90.33126831054688
2019-02-21,57.32828140258789,89.47512817382812
2019-02-22,57.770286560058594,89.66287994384766
2019-02-25,57.8292236328125,89.83560180664062
2019-02-26,57.947120666503906,90.07593536376953
2019-02-27,58.543800354003906,90.18108367919922
2019-02-28,58.219669342041016,89.80558013916016
2019-03-01,58.93424606323242,91.6455307006836
2019-03-04,59.16261672973633,91.71312713623047
2019-03-05,59.07421112060547,92.59183502197266
2019-03-06,58.40384292602539,92.77204132080078
2019-03-07,59.052120208740234,91.57795715332031
2019-03-08,58.20492935180664,91.3376235961914
2019-03-11,58.77219009399414,92.83966064453125
2019-03-12,58.93424606323242,93.04991149902344
2019-03-13,59.457298278808594,93.6281967163086
2019-03-14,59.25838088989258,93.57563018798828
2019-03-15,59.044742584228516,94.10884094238281
2019-03-18,59.729854583740234,94.53691101074219
2019-03-19,59.57515335083008,94.08631134033203
2019-03-20,59.90666198730469,93.64322662353516
2019-03-21,60.25289535522461,94.52190399169922
2019-03-22,59.287845611572266,92.44160461425781
2019-03-25,58.875301361083984,92.29141235351562
2019-03-26,59.641475677490234,93.22266387939453
2019-03-27,59.18471908569336,92.21630859375
2019-03-28,59.47938919067383,92.3890380859375
2019-03-29,59.52359390258789,92.50918579101562
2019-04-01,60.20869064331055,93.83097839355469
2019-04-02,59.95085906982422,93.82345581054688
2019-04-03,59.597251892089844,93.04240417480469
2019-04-04,60.44445037841797,93.725830078125
2019-04-05,60.7685661315918,94.94245910644531
2019-04-08,61.14427947998047,95.13772583007812
2019-04-09,60.356040954589844,94.28157043457031
2019-04-10,60.08346176147461,94.24402618408203
2019-04-11,60.370750427246094,94.61952209472656
2019-04-12,59.61198806762695,89.94074249267578
2019-04-15,59.413089752197266,90.22612762451172
2019-04-16,59.8182487487793,90.9996566772461
2019-04-17,59.98769760131836,90.32376098632812
2019-04-18,59.76668930053711,90.0158462524414
2019-04-22,61.07061004638672,91.54790496826172
2019-04-23,61.424232482910156,91.63801574707031
2019-04-24,60.23081588745117,88.82926177978516
2019-04-25,60.56967544555664,88.54388427734375
2019-04-26,59.29521179199219,87.94306945800781
2019-04-29,58.912147521972656,88.40869140625
2019-04-30,59.14051818847656,90.16604614257812
2019-05-01,57.954463958740234,88.47628784179688
2019-05-02,56.93783950805664,87.40235900878906
2019-05-03,57.0704460144043,88.07072448730469
2019-05-06,56.81999206542969,88.91938018798828
2019-05-07,56.517948150634766,88.82174682617188
2019-05-08,56.60633850097656,88.24345397949219
2019-05-09,56.55477523803711,91.01469421386719
2019-05-10,57.04655838012695,91.61549377441406
2019-05-13,56.4131965637207,90.45143127441406
2019-05-14,56.48772048950195,91.35264587402344
2019-05-15,56.90498352050781,91.72813415527344
2019-05-16,56.89752960205078,91.6144027709961
2019-05-17,56.56224060058594,91.40204620361328
2019-05-20,56.55478286743164,91.64472961425781
2019-05-21,56.81557846069336,92.02391815185547
2019-05-22,56.30144119262695,91.43995666503906
2019-05-23,54.982574462890625,89.3923110961914
2019-05-24,55.21354293823242,90.02934265136719
2019-05-28,54.103328704833984,89.72598266601562
2019-05-29,53.76802444458008,88.55805969238281
2019-05-30,53.62644577026367,87.50387573242188
2019-05-31,52.73230743408203,86.34353637695312
2019-06-03,53.55938720703125,87.96649932861328
2019-06-04,54.83354568481445,88.96000671386719
2019-06-05,54.379024505615234,89.22544860839844
2019-06-06,55.37002944946289,91.52337646484375
2019-06-07,55.57122039794922,92.13011169433594
2019-06-10,55.81711196899414,92.74439239501953
2019-06-11,55.76494598388672,91.89498138427734
2019-06-12,55.16140365600586,91.15177917480469
2019-06-13,55.64573287963867,91.69783020019531
2019-06-14,55.39984893798828,91.62198638916016
2019-06-17,55.95122528076172,92.06182098388672
2019-06-18,56.4355354309082,93.22977447509766
2019-06-19,56.12259292602539,93.19945526123047
2019-06-20,57.08381271362305,94.25359344482422
2019-06-21,57.888553619384766,94.74658966064453
2019-06-24,57.337162017822266,94.73139953613281
2019-06-25,56.830467224121094,93.76822662353516
2019-06-26,57.07636642456055,93.98816680908203
2019-06-27,56.49516296386719,93.36626434326172
2019-06-28,57.09872055053711,94.37495422363281
2019-07-01,57.04655838012695,94.67831420898438
2019-07-02,56.420658111572266,93.22977447509766
2019-07-03,56.957157135009766,93.54830932617188
2019-07-05,56.72614669799805,93.69239807128906
2019-07-08,56.9869499206543,93.73789978027344
2019-07-09,56.949684143066406,93.54830932617188
2019-07-10,57.75441360473633,95.13335418701172
2019-07-11,57.79914474487305,95.12576293945312
2019-07-12,57.84383010864258,95.54287719726562
2019-07-15,57.43402099609375,95.34571838378906
2019-07-16,56.57713317871094,94.61763763427734
2019-07-17,56.2418327331543,94.14742279052734
2019-07-18,55.76494598388672,94.55696105957031
2019-07-19,55.876708984375,94.83000183105469
2019-07-22,55.93632125854492,95.03477478027344
2019-07-23,56.15987014770508,95.4215316772461
2019-07-24,56.15240478515625,95.96760559082031
2019-07-25,55.832000732421875,95.27743530273438
2019-07-26,55.74259567260742,93.82890319824219
2019-07-29,56.13750457763672,94.21570587158203
2019-07-30,56.14494323730469,94.29913330078125
2019-07-31,55.407291412353516,93.36626434326172
2019-08-01,53.991554260253906,91.56889343261719
2019-08-02,53.462528228759766,91.56130981445312
2019-08-05,52.36717987060547,90.05209350585938
2019-08-06,52.873870849609375,90.53746795654297
2019-08-07,52.53111267089844,90.32511138916016
2019-08-08,53.931941986083984,93.45729064941406
2019-08-09,52.78445053100586,92.84297943115234
2019-08-12,52.527957916259766,92.18318176269531
2019-08-13,53.176734924316406,92.82024383544922
2019-08-14,51.034278869628906,89.293701171875
2019-08-15,50.73252868652344,88.69453430175781
2019-08-16,51.52463150024414,88.73287200927734
2019-08-19,52.39217758178711,89.8821792602539
2019-08-20,52.07533264160156,88.97804260253906
2019-08-21,52.595863342285156,90.31889343261719
2019-08-22,52.482704162597656,90.20396423339844
2019-08-23,50.913570404052734,88.25016021728516
2019-08-26,51.18515396118164,88.67925262451172
2019-08-27,50.68727493286133,88.74819946289062
2019-08-28,51.05691146850586,89.51436614990234
2019-08-29,51.622703552246094,90.04305267333984
2019-08-30,51.66042709350586,90.19630432128906
2019-09-03,51.72077941894531,89.08531951904297
2019-09-04,52.2714729309082,89.83617401123047
2019-09-05,53.01077651977539,90.13500213623047
2019-09-06,53.508670806884766,90.61004638671875
2019-09-09,53.93112564086914,91.475830078125
2019-09-10,54.36866760253906,93.36067962646484
2019-09-11,54.2630615234375,92.92394256591797
2019-09-12,54.30078887939453,93.03119659423828
2019-09-13,54.798667907714844,93.09251403808594
2019-09-16,55.6209602355957,95.09992980957031
2019-09-17,55.1984977722168,94.92369842529297
2019-09-18,54.934471130371094,95.14591217041016
2019-09-19,54.56481170654297,94.74747467041016
2019-09-20,54.37620544433594,95.25318908691406
2019-09-23,54.41393280029297,95.69757080078125
2019-09-24,53.66710662841797,94.80877685546875
2019-09-25,53.825504302978516,94.63253784179688
2019-09-26,53.53884506225586,92.06580352783203
2019-09-27,53.923580169677734,90.87054443359375
2019-09-30,53.26726531982422,90.87054443359375
2019-10-01,52.01498031616211,88.88610076904297
2019-10-02,50.65708541870117,86.0358657836914
2019-10-03,51.283233642578125,86.6948013305664
2019-10-04,52.030067443847656,87.23114013671875
2019-10-07,51.31340408325195,86.77906799316406
2019-10-08,50.31761169433594,85.59148406982422
2019-10-09,50.8758544921875,86.6871337890625
2019-10-10,51.48691177368164,87.7981185913086
2019-10-11,52.03761672973633,88.99337768554688
2019-10-14,52.18848419189453,89.016357421875
2019-10-15,52.369529724121094,89.11595916748047
2019-10-16,51.47182846069336,88.19652557373047
2019-10-17,51.40393829345703,88.38043212890625
2019-10-18,51.004119873046875,87.91304779052734
2019-10-21,51.856571197509766,89.34583282470703
2019-10-22,52.12059783935547,90.25758361816406
2019-10-23,52.61848449707031,90.39550018310547
2019-10-24,52.12059783935547,90.08905029296875
2019-10-25,52.24130630493164,90.92416381835938
2019-10-28,51.7811279296875,90.7785873413086
2019-10-29,51.6302375793457,90.51043701171875
2019-10-30,51.08709716796875,89.15426635742188
2019-10-31,50.97392654418945,88.98568725585938
2019-11-01,52.50533676147461,89.03933715820312
2019-11-04,54.06692123413086,93.1461410522461
2019-11-05,55.13814163208008,93.42964935302734
2019-11-06,53.93112564086914,91.8666000366211
2019-11-07,55.07779312133789,93.39132690429688
2019-11-08,54.03181457519531,92.6557846069336
2019-11-11,53.70351791381836,92.56383514404297
2019-11-12,52.96294021606445,92.67877197265625
2019-11-13,52.52775955200195,93.69013214111328
2019-11-14,52.2987060546875,93.44493865966797
2019-11-15,52.82551956176758,93.34437561035156
2019-11-18,52.31398391723633,91.72724151611328
2019-11-19,51.77952575683594,90.10237884521484
2019-11-20,51.93986892700195,90.79100799560547
2019-11-21,53.19198226928711,91.89746856689453
2019-11-22,52.96294021606445,91.78913879394531
2019-11-25,52.611732482910156,91.59571838378906
2019-11-26,52.4819450378418,91.13920593261719
2019-11-27,52.45140838623047,91.3558578491211
2019-11-29,52.01622009277344,90.6285171508789
2019-12-02,52.237632751464844,90.3731918334961
2019-12-03,51.825340270996094,89.66908264160156
2019-12-04,52.41324234008789,90.48152923583984
2019-12-05,52.230003356933594,90.00952911376953
2019-12-06,53.069828033447266,91.30944061279297
2019-12-09,53.184349060058594,90.76007080078125
2019-12-10,52.72624969482422,91.2165756225586
2019-12-11,52.649906158447266,89.93215942382812
2019-12-12,53.70351791381836,91.92842864990234
2019-12-13,52.85605239868164,91.27072143554688
2019-12-16,53.44394302368164,92.35396575927734
2019-12-17,53.19963073730469,91.76593017578125
2019-12-18,53.34468460083008,91.72724151611328
2019-12-19,52.978214263916016,91.40227508544922
2019-12-20,53.398128509521484,92.60157775878906
2019-12-23,53.66535186767578,93.10449981689453
2019-12-24,53.459205627441406,93.11225128173828
2019-12-26,53.54318618774414,93.31339263916016
2019-12-27,53.359947204589844,93.08130645751953
2019-12-30,53.04691696166992,92.73310852050781
2019-12-31,53.27597427368164,93.24378204345703
2020-01-02,54.13107681274414,93.95562744140625
2020-01-03,53.69588851928711,93.63065338134766
2020-01-06,54.108177185058594,93.31339263916016
2020-01-07,53.66535186767578,92.12186431884766
2020-01-08,52.85605239868164,91.0695571899414
2020-01-09,53.260704040527344,90.92256164550781
2020-01-10,52.78733825683594,90.09465026855469
2020-01-13,53.2912483215332,90.26488494873047
2020-01-14,52.83314895629883,89.98632049560547
2020-01-15,52.74916458129883,89.85477447509766
2020-01-16,52.54301834106445,90.44284057617188
2020-01-17,52.344512939453125,89.42923736572266
2020-01-21,51.59630584716797,87.67284393310547
2020-01-22,51.298545837402344,87.35559844970703
2020-01-23,50.97787857055664,87.51033020019531
2020-01-24,50.63430404663086,86.54316711425781
2020-01-27,49.42800521850586,85.4134750366211
2020-01-28,49.359283447265625,85.97833251953125
2020-01-29,48.94700241088867,85.39804077148438
2020-01-30,49.4661865234375,86.19497680664062
2020-01-31,47.427677154541016,82.89884948730469
2020-02-03,46.3664436340332,82.2334213256836
2020-02-04,45.78618621826172,82.6744613647461
2020-02-05,47.89340591430664,85.32840728759766
2020-02-06,47.24443435668945,84.71712493896484
2020-02-07,46.93141174316406,84.29159545898438
2020-02-10,46.43577194213867,84.94924926757812
2020-02-11,46.877193450927734,86.0479736328125
2020-02-12,47.450286865234375,86.6901626586914
2020-02-13,47.186988830566406,86.39617156982422
2020-02-14,46.97013854980469,86.16915130615234
2020-02-18,46.373809814453125,86.29439544677734
2020-02-19,46.73005294799805,86.68578338623047
2020-02-20,46.35832595825195,85.9577865600586
2020-02-21,45.79298400878906,85.3315658569336
2020-02-24,43.647762298583984,81.96556854248047
2020-02-25,41.97496032714844,78.83444213867188
2020-02-26,41.05337142944336,76.7444076538086
2020-02-27,38.582889556884766,73.68370056152344
2020-02-28,39.83749008178711,73.06531524658203
2020-03-02,41.72713851928711,75.6093521118164
2020-03-03,39.72906494140625,73.88722229003906
2020-03-04,40.59644317626953,77.12796783447266
2020-03-05,38.807472229003906,76.07902526855469
2020-03-06,36.933319091796875,74.61520385742188
2020-03-09,32.41830062866211,63.14739990234375
2020-03-10,33.61867904663086,66.52118682861328
2020-03-11,32.511226654052734,64.99476623535156
2020-03-12,28.793886184692383,59.6953239440918
2020-03-13,29.521867752075195,65.30006408691406
2020-03-16,26.710628509521484,54.560211181640625
2020-03-17,28.507354736328125,55.3351936340332
2020-03-18,25.649641036987305,43.09239959716797
2020-03-19,26.664165496826172,44.92412185668945
2020-03-20,25.35535430908203,46.48969268798828
2020-03-23,24.356321334838867,42.44269943237305
2020-03-24,27.44635772705078,52.09444808959961
2020-03-25,28.879087448120117,54.2236213684082
2020-03-26,30.06397819519043,59.78924560546875
2020-03-27,28.615772247314453,53.84005355834961
2020-03-30,29.04171371459961,56.32149124145508
2020-03-31,29.405702590942383,56.72071838378906
2020-04-01,29.064943313598633,53.667842864990234
2020-04-02,31.2876033782959,59.58570861816406
2020-04-03,30.36601448059082,58.79511260986328
2020-04-06,31.341819763183594,62.9282112121582
2020-04-07,31.938140869140625,63.34309387207031
2020-04-08,33.959442138671875,67.30400848388672
2020-04-09,33.40183639526367,65.99675750732422
2020-04-13,33.115291595458984,66.46642303466797
2020-04-14,32.8597297668457,66.23157501220703
2020-04-15,31.349557876586914,64.57206726074219
2020-04-16,30.31954574584961,62.615089416503906
2020-04-17,33.4715461730957,68.23550415039062
2020-04-20,31.891677856445312,65.41748809814453
2020-04-21,31.721294403076172,63.90670394897461
2020-04-22,32.62739944458008,66.09851837158203
2020-04-23,33.64966583251953,67.94585418701172
2020-04-24,33.86650848388672,68.11026000976562
2020-04-27,34.02914047241211,70.2237777709961
2020-04-28,34.82683563232422,70.38034057617188
2020-04-29,36.75519561767578,74.0672836303711
2020-04-30,35.98849868774414,72.01636505126953
2020-05-01,33.409584045410156,70.01243591308594
2020-05-04,34.75712585449219,71.5780029296875
2020-05-05,34.718406677246094,72.71304321289062
2020-05-06,34.0678596496582,70.48993682861328
2020-05-07,34.2614860534668,72.517333984375
2020-05-08,35.76390075683594,74.7326431274414
2020-05-11,35.423152923583984,73.0887680053711
2020-05-12,34.83104705810547,71.31187438964844
2020-05-13,33.10212707519531,69.43316650390625
2020-05-14,33.394229888916016,70.48993682861328
2020-05-15,33.15739440917969,69.79325866699219
2020-05-18,35.79419708251953,73.5104751586914
2020-05-19,34.6889533996582,71.18324279785156
2020-05-20,35.8178825378418,73.8678970336914
2020-05-21,35.17841339111328,73.10539245605469
2020-05-22,35.20999526977539,71.70747375488281
2020-05-26,36.244178771972656,74.10619354248047
2020-05-27,36.50471115112305,74.58275604248047
2020-05-28,35.557350158691406,72.17610168457031
2020-05-29,35.896820068359375,72.83533477783203
2020-06-01,36.53628921508789,73.70110321044922
2020-06-02,37.34943771362305,75.2102279663086
2020-06-03,38.873104095458984,77.18800354003906
2020-06-04,38.7625617980957,76.47313690185547
2020-06-05,41.904624938964844,80.07121276855469
2020-06-08,43.21513366699219,82.0013198852539
2020-06-09,42.251991271972656,80.64309692382812
2020-06-10,39.98623275756836,77.50569152832031
2020-06-11,36.45734405517578,70.98465728759766
2020-06-12,37.23891067504883,73.38340759277344
2020-06-15,37.21521759033203,72.4620361328125
2020-06-16,38.052059173583984,74.6860122680664
2020-06-17,36.812599182128906,72.70825958251953
2020-06-18,37.04154968261719,73.02596282958984
2020-06-19,36.2994384765625,71.98546600341797
2020-06-22,36.64681625366211,72.74796295166016
2020-06-23,36.867862701416016,72.62882995605469
2020-06-24,35.13105010986328,69.6105728149414
2020-06-25,35.65998458862305,70.85758209228516
2020-06-26,34.43631362915039,68.6733169555664
2020-06-29,34.988948822021484,69.63438415527344
2020-06-30,35.30474090576172,70.87346649169922
2020-07-01,34.50736999511719,69.59468841552734
2020-07-02,34.799468994140625,70.14274597167969
2020-07-06,35.04420852661133,70.34925842285156
2020-07-07,34.13632583618164,68.5541763305664
2020-07-08,34.057373046875,68.5859603881836
2020-07-09,32.652137756347656,65.71861267089844
2020-07-10,33.6705436706543,67.69635772705078
2020-07-13,33.67844009399414,67.8313980102539
2020-07-14,34.79158020019531,70.17450714111328
2020-07-15,35.23366928100586,70.60340118408203
2020-07-16,34.95735168457031,70.18244934082031
2020-07-17,34.35737609863281,69.2531509399414
2020-07-20,33.55211639404297,67.72813415527344
2020-07-21,35.24946975708008,72.58912658691406
2020-07-22,34.42842483520508,72.31111907958984
2020-07-23,34.49947738647461,72.28729248046875
2020-07-24,34.28632354736328,71.58834075927734
2020-07-27,34.79158020019531,72.31111907958984
2020-07-28,34.38106155395508,70.77815246582031
2020-07-29,34.76000213623047,71.54066467285156
2020-07-30,33.05475616455078,68.52240753173828
2020-07-31,33.220550537109375,66.67174530029297
2020-08-03,33.354759216308594,67.36277770996094
2020-08-04,34.31790542602539,68.69715118408203
2020-08-05,34.617897033691406,69.2610855102539
2020-08-06,34.45211410522461,69.47554779052734
2020-08-07,34.294212341308594,68.94337463378906
2020-08-10,35.13894271850586,71.27062225341797
2020-08-11,35.502098083496094,71.18324279785156
2020-08-12,35.494049072265625,72.05694580078125
2020-08-13,34.624595642089844,71.34210205078125
2020-08-14,34.777557373046875,71.76305389404297
2020-08-17,34.326744079589844,72.0966567993164
2020-08-18,34.157691955566406,70.6060562133789
2020-08-19,33.77931594848633,69.60697937011719
2020-08-20,33.26409912109375,68.33389282226562
2020-08-21,33.0145263671875,68.55146026611328
2020-08-24,33.98862838745117,70.25957489013672
2020-08-25,32.909881591796875,69.39747619628906
2020-08-26,32.20948791503906,68.30973052978516
2020-08-27,31.992145538330078,68.41448211669922
2020-08-28,32.756919860839844,68.99459075927734
2020-08-31,32.153141021728516,67.62486267089844
2020-09-01,31.742572784423828,66.94000244140625
2020-09-02,31.549365997314453,67.02862548828125
2020-09-03,31.484966278076172,66.29541778564453
2020-09-04,31.460811614990234,66.01339721679688
2020-09-08,30.73627471923828,63.62843704223633
2020-09-09,30.551118850708008,64.48252868652344
2020-09-10,29.786333084106445,62.967750549316406
2020-09-11,29.705833435058594,62.59710693359375
2020-09-14,29.51262092590332,62.27482604980469
2020-09-15,29.198667526245117,61.51744079589844
2020-09-16,30.438417434692383,63.298095703125
2020-09-17,30.430368423461914,63.483436584472656
2020-09-18,29.939292907714844,63.0161018371582
2020-09-21,29.32746696472168,61.47714614868164
2020-09-22,28.60293197631836,60.85675048828125
2020-09-23,27.68518829345703,57.97221374511719
2020-09-24,27.62883949279785,57.85137176513672
2020-09-25,27.886445999145508,57.87554168701172
2020-09-28,28.425830841064453,59.56757354736328
2020-09-29,27.59663963317871,57.93193817138672
2020-09-30,27.63690185546875,58.01251983642578
2020-10-01,26.67085075378418,56.739463806152344
2020-10-02,26.55008888244629,57.3598747253418
2020-10-05,27.161922454833984,58.57652282714844
2020-10-06,26.880157470703125,58.25425338745117
2020-10-07,26.96870994567871,59.44670104980469
2020-10-08,28.385574340820312,60.606964111328125
2020-10-09,27.96695327758789,59.623966217041016
2020-10-12,27.878402709960938,60.03489685058594
2020-10-13,27.548337936401367,59.14052200317383
2020-10-14,27.491989135742188,58.777957916259766
2020-10-15,27.733497619628906,59.229164123535156
2020-10-16,27.45172691345215,58.72960662841797
2020-10-19,26.904306411743164,57.4323844909668
2020-10-20,27.129718780517578,57.75468826293945
2020-10-21,26.694995880126953,57.1020393371582
2020-10-22,28.063554763793945,59.14052200317383
2020-10-23,27.500032424926758,58.471771240234375
2020-10-26,26.847949981689453,57.15843200683594
2020-10-27,26.42128562927246,56.006248474121094
2020-10-28,25.414989471435547,53.887176513671875
2020-10-29,26.542041778564453,55.43417739868164
2020-10-30,26.26028060913086,55.99819564819336
2020-11-02,27.363174438476562,58.13337707519531
2020-11-03,26.896257400512695,57.80302810668945
2020-11-04,26.7513484954834,57.827186584472656
2020-11-05,26.703046798706055,58.12531280517578
2020-11-06,26.389083862304688,57.32765579223633
2020-11-09,29.7299861907959,63.97491455078125
2020-11-10,30.38955307006836,66.93192291259766
2020-11-11,30.07625389099121,66.4404296875
2020-11-12,29.045682907104492,64.99817657470703
2020-11-13,29.74646759033203,66.89971160888672
2020-11-16,31.461349487304688,71.67769622802734
2020-11-17,31.881816864013672,71.16260528564453
2020-11-18,30.67811393737793,68.90608215332031
2020-11-19,30.834768295288086,70.09156799316406
2020-11-20,30.45549964904785,70.140625
2020-11-23,32.45070266723633,74.42478942871094
2020-11-24,34.61079025268555,78.17747497558594
2020-11-25,33.64617156982422,75.33229064941406
2020-11-27,33.13499069213867,74.6537094116211
2020-11-30,31.436622619628906,71.27706146240234
2020-12-01,31.741662979125977,71.497802734375
2020-12-02,32.92887878417969,73.47637176513672
2020-12-03,33.151485443115234,73.41915893554688
2020-12-04,34.36344528198242,76.26432800292969
2020-12-07,33.720367431640625,74.20403289794922
2020-12-08,34.82514572143555,74.84172821044922
2020-12-09,35.28683853149414,73.94239807128906
2020-12-10,36.284427642822266,76.32157897949219
2020-12-11,36.111289978027344,75.58574676513672
2020-12-14,34.80864715576172,73.12482452392578
2020-12-15,35.484710693359375,73.06758117675781
2020-12-16,36.02884292602539,72.5116195678711
2020-12-17,35.84747314453125,72.28269958496094
2020-12-18,35.229122161865234,71.28524780273438
2020-12-21,34.5860481262207,70.38591003417969
2020-12-22,34.00068664550781,68.97146606445312
2020-12-23,34.437652587890625,70.05888366699219
2020-12-24,34.297481536865234,69.76454162597656
2020-12-28,34.41291046142578,69.41297149658203
2020-12-29,34.02540969848633,69.17586517333984
2020-12-30,34.297481536865234,69.76454162597656
2020-12-31,33.98418045043945,69.04505157470703
2021-01-04,34.21504211425781,69.25763702392578
2021-01-05,35.86396026611328,71.12991333007812
2021-01-06,36.77910232543945,73.41915893554688
2021-01-07,37.067665100097656,73.76251220703125
2021-01-08,37.47989273071289,74.46566009521484
2021-01-11,38.61764907836914,74.89080047607422
2021-01-12,39.47509002685547,76.31340026855469
2021-01-13,39.92029571533203,76.23982238769531
2021-01-14,41.47852325439453,78.07120513916016
2021-01-15,39.48332977294922,75.2914047241211
2021-01-19,40.266563415527344,77.26995849609375
2021-01-20,40.83544158935547,77.98126220703125
2021-01-21,39.66470718383789,75.22601318359375
2021-01-22,39.10408020019531,74.9970703125
2021-01-25,38.6671257019043,74.3184814453125
2021-01-26,37.81792068481445,73.05940246582031
2021-01-27,37.38920593261719,72.11101531982422
2021-01-28,37.97457504272461,72.78141021728516
2021-01-29,36.96873474121094,69.65824890136719
2021-02-01,37.034690856933594,70.64752960205078
2021-02-02,37.620059967041016,71.17893981933594
2021-02-03,39.0958366394043,72.73236083984375
2021-02-04,39.846092224121094,72.76507568359375
2021-02-05,41.18171691894531,72.97763061523438
2021-02-08,42.954307556152344,74.7927017211914
2021-02-09,42.45123291015625,74.36754608154297
2021-02-10,42.8620719909668,75.6429672241211
2021-02-11,41.788841247558594,75.23418426513672
2021-02-12,42.35900115966797,75.66749572753906
2021-02-16,43.63345718383789,77.21798706054688
2021-02-17,44.3126106262207,79.53129577636719
2021-02-18,43.61669158935547,78.76849365234375
2021-02-19,43.9101448059082,79.43180084228516
2021-02-22,45.52836990356445,81.57926940917969
2021-02-23,46.1572151184082,82.60741424560547
2021-02-24,47.54068374633789,85.65864562988281
2021-02-25,46.75253677368164,84.86268615722656
2021-02-26,45.58707046508789,82.9142074584961
2021-03-01,47.28913879394531,84.61393737792969
2021-03-02,47.01244354248047,84.93730926513672
2021-03-03,47.38976287841797,85.89080810546875
2021-03-04,49.225982666015625,86.64533233642578
2021-03-05,51.08736801147461,90.3764877319336
2021-03-08,51.03705978393555,90.99832153320312
2021-03-09,50.2489013671875,90.79104614257812
2021-03-10,51.79167175292969,92.341552734375
2021-03-11,51.40598678588867,92.19230651855469
2021-03-12,51.95935821533203,92.49909210205078
2021-03-15,50.63460159301758,91.41291809082031
2021-03-16,49.561370849609375,89.24884796142578
2021-03-17,49.779361724853516,89.57220458984375
2021-03-18,47.63290786743164,86.33027648925781
2021-03-19,47.36460494995117,85.71671295166016
2021-03-22,46.8782958984375,85.02022552490234
2021-03-23,46.29975509643555,84.54761505126953
2021-03-24,47.23884201049805,86.81116485595703
2021-03-25,47.104679107666016,87.11795806884766
2021-03-26,48.38752365112305,89.1161880493164
2021-03-29,48.12760925292969,88.6518783569336
2021-03-30,47.53229522705078,87.83101654052734
2021-03-31,46.81122589111328,86.88580322265625
2021-04-01,48.11921310424805,87.68177032470703
2021-04-05,47.372989654541016,86.65362548828125
2021-04-06,47.23884201049805,85.8825454711914
2021-04-07,47.448448181152344,86.38832092285156
2021-04-08,46.95376205444336,85.418212890625
2021-04-09,46.844764709472656,85.33529663085938
2021-04-12,46.5345344543457,84.39008331298828
2021-04-13,46.710601806640625,84.77147674560547
2021-04-14,48.060523986816406,86.45460510253906
2021-04-15,47.775455474853516,85.74987030029297
2021-04-16,47.50714111328125,85.36846923828125
2021-04-19,47.35622024536133,85.6172103881836
2021-04-20,46.358455657958984,84.01697540283203
2021-04-21,46.95376205444336,85.17776489257812
2021-04-22,46.34169006347656,83.7018814086914
2021-04-23,46.59321975708008,84.19937133789062
2021-04-26,46.685447692871094,84.17449188232422
2021-04-27,47.297523498535156,85.15289306640625
2021-04-28,48.722904205322266,87.24232482910156
2021-04-29,49.4188232421875,88.63529205322266
2021-04-30,47.99344253540039,85.45964813232422
2021-05-03,49.31821823120117,87.49935150146484
2021-05-04,49.628440856933594,87.98026275634766
2021-05-05,51.12089920043945,90.34331512451172
2021-05-06,51.607208251953125,90.39306640625
2021-05-07,52.34504699707031,91.22220611572266
2021-05-10,52.4708251953125,90.84910583496094
2021-05-11,50.802284240722656,88.46947479248047
2021-05-12,51.07451248168945,89.02496337890625
2021-05-13,50.44500732421875,88.45288848876953
2021-05-14,51.69550704956055,90.76618194580078
2021-05-17,52.90345764160156,91.87722778320312
2021-05-18,51.40626907348633,89.11595916748047
2021-05-19,50.17279052734375,86.6148681640625
2021-05-20,50.05369567871094,86.9170150756836
2021-05-21,50.12174987792969,87.38700866699219
2021-05-24,50.70871353149414,88.62918090820312
2021-05-25,49.560306549072266,87.17719268798828
2021-05-26,50.138755798339844,87.38700866699219
2021-05-27,49.815513610839844,86.45539855957031
2021-05-28,49.65387725830078,87.11005401611328
2021-06-01,51.431793212890625,89.51042938232422
2021-06-02,51.840110778808594,90.71061706542969
2021-06-03,52.044273376464844,90.29936981201172
2021-06-04,52.273963928222656,91.02115631103516
2021-06-07,51.933685302734375,90.43365478515625
2021-06-08,52.8524169921875,91.25614929199219
2021-06-09,53.29477310180664,90.45883178710938
2021-06-10,53.37983322143555,90.98758697509766
2021-06-11,52.886444091796875,90.56793975830078
2021-06-14,52.8013801574707,90.61829376220703
2021-06-15,54.723899841308594,92.5738525390625
2021-06-16,54.52824783325195,92.04507446289062
2021-06-17,52.73331832885742,89.8629150390625
2021-06-18,51.3807487487793,86.47219848632812
2021-06-21,53.24372100830078,89.00685119628906
2021-06-22,54.26453399658203,89.30060577392578
2021-06-23,54.66434860229492,89.19147491455078
2021-06-24,54.885528564453125,89.92167663574219
2021-06-25,55.0046272277832,90.05597686767578
2021-06-28,53.601009368896484,87.27791595458984
2021-06-29,53.26924514770508,87.08488464355469
2021-06-30,53.66055679321289,87.90736389160156
2021-07-01,53.81367111206055,89.14114379882812
2021-07-02,53.73711395263672,89.02363586425781
2021-07-06,52.205902099609375,87.27791595458984
2021-07-07,51.38925552368164,86.38826751708984
2021-07-08,51.15956497192383,86.11129760742188
2021-07-09,52.08681106567383,87.34507751464844
2021-07-12,52.035770416259766,87.52130126953125
2021-07-13,51.78907775878906,87.22755432128906
2021-07-14,50.640655517578125,85.5825424194336
2021-07-15,50.147274017333984,85.02022552490234
2021-07-16,48.76067352294922,82.77091979980469
2021-07-19,47.08483123779297,80.53839111328125
2021-07-20,47.60375213623047,81.01680755615234
2021-07-21,49.13497543334961,83.77806091308594
2021-07-22,48.58203125,82.93879699707031
2021-07-23,48.52247619628906,82.97233581542969
2021-07-26,49.74745178222656,84.7264404296875
2021-07-27,49.194522857666016,84.44111633300781
2021-07-28,49.526275634765625,84.91951751708984
2021-07-29,50.13025665283203,86.08610534667969
2021-07-30,48.97334289550781,85.44827270507812
2021-08-02,48.981849670410156,85.29718780517578
2021-08-03,49.50926971435547,86.11129760742188
2021-08-04,48.35234451293945,84.1809310913086
2021-08-05,48.65858459472656,84.96147155761719
2021-08-06,49.220035552978516,85.56575775146484
2021-08-09,48.65858459472656,84.13896179199219
2021-08-10,49.49225616455078,85.67486572265625
2021-08-11,49.636863708496094,86.32112884521484
2021-08-12,49.524600982666016,86.1448745727539
2021-08-13,49.02374267578125,85.57415771484375
2021-08-16,48.30699157714844,84.70128631591797
2021-08-17,47.97884750366211,84.54182434082031
2021-08-18,46.96849822998047,82.25366973876953
2021-08-19,45.535003662109375,80.20372772216797
2021-08-20,45.54364013671875,80.21224212646484
2021-08-23,47.41754150390625,82.27921295166016
2021-08-24,47.8061408996582,83.22338104248047
2021-08-25,47.89250183105469,83.79328155517578
2021-08-26,47.24483108520508,82.69599914550781
2021-08-27,48.16019058227539,83.90385437011719
2021-08-30,47.6334342956543,83.69120788574219
2021-08-31,47.08075714111328,82.31321716308594
2021-09-01,46.43309783935547,81.41158294677734
2021-09-02,47.56433868408203,83.11280059814453
2021-09-03,47.38299560546875,82.92566680908203
2021-09-07,47.10666275024414,82.55990600585938
2021-09-08,46.67489242553711,81.98999786376953
2021-09-09,46.70943069458008,81.65825653076172
2021-09-10,46.61444854736328,81.71780395507812
2021-09-13,47.81476593017578,83.33395385742188
2021-09-14,47.1325798034668,81.828369140625
2021-09-15,48.721500396728516,83.56362915039062
2021-09-16,48.20337677001953,82.78108215332031
2021-09-17,47.6334342956543,82.30472564697266
2021-09-20,46.364013671875,80.62051391601562
2021-09-21,46.32083511352539,80.6800537109375
2021-09-22,47.676605224609375,83.05325317382812
2021-09-23,49.29144287109375,85.11173248291016
2021-09-24,49.73186492919922,85.571044921875
2021-09-27,51.208526611328125,87.58699035644531
2021-09-28,51.743927001953125,87.9187240600586
2021-09-29,51.709388732910156,87.89320373535156
2021-09-30,50.79401397705078,86.29405212402344
2021-10-01,52.616111755371094,88.74382781982422
2021-10-04,53.298316955566406,89.0755615234375
2021-10-05,53.21196365356445,90.04524993896484
2021-10-06,52.23615646362305,89.25419616699219
2021-10-07,52.382957458496094,89.89213562011719
2021-10-08,53.695556640625,91.9080581665039
2021-10-11,53.1601448059082,91.12550354003906
2021-10-12,52.88380813598633,91.14253997802734
2021-10-13,52.73701858520508,91.68693542480469
2021-10-14,53.54011917114258,92.5545425415039
2021-10-15,54.04960250854492,93.23501586914062
2021-10-18,54.0236930847168,93.19249725341797
2021-10-19,54.83544158935547,95.01277160644531
2021-10-20,55.13768005371094,96.25467681884766
2021-10-21,54.13595962524414,95.04681396484375
2021-10-22,54.50727844238281,95.94845581054688
2021-10-25,55.569461822509766,96.84159088134766
2021-10-26,56.85614013671875,97.05425262451172
2021-10-27,55.379478454589844,95.32752990722656
2021-10-28,55.534912109375,96.22064208984375
2021-10-29,55.673091888427734,97.3859634399414
2021-11-01,56.67479705810547,97.42000579833984
2021-11-02,55.97532653808594,96.8245849609375
2021-11-03,55.206764221191406,96.12709045410156
2021-11-04,55.62126541137695,96.55239868164062
2021-11-05,56.148033142089844,97.59864044189453
2021-11-08,56.75252914428711,97.94737243652344
2021-11-09,57.30519485473633,98.67039489746094
2021-11-10,56.176246643066406,97.09678649902344
2021-11-11,56.2812614440918,97.10528564453125
2021-11-12,55.852439880371094,97.16481018066406
2021-11-15,56.333770751953125,99.3678970336914
2021-11-16,56.902626037597656,99.75917053222656
2021-11-17,56.2812614440918,99.3117446899414
2021-11-18,55.66864776611328,98.47712707519531
2021-11-19,53.0956916809082,96.29161834716797
2021-11-22,53.83082580566406,98.01248931884766
2021-11-23,55.248573303222656,100.0689468383789
2021-11-24,55.55488204956055,100.83472442626953
2021-11-26,53.60327911376953,98.52875518798828
2021-11-29,53.90083694458008,98.8213119506836
2021-11-30,52.36931610107422,97.11763000488281
2021-12-01,52.3255615234375,96.4551010131836
2021-12-02,53.629539489746094,99.07083892822266
2021-12-03,53.288230895996094,98.44271087646484
2021-12-06,53.89208984375,99.98289489746094
2021-12-07,54.495941162109375,101.46284484863281
2021-12-08,54.65347671508789,101.91889190673828
2021-12-09,54.79350280761719,101.65215301513672
2021-12-10,55.143558502197266,101.82423400878906
2021-12-13,53.93583679199219,99.70755767822266
2021-12-14,53.857086181640625,100.0000991821289
2021-12-15,53.62078857421875,99.43221282958984
2021-12-16,53.708309173583984,100.36148071289062
2021-12-17,52.53559875488281,97.74574279785156
2021-12-20,51.774208068847656,97.78877258300781
2021-12-21,52.94691848754883,99.35477447509766
2021-12-22,53.37575149536133,99.92266082763672
2021-12-23,53.40199279785156,100.16358184814453
2021-12-27,54.16338348388672,102.21141815185547
2021-12-28,53.98835372924805,102.0135269165039
2021-12-29,53.51576614379883,101.48866271972656
2021-12-30,53.20071029663086,101.04124450683594
2021-12-31,53.550785064697266,100.9723892211914
2022-01-03,55.60739517211914,102.6158218383789
2022-01-04,57.69902038574219,104.48298645019531
2022-01-05,58.41664123535156,105.16273498535156
2022-01-06,59.79063415527344,106.05757904052734
2022-01-07,60.28072738647461,107.58056640625
2022-01-10,59.92190933227539,107.6494140625
2022-01-11,62.442359924316406,110.1102523803711
2022-01-12,62.25856399536133,109.55956268310547
2022-01-13,61.81224822998047,109.1035385131836
2022-01-14,62.897422790527344,110.96208190917969
2022-01-18,63.95638656616211,111.32345581054688
2022-01-19,63.982627868652344,110.91907501220703
2022-01-20,64.12265014648438,110.52325439453125
2022-01-21,63.15998077392578,109.19818115234375
2022-01-24,63.70259475708008,109.43049621582031
2022-01-25,65.57540893554688,114.0854721069336
2022-01-26,64.91028594970703,114.1715316772461
2022-01-27,65.74170684814453,116.47747802734375
2022-01-28,65.88172912597656,112.3818130493164
2022-01-31,66.47684478759766,113.0013198852539
2022-02-01,70.73884582519531,115.97840881347656
2022-02-02,70.5550537109375,116.51190185546875
2022-02-03,69.732421875,115.47077941894531
2022-02-04,71.24644470214844,116.91630554199219
2022-02-07,72.10408020019531,119.21370697021484
2022-02-08,70.23999786376953,117.39816284179688
2022-02-09,69.90376281738281,118.55973815917969
2022-02-10,69.23127746582031,117.05397033691406
2022-02-11,70.97444152832031,119.4374008178711
2022-02-14,69.88603210449219,117.5960464477539
2022-02-15,69.0100326538086,116.73526000976562
2022-02-16,69.3285903930664,116.77005004882812
2022-02-17,69.22241973876953,116.17012023925781
2022-02-18,68.45258331298828,116.00492858886719
2022-02-22,67.65620422363281,115.11804962158203
2022-02-23,67.93050384521484,117.85690307617188
2022-02-24,67.07221221923828,117.24828338623047
2022-02-25,68.87730407714844,122.05646514892578
2022-02-28,69.39051818847656,125.20391845703125
2022-03-01,70.05416870117188,130.17730712890625
2022-03-02,71.25758361816406,134.02037048339844
2022-03-03,71.70885467529297,135.82888793945312
2022-03-04,74.40767669677734,137.9416961669922
2022-03-07,77.08879852294922,140.88922119140625
2022-03-08,77.67280578613281,148.27102661132812
2022-03-09,73.25735473632812,144.5670928955078
2022-03-10,75.53143310546875,148.523193359375
2022-03-11,75.14212036132812,148.59271240234375
2022-03-14,72.45214080810547,144.95834350585938
2022-03-15,68.32869720458984,137.61997985839844
2022-03-16,68.07210540771484,137.12442016601562
2022-03-17,69.88603210449219,139.498046875
2022-03-18,69.61174011230469,140.6196746826172
2022-03-21,72.73529815673828,143.14981079101562
2022-03-22,72.416748046875,142.671630859375
2022-03-23,73.5582046508789,144.21058654785156
2022-03-24,73.7794189453125,144.59317016601562
2022-03-25,75.38987731933594,147.2102813720703
2022-03-28,73.27506256103516,144.6366424560547
2022-03-29,72.88572692871094,142.87161254882812
2022-03-30,74.13336181640625,143.88018798828125
2022-03-31,73.08039093017578,141.57608032226562
2022-04-01,73.54937744140625,142.78466796875
2022-04-04,73.58475494384766,142.91506958007812
2022-04-05,73.20427703857422,142.03692626953125
2022-04-06,74.01834869384766,143.29763793945312
2022-04-07,75.25714874267578,145.28875732421875
2022-04-08,76.84101867675781,147.7493438720703
2022-04-11,74.19530487060547,143.9497528076172
2022-04-12,75.74380493164062,146.9494171142578
2022-04-13,76.81448364257812,149.26222229003906
2022-04-14,77.71703338623047,149.19265747070312
2022-04-18,78.35414123535156,151.1924591064453
2022-04-19,77.65509033203125,149.40133666992188
2022-04-20,77.83208465576172,150.00994873046875
2022-04-21,77.00917053222656,143.09767150878906
2022-04-22,75.32794189453125,139.94149780273438
2022-04-25,72.78838348388672,136.93313598632812
2022-04-26,72.81493377685547,136.0984344482422
2022-04-27,74.89435577392578,135.8463134765625
2022-04-28,77.1595687866211,140.6718292236328
2022-04-29,75.43411254882812,136.22012329101562
2022-05-02,76.46055603027344,138.89810180664062
2022-05-03,78.03559112548828,141.28050231933594
2022-05-04,81.14143371582031,145.7147674560547
2022-05-05,79.91149139404297,144.55838012695312
2022-05-06,81.13261413574219,148.41015625
2022-05-09,74.73506927490234,138.46336364746094
2022-05-10,75.2305908203125,139.79364013671875
2022-05-11,76.79679107666016,141.863037109375
2022-05-12,77.14542388916016,143.210693359375
2022-05-13,79.4338607788086,145.9582061767578
2022-05-16,81.30215454101562,150.42730712890625
2022-05-17,82.33909606933594,151.31417846679688
2022-05-18,81.03398895263672,147.32554626464844
2022-05-19,81.47199249267578,146.27359008789062
2022-05-20,82.11561584472656,147.11514282226562
2022-05-23,83.93028259277344,150.5340118408203
2022-05-24,84.38619232177734,151.34048461914062
2022-05-25,86.08464050292969,153.7687225341797
2022-05-26,86.38856506347656,154.8031463623047
2022-05-27,87.23779296875,156.2846221923828
2022-05-31,85.81645965576172,153.1112518310547
2022-06-01,87.4612808227539,154.56646728515625
2022-06-02,87.3093032836914,154.28591918945312
2022-06-03,88.57867431640625,155.68853759765625
2022-06-06,88.35519409179688,155.01353454589844
2022-06-07,92.40467071533203,157.9677734375
2022-06-08,93.4952392578125,158.7830352783203
2022-06-09,91.47498321533203,155.618408203125
2022-06-10,89.80332946777344,153.7599334716797
2022-06-13,85.682373046875,146.6856231689453
2022-06-14,85.90585327148438,146.87844848632812
2022-06-15,84.82420349121094,143.99435424804688
2022-06-16,81.69548797607422,136.29759216308594
2022-06-17,76.9845199584961,130.07357788085938
2022-06-21,81.77593994140625,135.5174102783203
2022-06-22,78.5399398803711,129.62648010253906
2022-06-23,76.1710433959961,124.8576431274414
2022-06-24,77.68177032470703,126.908935546875
2022-06-27,79.58580780029297,129.36349487304688
2022-06-28,81.79381561279297,131.4410858154297
2022-06-29,78.77236938476562,128.84629821777344
2022-06-30,76.555419921875,126.91771697998047
2022-07-01,78.2628173828125,128.4342498779297
2022-07-05,75.81346893310547,125.05928802490234
2022-07-06,74.44579315185547,123.41122436523438
2022-07-07,76.8236083984375,125.81317901611328
2022-07-08,76.94876098632812,125.15571594238281
2022-07-11,76.555419921875,124.05113220214844
2022-07-12,75.53636169433594,121.78067779541016
2022-07-13,75.84028625488281,120.96544647216797
2022-07-14,74.32063293457031,119.1683349609375
2022-07-15,75.5721206665039,120.66737365722656
2022-07-18,76.96663665771484,122.35926055908203
2022-07-19,78.90644836425781,126.7686767578125
2022-07-20,79.77354431152344,128.44302368164062
2022-07-21,78.44160461425781,127.46122741699219
2022-07-22,77.84268188476562,126.4005126953125
2022-07-25,80.43505859375,130.16122436523438
2022-07-26,80.1221923828125,129.14434814453125
2022-07-27,81.85638427734375,130.84500122070312
2022-07-28,82.81288146972656,131.83558654785156
2022-07-29,86.64781188964844,143.57354736328125
2022-08-01,84.45771026611328,140.70701599121094
2022-08-02,84.09119415283203,139.50601196289062
2022-08-03,81.36473083496094,136.19239807128906
2022-08-04,77.94100952148438,132.4930419921875
2022-08-05,79.06735229492188,134.68460083007812
2022-08-08,79.5143051147461,134.4829864501953
2022-08-09,80.98033905029297,136.23622131347656
2022-08-10,81.74910736083984,136.5956573486328
2022-08-11,84.11395263671875,139.92684936523438
2022-08-12,84.84505462646484,140.1284637451172
2022-08-15,83.32866668701172,137.46348571777344
2022-08-16,82.55243682861328,137.11282348632812
2022-08-17,83.22037506103516,138.24371337890625
2022-08-18,85.18803405761719,140.66748046875
2022-08-19,84.9172592163086,139.49098205566406
2022-08-22,84.85408782958984,138.79214477539062
2022-08-23,88.45549011230469,143.2947235107422
2022-08-24,88.97898864746094,144.356201171875
2022-08-25,89.43932342529297,145.62118530273438
2022-08-26,88.33815002441406,144.55081176757812
2022-08-29,90.36901092529297,145.6300506591797
2022-08-30,86.93006896972656,142.08279418945312
2022-08-31,86.28020477294922,139.81825256347656
2022-09-01,84.72772216796875,137.58909606933594
2022-09-02,86.28020477294922,139.6325225830078
2022-09-06,85.70252990722656,138.98672485351562
2022-09-07,84.97142791748047,137.208740234375
2022-09-08,85.66644287109375,137.95179748535156
2022-09-09,87.10157012939453,141.50784301757812
2022-09-12,88.10346984863281,143.745849609375
2022-09-13,86.04552459716797,141.01248168945312
2022-09-14,88.15763854980469,144.427001953125
2022-09-15,85.59423065185547,142.08279418945312
2022-09-16,84.13200378417969,138.3940887451172
2022-09-19,84.12296295166016,138.79214477539062
2022-09-20,83.43699645996094,138.24371337890625
2022-09-21,82.09209442138672,137.12025451660156
2022-09-22,81.74911499023438,137.0141143798828
2022-09-23,77.39854431152344,128.0620574951172
2022-09-26,75.80093383789062,124.69178009033203
2022-09-27,77.3895263671875,124.74486541748047
2022-09-28,80.2056655883789,128.9554901123047
2022-09-29,80.0431900024414,128.0620574951172
2022-09-30,78.80661010742188,127.08902740478516
2022-10-03,82.96762084960938,134.21881103515625
2022-10-04,85.9913558959961,139.4379119873047
2022-10-05,89.46641540527344,140.23399353027344
2022-10-06,92.12006378173828,142.79049682617188
2022-10-07,91.19038391113281,141.56092834472656
2022-10-10,89.21367645263672,139.00448608398438
2022-10-11,88.45549011230469,139.0309600830078
2022-10-12,88.8436050415039,139.44674682617188
2022-10-13,91.94857788085938,146.2050018310547
2022-10-14,89.52957916259766,141.65821838378906
2022-10-17,90.82032775878906,142.69317626953125
2022-10-18,90.98278045654297,143.9404754638672
2022-10-19,93.68157196044922,148.61106872558594
2022-10-20,93.80794525146484,149.46029663085938
2022-10-21,95.54997253417969,153.20211791992188
2022-10-24,96.2178955078125,153.1490478515625
2022-10-25,95.56803131103516,154.7412872314453
2022-10-26,96.705322265625,156.6520233154297
2022-10-27,97.07539367675781,157.36849975585938
2022-10-28,99.91859436035156,159.20848083496094
2022-10-31,100.01786804199219,160.02230834960938
2022-11-01,101.0107421875,161.18995666503906
2022-11-02,98.93476104736328,157.8992919921875
2022-11-03,100.27964782714844,160.2257537841797
2022-11-04,101.37178802490234,162.25149536132812
2022-11-07,102.57228088378906,164.188720703125
2022-11-08,102.89720153808594,163.9498748779297
2022-11-09,98.29389953613281,157.39508056640625
2022-11-10,99.73808288574219,160.37612915039062
2022-11-11,102.8520736694336,164.94058227539062
2022-11-14,103.15232849121094,165.0202178955078
2022-11-15,103.84382629394531,166.34710693359375
2022-11-16,102.7337875366211,163.64027404785156
2022-11-17,102.87025451660156,164.10382080078125
2022-11-18,101.97859191894531,163.1232452392578
2022-11-21,100.9686279296875,161.563232421875
2022-11-22,103.88932037353516,165.70838928222656
2022-11-23,103.37069702148438,164.237548828125
2022-11-25,103.00674438476562,163.7561492919922
2022-11-28,99.91317749023438,158.9959259033203
2022-11-29,100.57737731933594,161.37600708007812
2022-11-30,101.30528259277344,163.4084930419922
2022-12-01,100.81395721435547,162.67752075195312
2022-12-02,99.95866394042969,161.37600708007812
2022-12-05,97.21995544433594,157.3913116455078
2022-12-06,94.51763153076172,153.33531188964844
2022-12-07,94.308349609375,153.78994750976562
2022-12-08,95.00896453857422,154.69921875
2022-12-09,94.20826721191406,149.76065063476562
2022-12-12,96.52845001220703,151.3206787109375
2022-12-13,97.58390045166016,154.69029235839844
2022-12-14,96.86510467529297,153.6205596923828
2022-12-15,95.9370346069336,152.47061157226562
2022-12-16,95.26372528076172,150.40249633789062
2022-12-19,95.69136047363281,151.43655395507812
2022-12-20,97.07437133789062,153.9236297607422
2022-12-21,98.32088470458984,155.73324584960938
2022-12-22,96.3373794555664,153.39768981933594
2022-12-23,98.88501739501953,158.14012145996094
2022-12-27,100.2589340209961,160.12802124023438
2022-12-28,98.612060546875,157.76573181152344
2022-12-29,99.35814666748047,158.9602508544922
2022-12-30,100.35901641845703,160.00323486328125
2023-01-03,96.91059875488281,155.10035705566406
2023-01-04,97.1926498413086,153.45120239257812
2023-01-05,99.36724853515625,156.21466064453125
2023-01-06,100.56828308105469,157.3913116455078
2023-01-09,98.69393920898438,156.1611328125
2023-01-10,100.16793060302734,156.9277801513672
2023-01-11,101.33258819580078,156.1790008544922
2023-01-12,103.0158462524414,157.85484313964844
2023-01-13,102.95215606689453,158.2827606201172
2023-01-17,102.7519760131836,160.89466857910156
2023-01-18,100.64107513427734,157.9885711669922
2023-01-19,101.28710174560547,159.56640625
2023-01-20,103.13412475585938,161.2601318359375
2023-01-23,102.59730529785156,161.04623413085938
2023-01-24,103.55267333984375,161.19775390625
2023-01-25,103.00674438476562,159.6377410888672
2023-01-26,107.14666748046875,167.40206909179688
2023-01-27,105.19043731689453,159.96759033203125
2023-01-30,103.3251953125,155.28753662109375
2023-01-31,105.55438995361328,155.12709045410156
2023-02-01,104.39884185791016,152.7559051513672
2023-02-02,101.13240051269531,150.66098022460938
2023-02-03,101.8330078125,151.05322265625
2023-02-06,101.66012573242188,151.22262573242188
2023-02-07,104.56262969970703,155.1894989013672
2023-02-08,103.65274810791016,151.5435333251953
2023-02-09,104.04401397705078,150.15289306640625
2023-02-10,108.4295883178711,153.29966735839844
2023-02-13,108.00782012939453,152.44387817382812
2023-02-14,106.74253845214844,153.61167907714844
2023-02-15,106.421630859375,151.99285888671875
2023-02-16,106.10990142822266,149.798583984375
2023-02-17,102.0298080444336,146.45310974121094
2023-02-21,101.92894744873047,144.7893829345703
2023-02-22,100.60865783691406,144.20481872558594
2023-02-23,101.5346908569336,145.6257781982422
2023-02-24,101.54386138916016,146.05740356445312
2023-02-27,101.36048889160156,146.4261474609375
2023-02-28,100.77369689941406,144.58253479003906
2023-03-01,101.67221069335938,145.73365783691406
2023-03-02,102.13983154296875,146.1923065185547
2023-03-03,103.4326171875,148.3506622314453
2023-03-06,104.34950256347656,149.4388427734375
2023-03-07,102.3323745727539,147.51431274414062
2023-03-08,100.83787536621094,146.57904052734375
2023-03-09,100.05851745605469,144.34872436523438
2023-03-10,98.82073974609375,143.5933074951172
2023-03-13,97.6838150024414,142.72996520996094
2023-03-14,98.05057525634766,144.57354736328125
2023-03-15,93.17279052734375,138.3143310546875
2023-03-16,92.6318359375,138.7550048828125
2023-03-17,91.54076385498047,137.00132751464844
2023-03-20,93.93379211425781,139.0157928466797
2023-03-21,98.14224243164062,143.26953125
2023-03-22,95.89590454101562,140.3557891845703
2023-03-23,94.81400299072266,138.9618682861328
2023-03-24,94.92401123046875,140.34677124023438
2023-03-27,97.00532531738281,141.77667236328125
2023-03-28,98.21560668945312,143.4314422607422
2023-03-29,99.90264892578125,144.66348266601562
2023-03-30,100.38860321044922,146.03945922851562
2023-03-31,100.54446411132812,146.73191833496094
2023-04-03,106.47664642333984,152.83824157714844
2023-04-04,105.45891571044922,152.01988220214844
2023-04-05,107.26515197753906,152.7752685546875
2023-04-06,105.4864273071289,150.769775390625
2023-04-10,105.01881408691406,151.3453826904297
2023-04-11,105.76146697998047,152.18173217773438
2023-04-12,105.65145111083984,152.72134399414062
2023-04-13,106.14656829833984,154.7627716064453
2023-04-14,106.40328979492188,155.0775146484375
2023-04-17,105.1655044555664,153.71055603027344
2023-04-18,107.21931457519531,153.35086059570312
2023-04-19,106.88007354736328,153.49472045898438
2023-04-20,106.02738189697266,152.74832153320312
2023-04-21,106.36661529541016,152.091796875
2023-04-24,108.37456512451172,154.2141571044922
2023-04-25,106.83422088623047,151.97488403320312
2023-04-26,105.85316467285156,149.2679901123047
2023-04-27,107.11845397949219,150.14031982421875
2023-04-28,108.50293731689453,151.606201171875
2023-05-01,105.13800811767578,150.401123046875
2023-05-02,100.94789123535156,143.9260711669922
2023-05-03,98.9582748413086,141.03924560546875
2023-05-04,97.22538757324219,140.49069213867188
2023-05-05,99.64592742919922,144.07896423339844
2023-05-08,100.0401840209961,143.51235961914062
2023-05-09,100.06768798828125,143.09869384765625
2023-05-10,98.78406524658203,141.2730712890625
2023-05-11,96.99617767333984,140.49069213867188
2023-05-12,96.98698425292969,140.85040283203125
2023-05-15,97.17195129394531,141.3719940185547
2023-05-16,94.81362915039062,138.05352783203125
2023-05-17,96.94075012207031,140.03204345703125
2023-05-18,97.81932830810547,139.85946655273438
2023-05-19,98.27250671386719,140.9673614501953
2023-05-22,97.07948303222656,138.43373107910156
2023-05-23,98.40198516845703,142.4385223388672
2023-05-24,99.50252532958984,142.8199462890625
2023-05-25,97.71760559082031,140.3589630126953
2023-05-26,97.07948303222656,139.9230499267578
2023-05-30,96.21937561035156,139.05125427246094
2023-05-31,94.49919891357422,136.78094482421875
2023-06-01,95.59048461914062,138.17945861816406
2023-06-02,97.81010437011719,141.90274047851562
2023-06-05,97.37542724609375,141.2216339111328
2023-06-06,98.1707763671875,141.4759521484375
2023-06-07,100.37187957763672,145.1447296142578
2023-06-08,100.05742645263672,144.60894775390625
2023-06-09,99.31755065917969,144.26385498046875
2023-06-12,98.42047119140625,142.87445068359375
2023-06-13,98.43896484375,143.94602966308594
2023-06-14,97.25518798828125,142.65647888183594
2023-06-15,97.93031311035156,143.73715209960938
2023-06-16,97.2274398803711,142.8108673095703
2023-06-20,94.99860382080078,139.55978393554688
2023-06-21,96.06216430664062,140.64956665039062
2023-06-22,95.53500366210938,138.6153564453125
2023-06-23,94.70266723632812,137.44390869140625
2023-06-26,96.45057678222656,139.85946655273438
2023-06-27,96.69104766845703,139.423583984375
2023-06-28,97.4771499633789,140.68588256835938
2023-06-29,98.67942810058594,141.8845977783203
2023-06-30,99.18809509277344,142.8926239013672
2023-07-03,99.3823013305664,142.76548767089844
2023-07-05,98.8736572265625,141.9481658935547
2023-07-06,95.18356323242188,138.8332977294922
2023-07-07,95.40553283691406,140.05018615722656
2023-07-10,96.82051849365234,140.98553466796875
2023-07-11,98.00430297851562,143.59185791015625
2023-07-12,98.48522186279297,144.97218322753906
2023-07-13,96.68180084228516,143.0378875732422
2023-07-14,93.35240936279297,139.468994140625
2023-07-17,93.75931549072266,139.34185791015625
2023-07-18,93.33390808105469,139.62338256835938
2023-07-19,93.98129272460938,140.47698974609375
2023-07-20,95.6367416381836,142.0298614501953
2023-07-21,96.08065032958984,144.1094970703125
2023-07-24,97.58812713623047,146.951904296875
2023-07-25,97.73609924316406,147.62388610839844
2023-07-26,97.1904525756836,146.51597595214844
2023-07-27,97.49565124511719,144.99037170410156
2023-07-28,96.33036041259766,144.27291870117188
2023-07-31,99.1788330078125,148.62283325195312
2023-08-01,98.60545349121094,147.38780212402344
2023-08-02,97.37542724609375,145.0539093017578
2023-08-03,99.06786346435547,144.9994354248047
2023-08-04,99.34530639648438,144.67250061035156
2023-08-07,99.141845703125,145.19921875
2023-08-08,99.63200378417969,144.98126220703125
2023-08-09,101.3244400024414,145.17198181152344
2023-08-10,101.84236145019531,146.05287170410156
2023-08-11,103.42382049560547,149.06777954101562
2023-08-14,103.50704193115234,148.9588165283203
2023-08-15,100.84967803955078,144.60894775390625
2023-08-16,99.15267181396484,144.0549774169922
2023-08-17,101.07345581054688,146.46627807617188
2023-08-18,102.60261535644531,147.52066040039062
2023-08-21,101.36249542236328,147.02560424804688
2023-08-22,100.79371643066406,145.81532287597656
2023-08-23,99.90792846679688,146.0078887939453
2023-08-24,99.16200256347656,144.80679321289062
2023-08-25,100.93359375,145.88870239257812
2023-08-28,101.7820816040039,146.88804626464844
2023-08-29,102.38813781738281,146.6588592529297
2023-08-30,103.38583374023438,146.8605194091797
2023-08-31,103.67487335205078,147.7040557861328
2023-09-01,105.847412109375,150.63795471191406
2023-09-05,105.85671997070312,152.61834716796875
2023-09-06,106.77049255371094,152.77420043945312
2023-09-07,106.24832153320312,152.78335571289062
2023-09-08,107.796142578125,153.3059844970703
2023-09-11,106.44415283203125,150.14285278320312
2023-09-12,109.54906463623047,152.93923950195312
2023-09-13,108.5700454711914,152.37994384765625
2023-09-14,110.50945281982422,153.32432556152344
2023-09-15,108.81246185302734,152.65501403808594
2023-09-18,109.6889419555664,153.31515502929688
2023-09-19,109.39989471435547,153.2967987060547
2023-09-20,108.5327377319336,152.82923889160156
2023-09-21,107.00359344482422,151.4539337158203
2023-09-22,107.17142486572266,152.45330810546875
2023-09-25,108.3742446899414,154.68125915527344
2023-09-26,108.54207611083984,153.846923828125
2023-09-27,112.0759048461914,156.8175048828125
2023-09-28,111.39524841308594,156.40492248535156
2023-09-29,109.63298797607422,154.59873962402344
2023-10-02,107.81478118896484,152.6916961669922
2023-10-03,108.00127410888672,153.04925537109375
2023-10-04,103.96392822265625,149.48272705078125
2023-10-05,101.62356567382812,150.2711944580078
2023-10-06,99.92656707763672,148.7400665283203
2023-10-09,103.42313385009766,152.85671997070312
2023-10-10,102.98489379882812,152.6916961669922
2023-10-11,99.29254150390625,147.7040557861328
2023-10-12,99.27389526367188,147.82325744628906
2023-10-13,102.44409942626953,150.4178924560547
2023-10-16,102.51869201660156,151.64646911621094
2023-10-17,103.86135864257812,153.6543731689453
2023-10-18,105.31592559814453,154.873779296875
2023-10-19,105.3812026977539,155.03880310058594
2023-10-20,103.57230377197266,152.95758056640625
2023-10-23,102.05248260498047,147.31895446777344
2023-10-24,101.06412506103516,143.62405395507812
2023-10-25,101.25060272216797,142.90892028808594
2023-10-26,100.3275146484375,141.88206481933594
2023-10-27,98.41607666015625,132.34686279296875
2023-10-30,98.7237777709961,133.9421844482422
2023-10-31,98.69579315185547,133.61212158203125
2023-11-01,98.49999237060547,132.00762939453125
2023-11-02,101.7354736328125,136.39013671875
2023-11-03,100.49534606933594,135.3357696533203
2023-11-06,98.7144546508789,134.77650451660156
2023-11-07,97.1666488647461,132.40187072753906
2023-11-08,95.97314453125,130.55899047851562
2023-11-09,96.00112915039062,130.13726806640625
2023-11-10,96.73773193359375,131.06326293945312
2023-11-13,97.75405883789062,132.0259552001953
2023-11-14,98.13043975830078,132.98866271972656
2023-11-15,97.53765106201172,133.45623779296875
2023-11-16,96.40851593017578,131.34388732910156
2023-11-17,98.7608642578125,133.83609008789062
2023-11-20,98.32804107666016,133.76199340820312
2023-11-21,98.29039764404297,133.44696044921875
2023-11-22,97.86697387695312,133.7156524658203
2023-11-24,98.39390563964844,134.24371337890625
2023-11-27,97.81991577148438,133.74342346191406
2023-11-28,97.76348114013672,134.80886840820312
2023-11-29,96.29560089111328,133.32652282714844
2023-11-30,96.6719970703125,133.0393524169922
2023-12-01,96.9072265625,134.1603546142578
2023-12-04,96.38029479980469,134.21592712402344
2023-12-05,94.50782775878906,132.35374450683594
2023-12-06,93.25638580322266,132.0480194091797
2023-12-07,92.60713195800781,131.9461212158203
2023-12-08,93.67039489746094,133.69711303710938
2023-12-11,93.73626708984375,133.7341766357422
2023-12-12,92.25900268554688,132.02024841308594
2023-12-13,93.07759857177734,133.97503662109375
2023-12-14,95.58051300048828,138.90379333496094
2023-12-15,94.94066619873047,138.36647033691406
2023-12-18,95.6463623046875,138.6721954345703
2023-12-19,96.9072265625,140.488037109375
2023-12-20,95.2887954711914,139.20028686523438
2023-12-21,95.72164154052734,139.62644958496094
2023-12-22,95.8910140991211,139.9414520263672
2023-12-26,96.10742950439453,141.201416015625
2023-12-27,95.65576934814453,140.73818969726562
2023-12-28,94.2726058959961,138.7555694580078
2023-12-29,94.07499694824219,138.1904296875
2024-01-02,96.31443786621094,138.48690795898438
2024-01-03,97.1236343383789,141.12728881835938
2024-01-04,96.27679443359375,139.58013916015625
2024-01-05,96.5684814453125,139.3392333984375
2024-01-08,94.95948791503906,138.50543212890625
2024-01-09,93.78330993652344,134.98486328125
2024-01-10,92.86119842529297,133.87313842773438
2024-01-11,92.84236907958984,134.59576416015625
2024-01-12,94.04676818847656,136.43943786621094
2024-01-16,91.92025756835938,133.1227264404297
2024-01-17,91.25218963623047,132.5946044921875
2024-01-18,91.08281707763672,131.39024353027344
2024-01-19,91.22395324707031,131.7793426513672
2024-01-22,91.10163116455078,132.01097106933594
2024-01-23,92.12725830078125,131.640380859375
2024-01-24,93.71744537353516,134.26223754882812
2024-01-25,96.09801483154297,137.64382934570312
2024-01-26,96.91663360595703,138.1719207763672
2024-01-29,97.03895568847656,138.11631774902344
2024-01-30,98.65736389160156,139.079833984375
2024-01-31,96.73784637451172,136.58767700195312
2024-02-01,96.3426513671875,137.01382446289062
2024-02-02,95.94746398925781,141.04391479492188
2024-02-05,95.55227661132812,141.12728881835938
2024-02-06,96.21092224121094,141.1458282470703
2024-02-07,96.18270111083984,140.9420166015625
2024-02-08,97.829345703125,142.73008728027344
2024-02-09,95.75926971435547,139.93218994140625
2024-02-12,97.07659149169922,140.89569091796875
2024-02-13,96.2408676147461,139.5245361328125
2024-02-14,95.76602172851562,139.9043731689453
2024-02-15,98.51061248779297,144.66213989257812
2024-02-16,98.51061248779297,144.8213653564453
2024-02-20,97.57992553710938,144.23133850097656
2024-02-21,99.57424926757812,145.57998657226562
2024-02-22,99.48878479003906,145.57061767578125
2024-02-23,98.61506652832031,144.84947204589844
2024-02-26,99.00444793701172,144.65277099609375
2024-02-27,98.79550170898438,142.50802612304688
2024-02-28,99.07091522216797,142.67662048339844
2024-02-29,99.26085662841797,142.3675537109375
2024-03-01,100.51444244384766,143.1168212890625
2024-03-04,99.1089096069336,139.43612670898438
2024-03-05,100.32450866699219,140.10105895996094
2024-03-06,101.39764404296875,138.92098999023438
2024-03-07,101.96744537353516,139.89501953125
2024-03-08,102.9266357421875,140.37266540527344
2024-03-11,103.53443145751953,142.35818481445312
2024-03-12,102.8696517944336,142.25515747070312
2024-03-13,104.01876831054688,144.12831115722656
2024-03-14,105.86116027832031,145.823486328125
2024-03-15,105.67121124267578,145.68299865722656
2024-03-18,106.64939880371094,145.55189514160156
2024-03-19,107.39964294433594,146.68511962890625
2024-03-20,107.30467224121094,144.74642944335938
2024-03-21,107.77951049804688,145.03677368164062
2024-03-22,107.77951049804688,144.84947204589844
2024-03-25,108.88114166259766,146.5446319580078
2024-03-26,108.06441497802734,145.4207763671875
2024-03-27,109.18505096435547,146.43226623535156
2024-03-28,110.3911361694336,147.7340850830078
2024-04-01,111.10340118408203,148.9890899658203
2024-04-02,113.2781753540039,149.64468383789062
2024-04-03,113.29716491699219,150.2628173828125
2024-04-04,113.69603729248047,150.4969482421875
2024-04-05,115.26301574707031,151.34922790527344
2024-04-08,114.48429107666016,151.0401611328125
2024-04-09,115.08257293701172,151.72386169433594
2024-04-10,116.0512466430664,152.35134887695312
2024-04-11,115.66188049316406,151.62083435058594
2024-04-12,114.31333923339844,148.87669372558594
2024-04-15,113.65805053710938,147.59359741210938
2024-04-16,112.71786499023438,146.36669921875
2024-04-17,112.66088104248047,146.47906494140625
2024-04-18,112.55641174316406,147.57489013671875
2024-04-19,113.84797668457031,149.8507080078125
2024-04-22,114.4937744140625,151.64892578125
2024-04-23,114.94013214111328,152.51995849609375
2024-04-24,114.95912170410156,153.19427490234375
2024-04-25,115.22502899169922,154.79579162597656
2024-04-26,112.02459716796875,155.36709594726562
2024-04-29,113.62007141113281,155.77919006347656
2024-04-30,112.3189926147461,151.0401611328125
2024-05-01,110.19171142578125,149.50421142578125
2024-05-02,110.3911361694336,150.534423828125
2024-05-03,110.16321563720703,150.0848846435547
2024-05-06,110.87548828125,152.0048370361328
2024-05-07,110.32466125488281,152.35134887695312
2024-05-08,110.3056640625,152.22958374023438
2024-05-09,112.48045349121094,154.9550018310547
2024-05-10,112.02459716796875,155.3015594482422
2024-05-13,111.97712707519531,154.0933837890625
2024-05-14,112.65686798095703,153.2317352294922
2024-05-15,113.52810668945312,152.70726013183594
2024-05-16,112.84835052490234,152.39508056640625
2024-05-17,114.54293823242188,153.88978576660156
2024-05-20,113.61426544189453,152.44236755371094
2024-05-21,112.82919311523438,151.3355255126953
2024-05-22,110.56016540527344,149.0650634765625
2024-05-23,108.6740951538086,148.4690704345703
2024-05-24,108.58792877197266,149.23536682128906
2024-05-28,109.96659088134766,150.45570373535156
2024-05-29,108.78897857666016,148.4312286376953
2024-05-30,109.1336441040039,149.7178192138672
2024-05-31,112.26432800292969,153.53977966308594
2024-06-03,109.57404327392578,148.96099853515625
2024-06-04,107.86988067626953,147.70278930664062
2024-06-05,108.30072021484375,146.61485290527344
2024-06-06,109.114501953125,147.51356506347656
2024-06-07,107.94647979736328,147.65548706054688
2024-06-10,108.26241302490234,148.2798614501953
2024-06-11,107.39118957519531,148.04336547851562
2024-06-12,106.20401000976562,145.89588928222656
2024-06-13,105.3519287109375,144.59036254882812
2024-06-14,104.4615478515625,144.33494567871094
2024-06-17,103.7435073852539,144.92147827148438
2024-06-18,104.72004699707031,145.05392456054688
2024-06-20,106.97950744628906,148.1852569580078
2024-06-21,106.041259765625,146.898681640625
2024-06-24,109.19108581542969,150.71115112304688
2024-06-25,109.4974594116211,149.9070281982422
2024-06-26,109.53575134277344,147.53250122070312
2024-06-27,110.00486755371094,147.88255310058594
2024-06-28,110.21550750732422,147.9771270751953
2024-07-01,110.06232452392578,148.0717315673828
2024-07-02,109.3155517578125,148.28932189941406
2024-07-03,109.87083435058594,148.25149536132812
2024-07-05,108.54005432128906,145.98101806640625
2024-07-08,107.40074920654297,145.9999542236328
2024-07-09,106.21358489990234,144.72279357910156
2024-07-10,107.1518325805664,146.7567596435547
2024-07-11,108.4251708984375,146.87973022460938
2024-07-12,108.4443130493164,147.19192504882812
2024-07-15,110.30166625976562,149.50967407226562
2024-07-16,111.0963134765625,149.25425720214844
2024-07-17,112.62814331054688,152.5275115966797
2024-07-18,113.73872375488281,153.22756958007812
2024-07-19,111.12503051757812,150.5597686767578
2024-07-22,110.3591079711914,148.516357421875
2024-07-23,108.578369140625,145.7729034423828
2024-07-24,110.11019134521484,146.70001220703125
2024-07-25,112.42708587646484,149.0366668701172
2024-07-26,112.33134460449219,149.3204803466797
2024-07-29,111.15375518798828,148.14743041992188
2024-07-30,113.13556671142578,150.9571075439453
2024-07-31,113.53765869140625,151.8085174560547
2024-08-01,111.967529296875,144.38223266601562
2024-08-02,111.90052032470703,140.53192138671875
2024-08-05,109.88041687011719,136.85191345214844
2024-08-06,109.2964096069336,135.4990692138672
2024-08-07,110.75164794921875,134.72332763671875
2024-08-08,112.86750030517578,136.69107055664062
2024-08-09,113.78658294677734,137.16409301757812
2024-08-12,113.9301986694336,137.1924591064453
2024-08-13,112.8387680053711,136.36940002441406
2024-08-14,113.88233184814453,136.861328125
2024-08-15,114.58686828613281,138.87637329101562
2024-08-16,114.04640197753906,139.32101440429688
2024-08-19,114.39383697509766,140.45938110351562
2024-08-20,110.58168029785156,138.4122314453125
2024-08-21,109.87713623046875,139.014892578125
2024-08-22,110.72644805908203,139.40708923339844
2024-08-23,112.26095581054688,141.21510314941406
2024-08-26,114.66407012939453,142.0569305419922
2024-08-27,113.57350158691406,140.5741729736328
2024-08-28,112.4539794921875,139.66539001464844
2024-08-29,114.00779724121094,141.0237579345703
2024-08-30,113.82442474365234,141.53077697753906
2024-09-03,111.44062042236328,138.38352966308594
2024-09-04,110.0798110961914,135.90591430664062
2024-09-05,109.22087097167969,134.81536865234375
2024-09-06,108.70936584472656,132.54818725585938
2024-09-09,110.99667358398438,134.21270751953125
2024-09-10,106.952880859375,132.2324981689453
2024-09-11,105.89127349853516,131.897705078125
2024-09-12,107.34857940673828,133.17001342773438
2024-09-13,107.27136993408203,134.50924682617188
2024-09-16,108.77692413330078,135.92503356933594
2024-09-17,110.19563293457031,137.18777465820312
2024-09-18,110.58168029785156,137.71389770507812
2024-09-19,111.9521255493164,138.69920349121094
2024-09-20,111.24758911132812,139.35926818847656
2024-09-23,113.2646713256836,141.13856506347656
2024-09-24,112.96548461914062,141.05247497558594
2024-09-25,110.76504516601562,137.72348022460938
2024-09-26,108.86380004882812,135.82937622070312
2024-09-27,111.77840423583984,139.17752075195312
2024-09-30,113.12954711914062,140.88027954101562
2024-10-01,115.74498748779297,143.20484924316406
2024-10-02,117.27950286865234,144.40061950683594
2024-10-03,118.3025131225586,144.68760681152344
2024-10-04,120.47400665283203,144.19973754882812
2024-10-07,120.99515533447266,144.563232421875
2024-10-08,117.78135681152344,142.2960662841797
2024-10-09,117.82959747314453,143.15701293945312
2024-10-10,118.84296417236328,144.08494567871094
2024-10-11,119.29656219482422,144.85023498535156
2024-10-14,119.75017547607422,145.19461059570312
2024-10-15,116.15032196044922,141.32032775878906
2024-10-16,116.44951629638672,142.27694702148438
2024-10-17,116.15032196044922,144.6397705078125
2024-10-18,115.82218933105469,144.2093048095703
2024-10-21,115.88975524902344,144.33364868164062
2024-10-22,116.48811340332031,144.37191772460938
2024-10-23,116.07311248779297,143.9510040283203
2024-10-24,115.41683959960938,143.92230224609375
2024-10-25,115.32034301757812,144.2666778564453
2024-10-28,114.75092315673828,144.00840759277344
2024-10-29,113.18746185302734,142.07606506347656
2024-10-30,112.6180419921875,141.62643432617188
2024-10-31,112.70491027832031,142.363037109375
2024-11-01,110.93875885009766,146.42864990234375
2024-11-04,114.4710464477539,147.28958129882812
2024-11-05,114.808837890625,146.75389099121094
2024-11-06,116.77764129638672,150.8768768310547
2024-11-07,116.92241668701172,149.96810913085938
2024-11-08,116.88380432128906,150.1211395263672
2024-11-11,116.26614379882812,149.70982360839844
2024-11-12,116.15032196044922,148.5522918701172
2024-11-13,117.23124694824219,151.83349609375
2024-11-14,117.30908203125,154.77987670898438
2024-11-15,116.0927963256836,154.41635131835938
2024-11-18,117.06582641601562,155.35372924804688
2024-11-19,115.4311294555664,154.23275756835938
2024-11-20,117.0755615234375,155.90455627441406
2024-11-21,118.64214324951172,156.19447326660156
2024-11-22,118.50592041015625,156.89993286132812
2024-11-25,116.73500061035156,154.9671630859375
2024-11-26,114.78893280029297,157.06419372558594
2024-11-27,114.48728942871094,156.6583251953125
2024-11-29,114.77920532226562,156.484375
2024-12-02,114.67215728759766,156.7549591064453
2024-12-03,114.49701690673828,156.47471618652344
2024-12-04,111.19842529296875,152.99578857421875
2024-12-05,111.68495178222656,153.97181701660156
2024-12-06,110.50757598876953,150.0193634033203
2024-12-09,109.85564422607422,151.79750061035156
2024-12-10,109.63184356689453,151.7201690673828
2024-12-11,108.90206146240234,150.95675659179688
2024-12-12,108.80476379394531,149.50718688964844
2024-12-13,107.85118865966797,148.6954345703125
2024-12-16,105.54509735107422,144.3371124267578
2024-12-17,105.09750366210938,143.12913513183594
2024-12-18,103.55036926269531,139.23468017578125
2024-12-19,102.6649169921875,136.4031982421875
2024-12-20,103.01520538330078,138.04605102539062
2024-12-23,103.4336166381836,138.16200256347656
2024-12-24,103.53091430664062,139.0027313232422
2024-12-26,103.61848449707031,139.13803100585938
2024-12-27,103.60875701904297,139.15736389160156
2024-12-30,102.9081802368164,138.25865173339844
2024-12-31,104.66936492919922,139.9691162109375
