Date,PG,CL
2018-01-02,73.85492706298828,62.53053665161133
2018-01-03,73.7652816772461,62.28919219970703
2018-01-04,74.28673553466797,62.68861770629883
2018-01-05,74.3355941772461,62.76351547241211
2018-01-08,74.72669982910156,62.855079650878906
2018-01-09,74.18082427978516,62.946632385253906
2018-01-10,73.70828247070312,62.26422882080078
2018-01-11,73.4475326538086,62.03953552246094
2018-01-12,73.00758361816406,62.09779739379883
2018-01-16,73.50460052490234,62.76351547241211
2018-01-17,74.30300903320312,63.81209945678711
2018-01-18,74.03209686279297,63.77047348022461
2018-01-19,74.76273345947266,64.4944839477539
2018-01-22,75.43592071533203,64.72872161865234
2018-01-23,73.10444641113281,64.32717895507812
2018-01-24,72.49695587158203,64.2435302734375
2018-01-25,72.52159118652344,64.67012786865234
2018-01-26,72.02080535888672,61.53327560424805
2018-01-29,71.30658721923828,61.72564697265625
2018-01-30,71.38047790527344,62.461761474609375
2018-01-31,70.87969970703125,62.10209274291992
2018-02-01,70.4774398803711,61.340877532958984
2018-02-02,69.16394805908203,60.588016510009766
2018-02-05,66.54517364501953,58.3963508605957
2018-02-06,67.6287841796875,58.89827346801758
2018-02-07,67.18549346923828,58.69750213623047
2018-02-08,65.85557556152344,57.67696762084961
2018-02-09,65.60929870605469,58.354549407958984
2018-02-12,66.76681518554688,58.714229583740234
2018-02-13,66.9063720703125,58.806270599365234
2018-02-14,66.23319244384766,58.23743438720703
2018-02-15,67.65343475341797,59.57584762573242
2018-02-16,67.80939483642578,59.776615142822266
2018-02-20,66.7750473022461,58.58039474487305
2018-02-21,65.87198638916016,57.83591842651367
2018-02-22,66.36454010009766,58.04503631591797
2018-02-23,66.53697967529297,58.806270599365234
2018-02-26,67.01309204101562,59.450382232666016
2018-02-27,66.11827087402344,58.48839569091797
2018-02-28,64.45997619628906,57.69370651245117
2018-03-01,64.60774993896484,57.60169219970703
2018-03-02,65.2645034790039,57.94465255737305
2018-03-05,65.91304016113281,58.61384963989258
2018-03-06,65.69139862060547,58.25417709350586
2018-03-07,64.98538208007812,58.287635803222656
2018-03-08,65.65034484863281,59.40853500366211
2018-03-09,65.91304016113281,59.59257507324219
2018-03-12,65.56002044677734,59.45872497558594
2018-03-13,65.4450912475586,59.28307342529297
2018-03-14,64.85401916503906,58.546932220458984
2018-03-15,64.58313751220703,58.18724822998047
2018-03-16,64.82941436767578,58.23743438720703
2018-03-19,64.57492065429688,58.605499267578125
2018-03-20,64.28759002685547,58.29600524902344
2018-03-21,63.2449951171875,57.459495544433594
2018-03-22,62.727806091308594,57.568233489990234
2018-03-23,62.31734848022461,57.200172424316406
2018-03-26,62.727806091308594,57.04124069213867
2018-03-27,63.860694885253906,57.95301818847656
2018-03-28,64.72267150878906,59.22452163696289
2018-03-29,65.0838851928711,59.960628509521484
2018-04-02,63.540531158447266,58.6807746887207
2018-04-03,64.41073608398438,59.34998321533203
2018-04-04,64.89508056640625,59.935546875
2018-04-05,64.6898422241211,60.06939697265625
2018-04-06,64.3860855102539,59.92717361450195
2018-04-09,64.1644515991211,59.7431640625
2018-04-10,64.33683776855469,60.00246047973633
2018-04-11,64.2547607421875,59.70968246459961
2018-04-12,63.860694885253906,59.34161376953125
2018-04-13,64.33683776855469,59.89371871948242
2018-04-16,64.53388214111328,60.59636688232422
2018-04-17,64.3860855102539,60.420711517333984
2018-04-18,64.197265625,60.29524230957031
2018-04-19,62.098594665527344,58.70496368408203
2018-04-20,61.14580154418945,56.811798095703125
2018-04-23,60.48297119140625,55.844200134277344
2018-04-24,60.068702697753906,56.06294631958008
2018-04-25,59.902992248535156,55.877845764160156
2018-04-26,60.27583312988281,56.02928924560547
2018-04-27,60.3255500793457,56.02089309692383
2018-04-30,59.93613052368164,54.884986877441406
2018-05-01,59.62130355834961,54.69145965576172
2018-05-02,58.77618408203125,53.126441955566406
2018-05-03,59.12416076660156,53.277889251708984
2018-05-04,60.010704040527344,53.606048583984375
2018-05-07,59.63786697387695,52.8571891784668
2018-05-08,59.19045639038086,52.402835845947266
2018-05-09,59.960994720458984,52.091514587402344
2018-05-10,60.60723876953125,52.57111358642578
2018-05-11,60.78950881958008,52.764644622802734
2018-05-14,60.7149543762207,52.20090103149414
2018-05-15,60.441532135009766,51.872737884521484
2018-05-16,60.922096252441406,52.24296569824219
2018-05-17,61.27836990356445,52.4112548828125
2018-05-18,60.85578536987305,52.352352142333984
2018-05-21,61.361202239990234,52.37759780883789
2018-05-22,61.33635330200195,52.5122184753418
2018-05-23,61.46062469482422,52.77305221557617
2018-05-24,61.120933532714844,52.57953643798828
2018-05-25,61.5683479309082,53.63970184326172
2018-05-29,61.3529167175293,53.47983932495117
2018-05-30,62.04888153076172,54.17820358276367
2018-05-31,60.62382125854492,53.08436965942383
2018-06-01,60.85578536987305,52.747798919677734
2018-06-04,61.46062469482422,52.764644622802734
2018-06-05,61.28663635253906,52.4112548828125
2018-06-06,61.601470947265625,52.6468505859375
2018-06-07,62.769710540771484,52.806705474853516
2018-06-08,63.94623947143555,53.294734954833984
2018-06-11,64.2362289428711,53.63970184326172
2018-06-12,63.99595260620117,53.62287139892578
2018-06-13,63.35797119140625,53.05913543701172
2018-06-14,62.96028518676758,53.26948547363281
2018-06-15,64.11195373535156,54.46428680419922
2018-06-18,62.836021423339844,53.26948547363281
2018-06-19,63.241973876953125,53.85005187988281
2018-06-20,62.844268798828125,53.765907287597656
2018-06-21,63.333126068115234,53.42094421386719
2018-06-22,64.15336608886719,54.3801383972168
2018-06-25,64.45165252685547,54.784019470214844
2018-06-26,64.62562561035156,54.80924606323242
2018-06-27,64.36878967285156,54.44746398925781
2018-06-28,64.66706085205078,54.632568359375
2018-06-29,64.67535400390625,54.531585693359375
2018-07-02,64.73333740234375,54.33807373046875
2018-07-03,64.54279327392578,54.41380310058594
2018-07-05,65.62818908691406,55.499210357666016
2018-07-06,65.71102905273438,55.34775161743164
2018-07-09,64.50965881347656,54.69145965576172
2018-07-10,66.1335678100586,55.30569076538086
2018-07-11,65.58673095703125,54.893394470214844
2018-07-12,65.36304473876953,54.834495544433594
2018-07-13,65.71102905273438,55.322513580322266
2018-07-16,65.89329528808594,55.213138580322266
2018-07-17,66.30757904052734,55.51799392700195
2018-07-18,66.05070495605469,54.88286590576172
2018-07-19,65.8224868774414,55.67888641357422
2018-07-20,65.78067016601562,55.848262786865234
2018-07-23,65.63853454589844,55.75511169433594
2018-07-24,66.03984832763672,55.27240753173828
2018-07-25,66.4411392211914,55.848262786865234
2018-07-26,66.95951843261719,56.68660354614258
2018-07-27,67.3691635131836,56.44951629638672
2018-07-30,67.05146026611328,56.2801399230957
2018-07-31,67.61997985839844,56.745887756347656
2018-08-01,67.42768859863281,55.95834732055664
2018-08-02,68.55636596679688,56.940670013427734
2018-08-03,68.83228302001953,57.16083526611328
2018-08-06,68.99109649658203,57.059207916259766
2018-08-07,69.09143829345703,56.93218994140625
2018-08-08,68.8489761352539,56.39021301269531
2018-08-09,68.05473327636719,55.831329345703125
2018-08-10,68.07979583740234,55.40790557861328
2018-08-13,68.15505981445312,55.509525299072266
2018-08-14,67.97949981689453,55.4841194152832
2018-08-15,68.80718231201172,55.74663543701172
2018-08-16,69.96929168701172,56.50031661987305
2018-08-17,69.96929168701172,57.16083526611328
2018-08-20,69.927490234375,57.29633712768555
2018-08-21,70.1448745727539,57.076171875
2018-08-22,69.71847534179688,56.72895812988281
2018-08-23,69.59307861328125,56.37328338623047
2018-08-24,69.69340515136719,56.63579177856445
2018-08-27,69.76029205322266,56.813629150390625
2018-08-28,69.79373168945312,56.55111312866211
2018-08-29,69.80208587646484,56.703548431396484
2018-08-30,69.73519897460938,56.093841552734375
2018-08-31,69.35059356689453,56.237796783447266
2018-09-04,69.1416015625,55.23854064941406
2018-09-05,69.6348876953125,56.39021301269531
2018-09-06,69.09980773925781,56.73741912841797
2018-09-07,68.48111724853516,56.745887756347656
2018-09-10,68.8740463256836,56.87291717529297
2018-09-11,68.56474304199219,56.88984298706055
2018-09-12,69.48439025878906,57.567317962646484
2018-09-13,69.76863861083984,57.71974563598633
2018-09-14,69.90242004394531,57.575775146484375
2018-09-17,70.4374771118164,58.27019500732422
2018-09-18,70.22847747802734,57.8044319152832
2018-09-19,70.22847747802734,57.52497482299805
2018-09-20,71.3655014038086,58.25325012207031
2018-09-21,71.75010681152344,58.50728988647461
2018-09-24,70.4542007446289,57.53345489501953
2018-09-25,69.49272155761719,56.85597610473633
2018-09-26,69.60980987548828,56.822120666503906
2018-09-27,69.27537536621094,56.50878143310547
2018-09-28,69.584716796875,56.695072174072266
2018-10-01,69.95258331298828,56.79669952392578
2018-10-02,70.5294418334961,57.067691802978516
2018-10-03,69.41751098632812,55.82286071777344
2018-10-04,68.48947143554688,54.976016998291016
2018-10-05,68.68179321289062,54.79819107055664
2018-10-08,68.89080047607422,55.34016036987305
2018-10-09,68.72357177734375,55.10304641723633
2018-10-10,68.0881576538086,54.05298614501953
2018-10-11,65.93952178955078,52.799678802490234
2018-10-12,66.0983657836914,52.960575103759766
2018-10-15,66.99295043945312,52.96903610229492
2018-10-16,67.72868347167969,53.019859313964844
2018-10-17,68.4393310546875,53.81587219238281
2018-10-18,67.67768096923828,53.398162841796875
2018-10-19,73.63237762451172,55.00078201293945
2018-10-22,73.0419692993164,54.2506217956543
2018-10-23,73.51431274414062,54.04603576660156
2018-10-24,75.45421600341797,55.10308074951172
2018-10-25,75.06621551513672,54.40407943725586
2018-10-26,74.10469818115234,50.78963851928711
2018-10-29,74.42522430419922,49.34044647216797
2018-10-30,75.22650146484375,51.309635162353516
2018-10-31,74.79634094238281,50.76405334472656
2018-11-01,75.56387329101562,51.21586990356445
2018-11-02,75.74942016601562,51.394866943359375
2018-11-05,76.92180633544922,51.34373092651367
2018-11-06,77.18327331542969,51.58241653442383
2018-11-07,76.99771881103516,52.281429290771484
2018-11-08,77.05674743652344,51.914886474609375
2018-11-09,77.94236755371094,54.38701248168945
2018-11-12,78.18696594238281,52.29848098754883
2018-11-13,78.83644104003906,52.733238220214844
2018-11-14,78.85330200195312,53.253238677978516
2018-11-15,79.14002990722656,53.19356918334961
2018-11-16,79.1316146850586,53.909645080566406
2018-11-19,78.68458557128906,53.50897979736328
2018-11-20,77.68086242675781,53.116851806640625
2018-11-21,77.09893798828125,52.784393310546875
2018-11-23,77.20857238769531,52.66504669189453
2018-11-26,77.54593658447266,53.4834098815918
2018-11-27,78.20384979248047,53.909645080566406
2018-11-28,78.44844818115234,53.56013488769531
2018-11-29,78.28816223144531,53.73915100097656
2018-11-30,79.71360778808594,54.148338317871094
2018-12-03,78.70990753173828,54.35292434692383
2018-12-04,78.70145416259766,53.77325439453125
2018-12-06,78.90390014648438,53.901123046875
2018-12-07,77.97610473632812,53.45783996582031
2018-12-10,78.4653091430664,54.165382385253906
2018-12-11,79.20755004882812,55.02637481689453
2018-12-12,79.30873107910156,55.648658752441406
2018-12-13,81.38361358642578,55.81062316894531
2018-12-14,81.51011657714844,55.55488586425781
2018-12-17,78.24600219726562,53.63684844970703
2018-12-18,78.00983428955078,53.24472427368164
2018-12-19,77.3941421508789,52.75029373168945
2018-12-20,76.73623657226562,51.98307800292969
2018-12-21,76.7278060913086,51.07093811035156
2018-12-24,73.68297576904297,49.47683334350586
2018-12-26,75.98558044433594,50.636192321777344
2018-12-27,77.61343383789062,50.88340377807617
2018-12-28,76.9049301147461,50.823734283447266
2018-12-31,77.5290756225586,50.73847961425781
2019-01-02,76.98929595947266,50.50831604003906
2019-01-03,76.44947814941406,50.269630432128906
2019-01-04,78.00983428955078,50.73847961425781
2019-01-07,77.69776153564453,51.045372009277344
2019-01-08,77.98452758789062,51.616519927978516
2019-01-09,76.71092987060547,52.255863189697266
2019-01-10,76.89651489257812,52.69913864135742
2019-01-11,77.40257263183594,52.937828063964844
2019-01-14,76.87963104248047,52.52012634277344
2019-01-15,77.6050033569336,53.040130615234375
2019-01-16,77.06515502929688,52.963409423828125
2019-01-17,77.05413818359375,52.85259246826172
2019-01-18,77.71720886230469,53.389644622802734
2019-01-22,76.88410949707031,52.98626708984375
2019-01-23,80.62460327148438,53.50979232788086
2019-01-24,80.16553497314453,53.38105392456055
2019-01-25,79.57047271728516,53.07210159301758
2019-01-28,79.50245666503906,53.84449005126953
2019-01-29,79.51946258544922,54.65979766845703
2019-01-30,80.35255432128906,54.882938385009766
2019-01-31,82.01026916503906,55.50943374633789
2019-02-01,82.86038970947266,55.82698440551758
2019-02-04,83.33646392822266,55.94713592529297
2019-02-05,82.83489227294922,55.560916900634766
2019-02-06,83.242919921875,56.06727600097656
2019-02-07,82.57987213134766,55.82698440551758
2019-02-08,83.06442260742188,56.376220703125
2019-02-11,83.54047393798828,56.462059020996094
2019-02-12,84.38209533691406,56.65943908691406
2019-02-13,84.36509704589844,56.59078598022461
2019-02-14,83.70201110839844,56.17026138305664
2019-02-15,83.71900939941406,57.05423355102539
2019-02-19,85.002685546875,57.26020050048828
2019-02-20,84.39907836914062,57.0799674987793
2019-02-21,84.82415771484375,57.2430305480957
2019-02-22,85.22372436523438,57.41468048095703
2019-02-25,84.6456298828125,57.08855438232422
2019-02-26,84.86664581298828,57.06280517578125
2019-02-27,84.08457946777344,56.53070068359375
2019-02-28,83.77851104736328,56.53070068359375
2019-03-01,83.68499755859375,56.64227294921875
2019-03-04,84.05054473876953,56.668033599853516
2019-03-05,84.23756408691406,56.401981353759766
2019-03-06,84.10154724121094,56.30757141113281
2019-03-07,83.77851104736328,56.07585144042969
2019-03-08,83.65951538085938,56.084442138671875
2019-03-11,84.65412902832031,56.51354217529297
2019-03-12,85.0536880493164,56.419151306152344
2019-03-13,86.01432037353516,57.08855438232422
2019-03-14,86.1333236694336,56.85683059692383
2019-03-15,87.0854721069336,57.67213821411133
2019-03-18,86.29484558105469,56.89116287231445
2019-03-19,86.62638854980469,56.4277229309082
2019-03-20,86.47338104248047,55.87846755981445
2019-03-21,87.12794494628906,56.49637985229492
2019-03-22,86.42235565185547,56.64227294921875
2019-03-25,86.67740631103516,56.86542510986328
2019-03-26,87.57852172851562,57.431827545166016
2019-03-27,87.47649383544922,57.509071350097656
2019-03-28,88.02906799316406,57.81803894042969
2019-03-29,88.45410919189453,58.8221549987793
2019-04-01,88.10559844970703,58.616172790527344
2019-04-02,88.19910430908203,58.6762580871582
2019-04-03,88.14810943603516,58.204227447509766
2019-04-04,87.92706298828125,57.972530364990234
2019-04-05,88.11407470703125,58.290042877197266
2019-04-08,89.23624420166016,58.375858306884766
2019-04-09,88.97270965576172,58.453121185302734
2019-04-10,88.96418762207031,58.453121185302734
2019-04-11,89.04920959472656,58.435943603515625
2019-04-12,89.31275177001953,59.01953887939453
2019-04-15,89.88233184814453,58.96804428100586
2019-04-16,90.4688949584961,59.25124740600586
2019-04-17,90.61956787109375,59.311702728271484
2019-04-18,90.790771484375,59.89031982421875
2019-04-22,90.75654602050781,60.1062126159668
2019-04-23,88.31661987304688,59.596710205078125
2019-04-24,88.77037811279297,59.4671516418457
2019-04-25,88.41937255859375,59.320343017578125
2019-04-26,90.62814331054688,61.57432174682617
2019-04-29,89.70353698730469,61.64341354370117
2019-04-30,91.158935546875,62.861080169677734
2019-05-01,89.83196258544922,61.56570053100586
2019-05-02,90.37128448486328,62.02339172363281
2019-05-03,90.81647491455078,62.13567352294922
2019-05-06,90.47404479980469,61.9111213684082
2019-05-07,89.63504028320312,60.892093658447266
2019-05-08,89.95179748535156,61.306610107421875
2019-05-09,89.2412338256836,61.18570327758789
2019-05-10,90.75654602050781,61.747039794921875
2019-05-13,90.84217071533203,61.79887008666992
2019-05-14,90.40554809570312,61.44478225708008
2019-05-15,91.3472671508789,61.608882904052734
2019-05-16,92.55439758300781,62.610633850097656
2019-05-17,91.98934936523438,62.1529426574707
2019-05-20,91.88663482666016,61.91976547241211
2019-05-21,91.06475067138672,61.772945404052734
2019-05-22,91.36441802978516,61.772945404052734
2019-05-23,91.39862823486328,61.96294403076172
2019-05-24,91.33870697021484,61.487972259521484
2019-05-28,89.42955780029297,60.54663848876953
2019-05-29,89.19841766357422,60.42573547363281
2019-05-30,90.17439270019531,61.18570327758789
2019-05-31,88.10260009765625,60.12348556518555
2019-06-03,88.86454010009766,61.04753112792969
2019-06-04,89.617919921875,61.159812927246094
2019-06-05,91.37295532226562,62.109745025634766
2019-06-06,91.92942810058594,63.137428283691406
2019-06-07,93.11943054199219,63.89738464355469
2019-06-10,93.07662200927734,63.06834411621094
2019-06-11,93.64163970947266,63.327430725097656
2019-06-12,93.8984603881836,63.08562088012695
2019-06-13,94.95153045654297,62.82654571533203
2019-06-14,95.19976806640625,63.344696044921875
2019-06-17,95.01998138427734,63.39651870727539
2019-06-18,93.83001708984375,62.94742965698242
2019-06-19,94.53201293945312,63.500152587890625
2019-06-20,95.6620864868164,63.56059646606445
2019-06-21,95.19976806640625,62.9992561340332
2019-06-24,96.16719055175781,63.88010787963867
2019-06-25,95.64495849609375,63.82832336425781
2019-06-26,93.94129180908203,62.481109619140625
2019-06-27,93.9841079711914,62.299747467041016
2019-06-28,93.87278747558594,61.89385986328125
2019-07-01,94.59193420410156,62.2479362487793
2019-07-02,95.43949127197266,62.81792068481445
2019-07-03,97.66539001464844,63.90603256225586
2019-07-05,96.86921691894531,63.16335678100586
2019-07-08,97.63970947265625,63.37059020996094
2019-07-09,96.66374206542969,63.137428283691406
2019-07-10,97.38285827636719,63.46560287475586
2019-07-11,97.92221069335938,63.8110466003418
2019-07-12,98.44445037841797,64.23419189453125
2019-07-15,98.86396026611328,63.90603256225586
2019-07-16,99.21495819091797,64.33783721923828
2019-07-17,99.25775146484375,64.05987548828125
2019-07-18,99.46971893310547,64.17279815673828
2019-07-19,99.09923553466797,63.147830963134766
2019-07-22,99.34910583496094,62.84383010864258
2019-07-23,98.09968566894531,62.78301239013672
2019-07-24,97.02261352539062,61.914424896240234
2019-07-25,97.16908264160156,62.47899627685547
2019-07-26,98.85796356201172,64.00776672363281
2019-07-29,99.9522476196289,65.6407470703125
2019-07-30,103.75216674804688,64.91979217529297
2019-07-31,101.71003723144531,62.313968658447266
2019-08-01,100.58128356933594,61.89704513549805
2019-08-02,100.33138275146484,61.844932556152344
2019-08-05,97.43621063232422,59.76026916503906
2019-08-06,98.47020721435547,60.67230987548828
2019-08-07,99.53866577148438,61.184783935546875
2019-08-08,101.19304656982422,62.28791427612305
2019-08-09,100.62435150146484,62.12287521362305
2019-08-12,99.97810363769531,61.43667984008789
2019-08-13,101.02932739257812,62.27053451538086
2019-08-14,99.77129364013672,61.2542839050293
2019-08-15,101.14995574951172,61.99259567260742
2019-08-16,102.69232177734375,62.78301239013672
2019-08-19,103.6056900024414,63.477901458740234
2019-08-20,102.4510726928711,63.00886535644531
2019-08-21,102.70954895019531,63.06967544555664
2019-08-22,102.89912414550781,63.44314956665039
2019-08-23,101.08963775634766,62.73959732055664
2019-08-26,102.81295776367188,63.208641052246094
2019-08-27,103.87279510498047,63.790611267089844
2019-08-28,104.60518646240234,64.27704620361328
2019-08-29,104.41563415527344,64.45075225830078
2019-08-30,103.59706115722656,64.4073257446289
2019-09-03,104.57074737548828,64.54631042480469
2019-09-04,106.16480255126953,65.03272247314453
2019-09-05,105.77704620361328,64.52892303466797
2019-09-06,105.8718490600586,64.88504791259766
2019-09-09,105.26869201660156,63.57345962524414
2019-09-10,103.29548645019531,62.64403533935547
2019-09-11,104.4931869506836,63.278114318847656
2019-09-12,105.78569030761719,62.79173278808594
2019-09-13,105.22560119628906,61.419315338134766
2019-09-16,103.18346405029297,60.3074951171875
2019-09-17,104.39839935302734,60.68098449707031
2019-09-18,104.61382293701172,61.45404815673828
2019-09-19,105.03601837158203,61.62776565551758
2019-09-20,105.32898712158203,61.62776565551758
2019-09-23,106.17341613769531,62.10551071166992
2019-09-24,106.50945281982422,62.965423583984375
2019-09-25,106.0010757446289,62.748291015625
2019-09-26,107.11260986328125,63.16520690917969
2019-09-27,107.33666229248047,63.6342658996582
2019-09-30,107.17294311523438,63.85141372680664
2019-10-01,106.71626281738281,62.305294036865234
2019-10-02,104.32947540283203,61.2542839050293
2019-10-03,104.89816284179688,61.55830001831055
2019-10-04,106.84551239013672,62.60060119628906
2019-10-07,105.84599304199219,62.209747314453125
2019-10-08,104.20022583007812,61.39324951171875
2019-10-09,105.10498046875,61.349830627441406
2019-10-10,105.07051086425781,61.471412658691406
2019-10-11,104.33809661865234,61.2455940246582
2019-10-14,103.44197082519531,60.290103912353516
2019-10-15,100.9862289428711,59.41282653808594
2019-10-16,101.27058410644531,58.935081481933594
2019-10-17,101.13703155517578,59.134864807128906
2019-10-18,101.86546325683594,59.091426849365234
2019-10-21,103.26158905029297,59.325965881347656
2019-10-22,105.94979095458984,58.61793899536133
2019-10-23,106.66088104248047,59.03750991821289
2019-10-24,108.21308135986328,59.73678207397461
2019-10-25,106.87765502929688,59.7979850769043
2019-10-28,107.07711029052734,58.871429443359375
2019-10-29,107.18115997314453,59.36965560913086
2019-10-30,108.3431625366211,59.94657897949219
2019-10-31,107.97026824951172,59.96405792236328
2019-11-01,107.41529846191406,58.399410247802734
2019-11-04,103.2529296875,57.175636291503906
2019-11-05,103.10550689697266,57.656402587890625
2019-11-06,104.33687591552734,58.145904541015625
2019-11-07,103.72987365722656,58.45186233520508
2019-11-08,103.79923248291016,58.24205017089844
2019-11-11,103.47838592529297,58.16339874267578
2019-11-12,103.42632293701172,58.25079345703125
2019-11-13,104.6230239868164,58.46058654785156
2019-11-14,104.49297332763672,58.25079345703125
2019-11-15,104.52764892578125,58.01479721069336
2019-11-18,105.69829559326172,58.679107666015625
2019-11-19,105.29073333740234,58.70534133911133
2019-11-20,106.04517364501953,58.749053955078125
2019-11-21,104.35421752929688,58.346946716308594
2019-11-22,104.31086730957031,58.311981201171875
2019-11-25,104.50161743164062,58.54801559448242
2019-11-26,106.0191650390625,59.25603103637695
2019-11-27,105.5855941772461,59.159873962402344
2019-11-29,105.84573364257812,59.28225326538086
2019-12-02,106.41807556152344,59.063724517822266
2019-12-03,106.61749267578125,58.82772445678711
2019-12-04,107.98762512207031,59.509517669677734
2019-12-05,108.06568145751953,59.28225326538086
2019-12-06,107.69279479980469,59.64937973022461
2019-12-09,108.28246307373047,59.96405792236328
2019-12-10,107.76216888427734,59.378414154052734
2019-12-11,108.10034942626953,58.96757125854492
2019-12-12,108.0223159790039,58.76652526855469
2019-12-13,108.80274963378906,60.04273223876953
2019-12-16,108.88080596923828,60.2000732421875
2019-12-17,108.66398620605469,59.29973220825195
2019-12-18,107.53668975830078,59.67561721801758
2019-12-19,108.3258285522461,59.73678207397461
2019-12-20,108.70738983154297,60.18259048461914
2019-12-23,108.30846405029297,60.0689582824707
2019-12-24,108.58595275878906,59.920352935791016
2019-12-26,108.58595275878906,59.94657897949219
2019-12-27,109.34040069580078,60.47105407714844
2019-12-30,107.93558502197266,60.13014221191406
2019-12-31,108.30846405029297,60.17385482788086
2020-01-02,107.01639556884766,59.54447937011719
2020-01-03,106.29666137695312,59.45705795288086
2020-01-06,106.44407653808594,59.8679084777832
2020-01-07,105.78501892089844,59.0462532043457
2020-01-08,106.2359619140625,60.54970169067383
2020-01-09,107.39794921875,61.06543731689453
2020-01-10,107.50199890136719,61.31892776489258
2020-01-13,108.29113006591797,61.310184478759766
2020-01-14,108.12635803222656,61.44133377075195
2020-01-15,109.22766876220703,61.88711929321289
2020-01-16,109.32304382324219,61.84339904785156
2020-01-17,109.61788177490234,62.219268798828125
2020-01-21,109.34040069580078,62.31542205810547
2020-01-22,109.53116607666016,62.02519607543945
2020-01-23,109.03045654296875,62.0955696105957
2020-01-24,109.16129302978516,61.82294845581055
2020-01-27,109.64107513427734,61.6470832824707
2020-01-28,109.9376449584961,61.3040885925293
2020-01-29,109.09150695800781,60.53019714355469
2020-01-30,109.86788177490234,61.09306335449219
2020-01-31,108.70771789550781,64.88330841064453
2020-02-03,109.13513946533203,65.89464569091797
2020-02-04,109.61490631103516,66.30796813964844
2020-02-05,110.61807250976562,66.5981674194336
2020-02-06,110.90593719482422,67.10823059082031
2020-02-07,109.98127746582031,66.86199188232422
2020-02-10,110.0597915649414,68.02283477783203
2020-02-11,108.30643463134766,66.93235778808594
2020-02-12,107.68709564208984,66.79164123535156
2020-02-13,109.00428771972656,67.16099548339844
2020-02-14,110.03362274169922,67.44242095947266
2020-02-18,108.92578887939453,66.89718627929688
2020-02-19,109.42300415039062,66.43109130859375
2020-02-20,110.41744232177734,66.09689331054688
2020-02-21,110.5221176147461,67.07305145263672
2020-02-24,107.55625915527344,65.4461441040039
2020-02-25,105.9250259399414,64.90091705322266
2020-02-26,104.81717681884766,64.12702178955078
2020-02-27,99.0075912475586,61.69102478027344
2020-02-28,98.77204895019531,59.422142028808594
2020-03-02,104.29380798339844,63.70489501953125
2020-03-03,103.0812759399414,63.1245002746582
2020-03-04,108.60302734375,66.28158569335938
2020-03-05,106.09949493408203,63.616939544677734
2020-03-06,106.12567138671875,63.76645278930664
2020-03-09,101.24069213867188,61.55033874511719
2020-03-10,105.15739440917969,63.15085220336914
2020-03-11,97.3414535522461,60.591758728027344
2020-03-12,88.83639526367188,56.185890197753906
2020-03-13,99.5047836303711,60.76765060424805
2020-03-16,94.64601135253906,54.82280349731445
2020-03-17,103.14234924316406,61.735008239746094
2020-03-18,102.45321655273438,59.527679443359375
2020-03-19,96.67849731445312,58.61307144165039
2020-03-20,89.35107421875,54.594146728515625
2020-03-23,85.22502136230469,53.178279876708984
2020-03-24,90.08382415771484,53.80269241333008
2020-03-25,88.03388214111328,52.66822052001953
2020-03-26,93.66903686523438,56.124324798583984
2020-03-27,96.10279083251953,57.390689849853516
2020-03-30,100.3160629272461,58.551517486572266
2020-03-31,95.9544906616211,58.35805130004883
2020-04-01,95.37003326416016,57.64571762084961
2020-04-02,99.79267883300781,59.949790954589844
2020-04-03,100.38583374023438,59.46611404418945
2020-04-06,102.7672348022461,61.99882125854492
2020-04-07,98.37076568603516,60.71489334106445
2020-04-08,100.40328216552734,61.75260925292969
2020-04-09,100.01944732666016,61.47998046875
2020-04-13,101.14474487304688,61.110618591308594
2020-04-14,105.51502990722656,64.29410552978516
2020-04-15,105.7418441772461,63.889564514160156
2020-04-16,105.98609161376953,64.05665588378906
2020-04-17,108.7687759399414,64.95912170410156
2020-04-20,105.20101165771484,63.84431457519531
2020-04-21,104.3984603881836,62.47295379638672
2020-04-22,104.15424346923828,63.00379943847656
2020-04-23,104.84883117675781,63.02149200439453
2020-04-24,104.30438995361328,63.171913146972656
2020-04-27,103.13646697998047,62.84455490112305
2020-04-28,102.64470672607422,62.91532897949219
2020-04-29,102.81156158447266,62.074798583984375
2020-04-30,103.50529479980469,62.172119140625
2020-05-01,102.58324432373047,60.63262939453125
2020-05-04,101.66120910644531,61.4731559753418
2020-05-05,101.8719482421875,61.50856018066406
2020-05-06,99.31661224365234,60.02214813232422
2020-05-07,98.49994659423828,60.871551513671875
2020-05-08,101.81927490234375,61.3758430480957
2020-05-11,101.25727844238281,61.38467788696289
2020-05-12,100.58989715576172,60.809608459472656
2020-05-13,100.03666687011719,60.42913818359375
2020-05-14,99.94007110595703,59.332027435302734
2020-05-15,100.64258575439453,61.00423812866211
2020-05-18,102.04759216308594,62.12788391113281
2020-05-19,98.73703002929688,61.26966857910156
2020-05-20,99.47467803955078,62.349063873291016
2020-05-21,98.0169906616211,62.16327667236328
2020-05-22,98.87754821777344,62.5968017578125
2020-05-26,98.37699127197266,61.428932189941406
2020-05-27,100.01030731201172,62.45524215698242
2020-05-28,101.9158706665039,63.78239059448242
2020-05-29,101.79292297363281,63.99473571777344
2020-06-01,102.96086120605469,64.34864807128906
2020-06-02,103.672119140625,64.0920639038086
2020-06-03,104.0848617553711,63.39310073852539
2020-06-04,101.9070816040039,62.5968017578125
2020-06-05,103.90923309326172,64.05665588378906
2020-06-08,104.54148864746094,65.03874206542969
2020-06-09,103.91802215576172,64.83525848388672
2020-06-10,104.69955444335938,65.7907943725586
2020-06-11,102.09148406982422,64.6760025024414
2020-06-12,101.52950286865234,64.40171813964844
2020-06-15,102.46910095214844,64.49019622802734
2020-06-16,103.73359680175781,65.05645751953125
2020-06-17,103.55799102783203,65.3041763305664
2020-06-18,104.74345397949219,65.1272201538086
2020-06-19,104.42732238769531,64.9060287475586
2020-06-22,103.39993286132812,64.6760025024414
2020-06-23,103.38236236572266,64.51673889160156
2020-06-24,102.23201751708984,63.72929382324219
2020-06-25,103.5228500366211,64.26900482177734
2020-06-26,101.1870346069336,63.27808380126953
2020-06-29,103.3208999633789,64.08319854736328
2020-06-30,104.99812316894531,64.81756591796875
2020-07-01,105.35814666748047,64.61405944824219
2020-07-02,106.14846801757812,64.83525848388672
2020-07-06,106.80706787109375,64.98566436767578
2020-07-07,107.32515716552734,65.44574737548828
2020-07-08,107.91349792480469,65.90581512451172
2020-07-09,107.55347442626953,64.87065124511719
2020-07-10,108.7916259765625,65.18917846679688
2020-07-13,108.93214416503906,64.99451446533203
2020-07-14,109.84538269042969,66.22431945800781
2020-07-15,109.32730865478516,66.082763671875
2020-07-16,109.55561828613281,66.3393325805664
2020-07-17,110.319580078125,66.92672729492188
2020-07-20,109.97711944580078,66.03675842285156
2020-07-21,109.82785034179688,65.89435577392578
2020-07-22,110.76744079589844,65.98335266113281
2020-07-23,111.48409271240234,66.0634536743164
2020-07-24,111.30736541748047,66.14356231689453
2020-07-27,111.62548065185547,66.43724822998047
2020-07-28,113.00402069091797,67.38064575195312
2020-07-29,113.38400268554688,67.81671905517578
2020-07-30,116.13221740722656,68.41300964355469
2020-07-31,115.86711120605469,68.7066879272461
2020-08-03,116.01732635498047,68.1460189819336
2020-08-04,118.22651672363281,68.32400512695312
2020-08-05,117.91722869873047,67.79890441894531
2020-08-06,117.27214813232422,67.5141372680664
2020-08-07,118.01441192626953,67.85231018066406
2020-08-10,118.50045776367188,68.21722412109375
2020-08-11,117.73164367675781,67.60311889648438
2020-08-12,119.70226287841797,68.74229431152344
2020-08-13,119.98501586914062,68.51091003417969
2020-08-14,119.3841552734375,68.57319641113281
2020-08-17,119.73760986328125,68.715576171875
2020-08-18,120.63011932373047,69.10720825195312
2020-08-19,119.9761734008789,69.37419891357422
2020-08-20,120.9305419921875,69.64116668701172
2020-08-21,121.45188903808594,70.03278350830078
2020-08-24,122.39745330810547,70.42437744140625
2020-08-25,122.88346099853516,69.94379425048828
2020-08-26,122.29139709472656,69.99717712402344
2020-08-27,122.13233947753906,70.36207580566406
2020-08-28,122.6272201538086,70.63797760009766
2020-08-31,122.2383804321289,70.5400619506836
2020-09-01,122.10582733154297,69.498779296875
2020-09-02,124.16477966308594,70.72695922851562
2020-09-03,122.17652130126953,69.125
2020-09-04,121.91143035888672,68.715576171875
2020-09-08,120.12639617919922,67.31832885742188
2020-09-09,122.07931518554688,69.0359878540039
2020-09-10,120.79800415039062,68.0036392211914
2020-09-11,122.07050323486328,68.30620574951172
2020-09-14,122.50348663330078,68.66220092773438
2020-09-15,122.50348663330078,68.47531127929688
2020-09-16,121.68168640136719,68.44861602783203
2020-09-17,121.52261352539062,68.27062225341797
2020-09-18,121.39006042480469,67.48743438720703
2020-09-21,120.80683898925781,66.91785430908203
2020-09-22,121.91143035888672,67.7010269165039
2020-09-23,120.45339965820312,66.87332916259766
2020-09-24,120.99241638183594,67.42513275146484
2020-09-25,121.61096954345703,67.59420776367188
2020-09-28,121.95561218261719,68.18162536621094
2020-09-29,121.29285430908203,67.83453369140625
2020-09-30,122.82161712646484,68.66220092773438
2020-10-01,123.0425033569336,68.58208465576172
2020-10-02,122.05281066894531,68.88470458984375
2020-10-05,123.17507934570312,69.79248809814453
2020-10-06,123.3694839477539,69.00929260253906
2020-10-07,124.33271789550781,69.53438568115234
2020-10-08,125.17216491699219,70.07728576660156
2020-10-09,126.29443359375,70.99395751953125
2020-10-12,127.68181610107422,71.75934600830078
2020-10-13,127.43441009521484,71.43006896972656
2020-10-14,127.2841567993164,71.07405853271484
2020-10-15,127.09859466552734,70.9405746459961
2020-10-16,127.59341430664062,71.47453308105469
2020-10-19,125.40194702148438,70.49555206298828
2020-10-20,125.90562438964844,71.04737091064453
2020-10-21,126.58606719970703,71.37664794921875
2020-10-22,125.68949127197266,70.9560546875
2020-10-23,126.51585388183594,71.00081634521484
2020-10-26,125.55618286132812,70.41912841796875
2020-10-27,126.49809265136719,70.56231689453125
2020-10-28,122.32177734375,68.7814712524414
2020-10-29,122.24180603027344,68.6114273071289
2020-10-30,121.82418060302734,70.59809875488281
2020-11-02,123.06813049316406,71.734619140625
2020-11-03,125.485107421875,74.37455749511719
2020-11-04,124.9697494506836,75.04570770263672
2020-11-05,126.51585388183594,74.28504943847656
2020-11-06,127.27115631103516,74.30294799804688
2020-11-09,122.614990234375,73.184326171875
2020-11-10,124.63204956054688,74.5893325805664
2020-11-11,126.24039459228516,76.00325012207031
2020-11-12,126.31144714355469,75.82425689697266
2020-11-13,128.2041778564453,76.3880615234375
2020-11-16,126.56025695800781,76.89813995361328
2020-11-17,126.07160949707031,76.37909698486328
2020-11-18,124.13449096679688,75.71688842773438
2020-11-19,123.98343658447266,76.40596008300781
2020-11-20,123.77903747558594,76.2090835571289
2020-11-23,123.29920959472656,75.65425872802734
2020-11-24,122.89933776855469,75.8063735961914
2020-11-25,123.22811126708984,75.8421630859375
2020-11-27,123.16592407226562,75.97640228271484
2020-11-30,123.3969497680664,76.63863372802734
2020-12-01,123.84122467041016,77.1934585571289
2020-12-02,122.94377136230469,76.72810363769531
2020-12-03,122.03739929199219,76.23593139648438
2020-12-04,122.15296173095703,76.09274291992188
2020-12-07,122.33953094482422,76.41490173339844
2020-12-08,122.6683120727539,76.21802520751953
2020-12-09,121.21106719970703,75.8421630859375
2020-12-10,120.41133117675781,75.6989974975586
2020-12-11,121.29991149902344,75.779541015625
2020-12-14,120.71344757080078,75.34103393554688
2020-12-15,121.4242935180664,75.8421630859375
2020-12-16,121.97521209716797,76.10169219970703
2020-12-17,122.84601593017578,76.65652465820312
2020-12-18,123.5479736328125,76.89813995361328
2020-12-21,122.19737243652344,76.34330749511719
2020-12-22,121.3354263305664,75.52896881103516
2020-12-23,121.14884948730469,75.5558090209961
2020-12-24,122.37507629394531,76.10169219970703
2020-12-28,123.22811126708984,76.43280029296875
2020-12-29,122.9970474243164,76.09274291992188
2020-12-30,122.41952514648438,75.82425689697266
2020-12-31,123.6368408203125,76.52230072021484
2021-01-04,122.46393585205078,75.4663314819336
2021-01-05,123.24591064453125,75.63633728027344
2021-01-06,124.54324340820312,73.6049575805664
2021-01-07,123.37918090820312,73.20222473144531
2021-01-08,123.32585906982422,73.69441223144531
2021-01-11,122.4906005859375,73.50650787353516
2021-01-12,121.77973175048828,73.6138916015625
2021-01-13,121.9663314819336,73.81971740722656
2021-01-14,120.66901397705078,73.3275146484375
2021-01-15,119.76264190673828,73.27381896972656
2021-01-19,118.71414184570312,72.35209655761719
2021-01-20,117.2302017211914,71.7704086303711
2021-01-21,117.11489868164062,70.94710540771484
2021-01-22,116.2120132446289,70.3621826171875
2021-01-25,118.21443176269531,70.74012756347656
2021-01-26,118.9742660522461,70.86610412597656
2021-01-27,114.76384735107422,70.21819305419922
2021-01-28,116.53382873535156,71.22608184814453
2021-01-29,114.61187744140625,70.19120025634766
2021-02-01,115.29125213623047,70.65913391113281
2021-02-02,115.13035583496094,70.95611572265625
2021-02-03,115.27338409423828,70.98311614990234
2021-02-04,115.34490203857422,71.02810668945312
2021-02-05,115.82762145996094,71.87398529052734
2021-02-08,115.47006225585938,71.72100830078125
2021-02-09,115.02307891845703,70.82112121582031
2021-02-10,114.62080383300781,71.1900863647461
2021-02-11,114.71913146972656,70.56015014648438
2021-02-12,114.0844497680664,70.57815551757812
2021-02-16,114.3526382446289,70.3621826171875
2021-02-17,114.83538818359375,70.58717346191406
2021-02-18,115.79185485839844,70.83911895751953
2021-02-19,113.637451171875,69.4712905883789
2021-02-22,113.15474700927734,69.5342788696289
2021-02-23,113.99505615234375,69.73225402832031
2021-02-24,114.12020874023438,68.96735382080078
2021-02-25,113.15474700927734,69.0123519897461
2021-02-26,110.42823791503906,67.67151641845703
2021-03-01,111.10762023925781,68.03146362304688
2021-03-02,110.75898742675781,67.86949920654297
2021-03-03,110.09749603271484,67.14057159423828
2021-03-04,109.1946029663086,66.98760986328125
2021-03-05,112.61836242675781,68.44542694091797
2021-03-08,113.80734252929688,68.79637908935547
2021-03-09,112.79716491699219,67.43754577636719
2021-03-10,113.83414459228516,68.21146392822266
2021-03-11,113.44973754882812,67.73450469970703
2021-03-12,114.54928588867188,67.95046997070312
2021-03-15,114.92474365234375,68.10346984863281
2021-03-16,115.2644271850586,68.26544952392578
2021-03-17,114.79959106445312,68.21146392822266
2021-03-18,115.04989624023438,68.45442199707031
2021-03-19,114.43306732177734,67.4735336303711
2021-03-22,116.37290954589844,68.18444061279297
2021-03-23,118.5362548828125,69.96623992919922
2021-03-24,118.50049591064453,69.98422241210938
2021-03-25,119.32292938232422,70.09222412109375
2021-03-26,121.083984375,71.28907775878906
2021-03-29,122.9791488647461,71.90099334716797
2021-03-30,121.083984375,71.38804626464844
2021-03-31,121.06610107421875,70.9381103515625
2021-04-01,120.0380859375,70.68612670898438
2021-04-05,121.97793579101562,71.56803131103516
2021-04-06,122.02261352539062,71.86499786376953
2021-04-07,122.23715209960938,71.6490249633789
2021-04-08,122.7020034790039,71.66702270507812
2021-04-09,121.90640258789062,71.79299926757812
2021-04-12,122.3980712890625,72.13496398925781
2021-04-13,120.7800521850586,71.74800872802734
2021-04-14,121.21806335449219,71.4510498046875
2021-04-15,122.6841049194336,72.40492248535156
2021-04-16,122.69307708740234,72.62088012695312
2021-04-19,122.1209487915039,72.3239517211914
2021-04-20,123.14005279541016,73.59992218017578
2021-04-21,122.33549499511719,73.4370346069336
2021-04-22,121.1209716796875,73.34652709960938
2021-04-23,120.50019073486328,72.20628356933594
2021-04-26,118.08911895751953,71.74476623535156
2021-04-27,118.01712799072266,71.09320068359375
2021-04-28,118.21505737304688,71.28324127197266
2021-04-29,119.21366882324219,72.23343658447266
2021-04-30,120.03237915039062,73.02978515625
2021-05-03,121.4538345336914,73.36463165283203
2021-05-04,121.03997039794922,73.38272857666016
2021-05-05,120.06835174560547,73.59086608886719
2021-05-06,121.57980346679688,74.48678588867188
2021-05-07,121.58878326416016,74.36912536621094
2021-05-10,123.8559341430664,75.41888427734375
2021-05-11,123.24415588378906,74.60443115234375
2021-05-12,121.93964385986328,74.25150299072266
2021-05-13,123.90089416503906,75.34648132324219
2021-05-14,124.16181182861328,75.61795043945312
2021-05-17,123.90991973876953,75.60891723632812
2021-05-18,122.64140319824219,75.21073913574219
2021-05-19,122.89328002929688,75.30123901367188
2021-05-20,124.1528091430664,76.09758758544922
2021-05-21,124.1528091430664,76.22428131103516
2021-05-24,124.11681365966797,76.37812805175781
2021-05-25,124.53964233398438,76.55007934570312
2021-05-26,124.2607421875,76.40528106689453
2021-05-27,121.43585205078125,75.73561096191406
2021-05-28,121.31888580322266,75.81704711914062
2021-06-01,119.54654693603516,74.64063262939453
2021-06-02,120.06835174560547,75.00259399414062
2021-06-03,122.21854400634766,75.97089385986328
2021-06-04,122.30850219726562,75.9889907836914
2021-06-07,122.73136138916016,75.92566680908203
2021-06-08,121.30986785888672,75.04784393310547
2021-06-09,121.26488494873047,74.7130126953125
2021-06-10,122.16455078125,75.65415954589844
2021-06-11,121.327880859375,75.68132019042969
2021-06-14,121.37290954589844,75.48222351074219
2021-06-15,121.1389389038086,75.35552215576172
2021-06-16,119.45658874511719,74.16098022460938
2021-06-17,120.54517364501953,74.59535217285156
2021-06-18,118.78184509277344,73.31937408447266
2021-06-21,119.71749114990234,73.69945526123047
2021-06-22,119.762451171875,73.563720703125
2021-06-23,119.59152221679688,72.62256622314453
2021-06-24,119.67249298095703,72.90310668945312
2021-06-25,121.38186645507812,73.71756744384766
2021-06-28,121.74172973632812,73.95284271240234
2021-06-29,120.91402435302734,73.52751922607422
2021-06-30,121.390869140625,73.6180191040039
2021-07-01,121.66976165771484,73.970947265625
2021-07-02,122.26348876953125,73.93473815917969
2021-07-06,122.3354721069336,74.17909240722656
2021-07-07,123.25315856933594,74.80351257324219
2021-07-08,123.23514556884766,74.51392364501953
2021-07-09,123.28012084960938,74.59535217285156
2021-07-12,123.37908935546875,75.04784393310547
2021-07-13,123.22615051269531,74.78540802001953
2021-07-14,124.13480377197266,75.3193359375
2021-07-15,125.19640350341797,75.68132019042969
2021-07-16,126.41092681884766,76.36908721923828
2021-07-19,126.34797668457031,75.9889907836914
2021-07-20,125.67322540283203,75.23384094238281
2021-07-21,125.2323989868164,74.76982879638672
2021-07-22,124.7525634765625,74.4604721069336
2021-07-23,126.55416870117188,75.77063751220703
2021-07-26,126.99776458740234,76.5075912475586
2021-07-27,127.51380157470703,76.3802261352539
2021-07-28,125.62169647216797,75.67965698242188
2021-07-29,126.27352905273438,75.98899841308594
2021-07-30,128.7631072998047,72.33148193359375
2021-08-02,128.4462890625,72.36786651611328
2021-08-03,130.3202362060547,72.25870513916016
2021-08-04,128.9441680908203,71.19419860839844
2021-08-05,129.00758361816406,71.78557586669922
2021-08-06,128.0207977294922,71.53992462158203
2021-08-09,128.7178497314453,71.27606964111328
2021-08-10,128.79934692382812,71.63090515136719
2021-08-11,129.11619567871094,71.9675521850586
2021-08-12,129.41494750976562,71.68551635742188
2021-08-13,130.03961181640625,72.27688598632812
2021-08-16,130.94493103027344,72.58621978759766
2021-08-17,131.1622314453125,72.8136978149414
2021-08-18,129.73182678222656,71.11231231689453
2021-08-19,131.26182556152344,71.8492660522461
2021-08-20,131.3523406982422,71.69459533691406
2021-08-23,130.6824188232422,71.31246948242188
2021-08-24,129.62319946289062,70.66648864746094
2021-08-25,129.16146850585938,70.64830780029297
2021-08-26,128.9351348876953,70.33894348144531
2021-08-27,128.83554077148438,70.45722198486328
2021-08-30,129.3968505859375,70.64830780029297
2021-08-31,128.90794372558594,70.9212417602539
2021-09-01,130.22068786621094,71.2669906616211
2021-09-02,130.3202362060547,71.4398422241211
2021-09-03,130.41079711914062,70.88485717773438
2021-09-07,129.92193603515625,69.9659194946289
2021-09-08,130.90872192382812,70.76656341552734
2021-09-09,130.3564453125,70.3298568725586
2021-09-10,130.4832305908203,70.09329986572266
2021-09-13,131.88648986816406,70.40264892578125
2021-09-14,131.66014099121094,70.3298568725586
2021-09-15,131.37948608398438,70.24796295166016
2021-09-16,130.46514892578125,69.57469177246094
2021-09-17,130.67333984375,69.3563461303711
2021-09-20,129.36062622070312,69.3017578125
2021-09-21,129.559814453125,69.50190734863281
2021-09-22,130.00344848632812,69.53831481933594
2021-09-23,130.5375518798828,69.75664520263672
2021-09-24,129.95814514160156,69.72026824951172
2021-09-27,128.2471466064453,69.15618896484375
2021-09-28,127.27840423583984,68.98330688476562
2021-09-29,128.5730438232422,70.12969970703125
2021-09-30,126.5632095336914,68.76493072509766
2021-10-01,126.36405944824219,68.76493072509766
2021-10-04,125.64881896972656,68.2918472290039
2021-10-05,126.13772583007812,67.70954895019531
2021-10-06,127.82160949707031,68.32821655273438
2021-10-07,128.84458923339844,68.77403259277344
2021-10-08,128.3105010986328,68.77403259277344
2021-10-11,128.84458923339844,68.96511840820312
2021-10-12,128.6544647216797,68.84681701660156
2021-10-13,128.95326232910156,69.21076965332031
2021-10-14,130.41079711914062,69.69297790527344
2021-10-15,130.74578857421875,69.37452697753906
2021-10-18,128.86273193359375,68.49198913574219
2021-10-19,127.34180450439453,68.03709411621094
2021-10-20,127.83968353271484,68.74188232421875
2021-10-21,126.919677734375,68.5496597290039
2021-10-22,128.28607177734375,69.10804748535156
2021-10-25,128.30429077148438,68.77850341796875
2021-10-26,130.12612915039062,69.71215057373047
2021-10-27,129.19699096679688,69.47415161132812
2021-10-28,129.97122192382812,70.37118530273438
2021-10-29,130.25364685058594,69.73961639404297
2021-11-01,129.934814453125,69.51991271972656
2021-11-02,131.22837829589844,69.81285095214844
2021-11-03,132.13021850585938,70.72816467285156
2021-11-04,132.37611389160156,70.74647521972656
2021-11-05,133.031982421875,71.24991607666016
2021-11-08,132.0391082763672,71.15837860107422
2021-11-09,132.4398956298828,71.4421615600586
2021-11-10,133.7425079345703,71.83574676513672
2021-11-11,133.35992431640625,71.38722229003906
2021-11-12,133.50567626953125,71.423828125
2021-11-15,134.27085876464844,71.67096710205078
2021-11-16,134.07958984375,71.28652954101562
2021-11-17,133.9976043701172,71.01193237304688
2021-11-18,134.01577758789062,69.92266845703125
2021-11-19,133.7425079345703,70.66410064697266
2021-11-22,134.63523864746094,70.9936294555664
2021-11-23,136.12916564941406,71.3322982788086
2021-11-24,135.41864013671875,71.17668914794922
2021-11-26,134.33462524414062,70.53594970703125
2021-11-29,135.74658203125,71.13092803955078
2021-11-30,131.70204162597656,68.66865539550781
2021-12-01,133.35992431640625,69.00733947753906
2021-12-02,134.14332580566406,69.08972930908203
2021-12-03,136.52996826171875,70.2705078125
2021-12-06,138.59774780273438,71.92726135253906
2021-12-07,138.23341369628906,71.22244262695312
2021-12-08,138.85281372070312,71.17668914794922
2021-12-09,139.66357421875,71.39637756347656
2021-12-10,141.61293029785156,72.74191284179688
2021-12-13,143.62611389160156,74.27052307128906
2021-12-14,144.15444946289062,75.17671203613281
2021-12-15,144.71011352539062,75.75337219238281
2021-12-16,146.7596893310547,76.84263610839844
2021-12-17,143.434814453125,75.4970932006836
2021-12-20,143.79916381835938,75.53369140625
2021-12-21,143.70806884765625,75.14009094238281
2021-12-22,145.12913513183594,75.47877502441406
2021-12-23,145.83969116210938,75.78085327148438
2021-12-27,147.5430908203125,76.8060073852539
2021-12-28,148.33560180664062,77.3094482421875
2021-12-29,149.56533813476562,77.72136688232422
2021-12-30,148.2718505859375,77.42845153808594
2021-12-31,149.00970458984375,78.11495208740234
2022-01-03,148.39022827148438,77.42845153808594
2022-01-04,148.90951538085938,77.68475341796875
2022-01-05,149.58358764648438,78.0051040649414
2022-01-06,148.32650756835938,77.4925308227539
2022-01-07,148.24452209472656,77.29115295410156
2022-01-10,146.22225952148438,76.62295532226562
2022-01-11,144.52793884277344,76.12865447998047
2022-01-12,144.84674072265625,75.85405731201172
2022-01-13,144.19085693359375,75.55200958251953
2022-01-14,145.57550048828125,76.38496398925781
2022-01-18,142.7698211669922,76.0829086303711
2022-01-19,147.57044982910156,76.94332122802734
2022-01-20,148.36721801757812,76.23851013183594
2022-01-21,148.93504333496094,77.00235748291016
2022-01-24,147.72613525390625,77.00235748291016
2022-01-25,146.11422729492188,75.2261734008789
2022-01-26,144.8411865234375,74.90406036376953
2022-01-27,145.73873901367188,76.10966491699219
2022-01-28,146.99343872070312,76.43179321289062
2022-01-31,146.9476318359375,75.87959289550781
2022-02-01,146.2974090576172,75.39181518554688
2022-02-02,148.91671752929688,76.20170593261719
2022-02-03,150.3271026611328,76.13726806640625
2022-02-04,147.93675231933594,74.65557861328125
2022-02-07,146.82861328125,74.65557861328125
2022-02-08,146.4989013671875,74.47151947021484
2022-02-09,146.169189453125,74.42549896240234
2022-02-10,143.94366455078125,73.36715698242188
2022-02-11,143.13772583007812,73.19226837158203
2022-02-14,143.5498504638672,72.94380187988281
2022-02-15,143.62313842773438,72.3179931640625
2022-02-16,144.71298217773438,72.09710693359375
2022-02-17,146.3706512451172,72.84256744384766
2022-02-18,146.4439239501953,73.210693359375
2022-02-22,144.6396942138672,72.56647491455078
2022-02-23,142.83547973632812,72.37321472167969
2022-02-24,138.98895263671875,69.55704498291016
2022-02-25,144.92361450195312,71.91305541992188
2022-02-28,142.7714080810547,70.81787109375
2022-03-01,140.4084930419922,69.98040008544922
2022-03-02,140.8480987548828,70.5877914428711
2022-03-03,141.37013244628906,71.2320327758789
2022-03-04,142.0845184326172,71.1952133178711
2022-03-07,139.97804260253906,70.56939697265625
2022-03-08,134.43716430664062,68.90364837646484
2022-03-09,136.25054931640625,69.52024841308594
2022-03-10,132.7428436279297,67.95570373535156
2022-03-11,131.1676025390625,67.89128875732422
2022-03-14,132.8435821533203,68.066162109375
2022-03-15,137.6243438720703,69.47421264648438
2022-03-16,137.1572265625,69.16131591796875
2022-03-17,137.58767700195312,69.1429214477539
2022-03-18,137.51441955566406,66.4464111328125
2022-03-21,138.0364532470703,68.24101257324219
2022-03-22,139.0988311767578,68.56311798095703
2022-03-23,138.1280517578125,67.76245880126953
2022-03-24,138.36618041992188,67.7808609008789
2022-03-25,139.9688720703125,68.82080078125
2022-03-28,140.9305419921875,69.38218688964844
2022-03-29,142.37759399414062,70.12765502929688
2022-03-30,141.39759826660156,70.27490234375
2022-03-31,139.94140625,69.78713989257812
2022-04-01,142.03868103027344,70.33012390136719
2022-04-04,141.11370849609375,70.48656463623047
2022-04-05,141.60824584960938,71.27804565429688
2022-04-06,143.63229370117188,72.5296630859375
2022-04-07,145.49142456054688,74.01136779785156
2022-04-08,146.62709045410156,73.85490417480469
2022-04-11,146.06846618652344,74.0297622680664
2022-04-12,145.62881469726562,74.54515075683594
2022-04-13,146.0409393310547,74.53594970703125
2022-04-14,145.22584533691406,74.48992156982422
2022-04-18,143.84292602539062,73.63402557373047
2022-04-19,145.9951629638672,74.18621826171875
2022-04-20,149.87832641601562,75.47294616699219
2022-04-21,149.7613983154297,76.00060272216797
2022-04-22,148.50885009765625,75.07489776611328
2022-04-25,149.7061309814453,75.7321548461914
2022-04-26,147.16419982910156,74.53799438476562
2022-04-27,146.76820373535156,74.69536590576172
2022-04-28,150.4981689453125,75.18598937988281
2022-04-29,147.86416625976562,71.3257827758789
2022-05-02,145.86561584472656,69.5947036743164
2022-05-03,143.86709594726562,68.95597076416016
2022-05-04,144.9262237548828,71.27948760986328
2022-05-05,142.25538635253906,70.43709564208984
2022-05-06,143.67367553710938,71.13139343261719
2022-05-09,143.3144989013672,71.89971160888672
2022-05-10,142.55926513671875,70.97400665283203
2022-05-11,140.55154418945312,71.0480728149414
2022-05-12,139.98052978515625,71.78864288330078
2022-05-13,141.48171997070312,72.57548522949219
2022-05-16,142.8632049560547,72.88096618652344
2022-05-17,142.45799255371094,72.91800689697266
2022-05-18,133.57968139648438,70.08533477783203
2022-05-19,130.5035858154297,69.53917694091797
2022-05-20,130.58648681640625,69.54842376708984
2022-05-23,133.5888671875,70.83515930175781
2022-05-24,135.9650421142578,72.31629180908203
2022-05-25,133.73623657226562,71.73309326171875
2022-05-26,134.9058837890625,72.35332489013672
2022-05-27,136.96890258789062,73.0013198852539
2022-05-31,136.19528198242188,72.95503234863281
2022-06-01,134.1322479248047,72.39035034179688
2022-06-02,135.5782012939453,73.38084411621094
2022-06-03,134.36248779296875,73.06610870361328
2022-06-06,133.83755493164062,72.92726135253906
2022-06-07,135.32952880859375,72.8624496459961
2022-06-08,133.64413452148438,72.08485412597656
2022-06-09,131.231201171875,71.1406478881836
2022-06-10,130.73385620117188,70.93698120117188
2022-06-13,127.23408508300781,70.52967071533203
2022-06-14,123.26465606689453,68.7523193359375
2022-06-15,122.03974151611328,68.6504898071289
2022-06-16,122.78575134277344,68.4283218383789
2022-06-17,121.90157318115234,68.53939056396484
2022-06-21,125.59475708007812,70.77961730957031
2022-06-22,127.5564193725586,72.12188720703125
2022-06-23,131.05615234375,73.01982879638672
2022-06-24,132.94419860839844,74.40839385986328
2022-06-27,131.93112182617188,73.9455337524414
2022-06-28,129.7852325439453,73.01982879638672
2022-06-29,130.96408081054688,73.75112915039062
2022-06-30,132.428466796875,74.18620300292969
2022-07-01,134.5651397705078,75.8802719116211
2022-07-05,133.26654052734375,74.98233795166016
2022-07-06,134.50990295410156,75.00084686279297
2022-07-07,134.4638214111328,73.55674743652344
2022-07-08,133.56124877929688,72.52920532226562
2022-07-11,134.50067138671875,72.85318756103516
2022-07-12,133.31260681152344,72.49217224121094
2022-07-13,134.18751525878906,72.60325622558594
2022-07-14,133.79151916503906,72.51993560791016
2022-07-15,133.6072998046875,72.34405517578125
2022-07-18,131.98635864257812,71.39059448242188
2022-07-19,132.65867614746094,71.7701187133789
2022-07-20,130.36544799804688,70.41966247558594
2022-07-21,130.48873901367188,70.93190002441406
2022-07-22,132.5744171142578,72.1519775390625
2022-07-25,133.4735870361328,72.5058822631836
2022-07-26,133.73309326171875,73.13920593261719
2022-07-27,135.00303649902344,73.3534164428711
2022-07-28,137.24627685546875,73.75389862060547
2022-07-29,128.76458740234375,73.33478546142578
2022-08-01,132.46316528320312,75.53279876708984
2022-08-02,131.58255004882812,74.7504653930664
2022-08-03,134.29855346679688,75.84013366699219
2022-08-04,134.0853271484375,75.33721160888672
2022-08-05,134.15023803710938,74.9087905883789
2022-08-08,134.6600799560547,75.26268768310547
2022-08-09,134.3448944091797,74.56417846679688
2022-08-10,135.61485290527344,74.82494354248047
2022-08-11,134.6508026123047,74.04263305664062
2022-08-12,135.9578094482422,74.77838134765625
2022-08-15,137.7097625732422,75.66316986083984
2022-08-16,138.97972106933594,76.53865051269531
2022-08-17,138.34011840820312,76.5293197631836
2022-08-18,138.8313751220703,77.16266632080078
2022-08-19,138.79429626464844,77.5538330078125
2022-08-22,138.42355346679688,76.33374786376953
2022-08-23,135.75389099121094,75.40238952636719
2022-08-24,135.16990661621094,75.43965911865234
2022-08-25,135.05865478515625,75.36515045166016
2022-08-26,131.89768981933594,73.77251434326172
2022-08-29,131.3415069580078,74.12643432617188
2022-08-30,129.9418182373047,73.57693481445312
2022-08-31,127.86542510986328,72.84117126464844
2022-09-01,129.44125366210938,74.32202911376953
2022-09-02,127.14241027832031,72.80392456054688
2022-09-06,125.72413635253906,72.43138885498047
2022-09-07,127.62438201904297,73.1578369140625
2022-09-08,127.7912826538086,72.49657440185547
2022-09-09,129.7379150390625,72.67353057861328
2022-09-12,130.7946319580078,72.5524673461914
2022-09-13,128.087890625,70.25200653076172
2022-09-14,128.39376831054688,70.83877563476562
2022-09-15,127.40193939208984,70.06574249267578
2022-09-16,128.18060302734375,70.49415588378906
2022-09-19,127.91178131103516,70.79220581054688
2022-09-20,127.45755767822266,70.00054931640625
2022-09-21,125.81681823730469,69.75839233398438
2022-09-22,126.26177978515625,70.18682098388672
2022-09-23,125.67778778076172,70.34513854980469
2022-09-26,125.7983169555664,69.85153198242188
2022-09-27,122.34072875976562,67.59765625
2022-09-28,122.34072875976562,67.90499877929688
2022-09-29,119.30027770996094,66.84326171875
2022-09-30,117.02922058105469,65.42759704589844
2022-10-03,119.12413024902344,66.22857666015625
2022-10-04,120.5980224609375,66.908447265625
2022-10-05,119.76374816894531,66.22857666015625
2022-10-06,117.242431640625,64.78497314453125
2022-10-07,115.19381713867188,64.25408935546875
2022-10-10,114.72107696533203,63.77911376953125
2022-10-11,115.15673828125,64.30998229980469
2022-10-12,115.34213256835938,64.36585998535156
2022-10-13,117.08482360839844,66.13544464111328
2022-10-14,115.94465637207031,66.4334716796875
2022-10-17,118.03959655761719,67.18787384033203
2022-10-18,118.99439239501953,67.91431427001953
2022-10-19,120.09745025634766,66.82463073730469
2022-10-20,118.55058288574219,65.85900115966797
2022-10-21,120.03491973876953,67.00276184082031
2022-10-24,120.77240753173828,67.51837921142578
2022-10-25,122.16339874267578,68.2121353149414
2022-10-26,123.02226257324219,68.84024047851562
2022-10-27,123.11560821533203,68.65274810791016
2022-10-28,126.23363494873047,69.97460174560547
2022-10-31,125.72018432617188,69.22461700439453
2022-11-01,125.9162368774414,69.13086700439453
2022-11-02,124.10517120361328,68.22148132324219
2022-11-03,123.25566101074219,67.8652572631836
2022-11-04,125.5054702758789,68.61524963378906
2022-11-07,127.42858123779297,68.9058609008789
2022-11-08,127.71797943115234,69.19649505615234
2022-11-09,127.4098892211914,68.86837005615234
2022-11-10,131.7975616455078,70.28399658203125
2022-11-11,131.60150146484375,69.90898895263672
2022-11-14,131.61083984375,69.90898895263672
2022-11-15,131.15341186523438,70.61211395263672
2022-11-16,132.32034301757812,71.25899505615234
2022-11-17,131.5081329345703,70.58399200439453
2022-11-18,133.0951690673828,71.68085479736328
2022-11-21,134.784912109375,72.11211395263672
2022-11-22,135.94248962402344,71.59648132324219
2022-11-23,136.71731567382812,72.1214828491211
2022-11-25,136.96937561035156,71.97148132324219
2022-11-28,136.8573455810547,71.60586547851562
2022-11-29,135.81178283691406,71.22148132324219
2022-11-30,139.24720764160156,72.6371078491211
2022-12-01,139.3312530517578,72.89021301269531
2022-12-02,140.600830078125,73.2839584350586
2022-12-05,139.18190002441406,72.29960632324219
2022-12-06,139.35926818847656,72.38397979736328
2022-12-07,140.25546264648438,72.70272064208984
2022-12-08,141.263671875,73.25584411621094
2022-12-09,140.8902587890625,72.91835021972656
2022-12-12,142.3372344970703,73.69647216796875
2022-12-13,142.12255859375,73.82772064208984
2022-12-14,142.68264770507812,74.3808364868164
2022-12-15,141.067626953125,73.01209259033203
2022-12-16,140.44215393066406,72.89960479736328
2022-12-19,140.40480041503906,73.10584259033203
2022-12-20,140.4608612060547,72.833984375
2022-12-21,141.7490997314453,74.0527114868164
2022-12-22,142.07586669921875,74.32460021972656
2022-12-23,142.47726440429688,74.48395538330078
2022-12-27,143.71890258789062,74.94334411621094
2022-12-28,141.86114501953125,73.89334106445312
2022-12-29,142.44927978515625,74.40896606445312
2022-12-30,141.48770141601562,73.86521911621094
2023-01-03,141.4970703125,74.1839599609375
2023-01-04,142.1132049560547,74.6620864868164
2023-01-05,140.34881591796875,73.63084411621094
2023-01-06,143.69088745117188,74.98085021972656
2023-01-09,141.93582153320312,73.80896759033203
2023-01-10,141.79579162597656,73.41520690917969
2023-01-11,140.6475067138672,72.30897521972656
2023-01-12,139.85401916503906,72.03710174560547
2023-01-13,140.8529052734375,72.98397827148438
2023-01-17,140.44215393066406,73.34022521972656
2023-01-18,136.67999267578125,71.54959869384766
2023-01-19,133.78945922851562,70.4996109008789
2023-01-20,134.3061065673828,71.16942596435547
2023-01-23,132.50247192382812,71.22602081298828
2023-01-24,133.22581481933594,71.64112854003906
2023-01-25,133.13186645507812,71.48074340820312
2023-01-26,132.59640502929688,71.25433349609375
2023-01-27,132.05157470703125,67.53736877441406
2023-01-30,132.4648895263672,68.75434112548828
2023-01-31,133.7518768310547,70.31094360351562
2023-02-01,134.5127716064453,70.7448959350586
2023-02-02,133.55459594726562,69.55622100830078
2023-02-03,133.96792602539062,70.08451843261719
2023-02-06,132.83123779296875,69.66942596435547
2023-02-07,131.53489685058594,69.29207611083984
2023-02-08,130.17276000976562,69.20716857910156
2023-02-09,128.744873046875,68.7071762084961
2023-02-10,129.88153076171875,69.38641357421875
2023-02-13,131.58187866210938,69.59396362304688
2023-02-14,130.83973693847656,69.03736114501953
2023-02-15,130.53912353515625,68.58451080322266
2023-02-16,128.82940673828125,68.65055084228516
2023-02-17,131.52548217773438,70.30149841308594
2023-02-21,131.43157958984375,70.05622863769531
2023-02-22,131.98580932617188,70.1977310180664
2023-02-23,131.5630645751953,69.49018096923828
2023-02-24,130.8209228515625,68.99018859863281
2023-02-27,130.70822143554688,69.43358612060547
2023-02-28,129.2239532470703,69.15055847167969
2023-03-01,129.31790161132812,68.44302368164062
2023-03-02,131.45034790039062,69.59396362304688
2023-03-03,132.4085235595703,69.76376342773438
2023-03-06,131.8449249267578,69.1411361694336
2023-03-07,129.2239532470703,67.45246124267578
2023-03-08,129.2427520751953,67.88642883300781
2023-03-09,128.29396057128906,67.301513671875
2023-03-10,128.8763885498047,67.27322387695312
2023-03-13,129.768798828125,67.45246124267578
2023-03-14,131.37518310546875,68.15057373046875
2023-03-15,133.23519897460938,68.80150604248047
2023-03-16,134.23094177246094,68.82038116455078
2023-03-17,134.26853942871094,68.11284637451172
2023-03-20,136.33522033691406,68.94302368164062
2023-03-21,135.34886169433594,68.28263854980469
2023-03-22,135.2642822265625,68.04679870605469
2023-03-23,135.076416015625,67.76378631591797
2023-03-24,137.828857421875,69.2637710571289
2023-03-27,137.1055145263672,69.95243835449219
2023-03-28,137.4906768798828,70.28262329101562
2023-03-29,137.91339111328125,70.25434112548828
2023-03-30,138.51463317871094,70.99018859863281
2023-03-31,139.67950439453125,70.89583587646484
2023-04-03,140.4497833251953,71.09395599365234
2023-04-04,141.12612915039062,70.49961853027344
2023-04-05,142.09371948242188,71.09395599365234
2023-04-06,142.9955596923828,71.39584350585938
2023-04-10,141.81192016601562,70.88639831542969
2023-04-11,141.53009033203125,71.71658325195312
2023-04-12,141.91526794433594,71.7448959350586
2023-04-13,142.5728302001953,72.18829345703125
2023-04-14,141.84950256347656,71.3109359741211
2023-04-17,141.896484375,71.4146957397461
2023-04-18,142.04676818847656,71.26375579833984
2023-04-19,142.07496643066406,71.3109359741211
2023-04-20,142.59579467773438,72.49771118164062
2023-04-21,147.5301971435547,72.91545867919922
2023-04-24,147.79486083984375,73.94082641601562
2023-04-25,147.8326416015625,73.76992797851562
2023-04-26,146.12171936035156,72.80152130126953
2023-04-27,147.9082794189453,73.98829650878906
2023-04-28,147.8231964111328,75.76371002197266
2023-05-01,148.00282287597656,76.60869598388672
2023-05-02,147.87046813964844,76.76060485839844
2023-05-03,147.68142700195312,77.14986419677734
2023-05-04,147.00082397460938,76.70365142822266
2023-05-05,147.49237060546875,76.51374816894531
2023-05-08,146.80230712890625,76.66565704345703
2023-05-09,145.29931640625,76.56123352050781
2023-05-10,145.601806640625,76.9979476928711
2023-05-11,145.94210815429688,77.50114440917969
2023-05-12,147.4261932373047,77.83346557617188
2023-05-15,147.47344970703125,76.97896575927734
2023-05-16,147.21823120117188,76.68464660644531
2023-05-17,146.59432983398438,76.43781280517578
2023-05-18,144.1838836669922,75.6592788696289
2023-05-19,144.78884887695312,75.88713073730469
2023-05-22,140.998291015625,74.44403076171875
2023-05-23,139.47637939453125,73.14330291748047
2023-05-24,138.32313537597656,72.61164093017578
2023-05-25,137.4345703125,72.39326477050781
2023-05-26,137.4440155029297,72.35529327392578
2023-05-30,135.34548950195312,71.15902709960938
2023-05-31,134.70269775390625,70.61784362792969
2023-06-01,136.08282470703125,71.1115493774414
2023-06-02,138.50271606445312,72.2033920288086
2023-06-05,137.95448303222656,72.39326477050781
2023-06-06,136.58383178710938,71.74767303466797
2023-06-07,136.87686157226562,71.39636993408203
2023-06-08,138.42710876464844,71.89958190917969
2023-06-09,138.54054260253906,72.00399780273438
2023-06-12,137.45347595214844,71.89008331298828
2023-06-13,137.12261962890625,71.4343490600586
2023-06-14,138.40817260742188,71.6052474975586
2023-06-15,140.32711791992188,72.91545867919922
2023-06-16,141.3574676513672,73.84588623046875
2023-06-20,140.05299377441406,73.69397735595703
2023-06-21,141.26296997070312,73.69397735595703
2023-06-22,141.7450714111328,74.05474853515625
2023-06-23,140.3365936279297,73.20977020263672
2023-06-26,140.47837829589844,72.76353454589844
2023-06-27,141.81121826171875,71.89958190917969
2023-06-28,141.78286743164062,72.07046508789062
2023-06-29,141.2062530517578,72.68758392333984
2023-06-30,143.43711853027344,73.14330291748047
2023-07-03,144.15550231933594,73.23825073242188
2023-07-05,143.9097442626953,72.9819107055664
2023-07-06,143.67340087890625,73.01988220214844
2023-07-07,140.65798950195312,71.76665496826172
2023-07-10,140.71470642089844,72.0514907836914
2023-07-11,139.9773712158203,71.57676696777344
2023-07-12,140.70523071289062,71.35840606689453
2023-07-13,140.79974365234375,72.02299499511719
2023-07-14,141.839599609375,72.57366180419922
2023-07-17,140.8376007080078,71.75714874267578
2023-07-18,141.10227966308594,72.00399780273438
2023-07-19,142.06643676757812,72.55467224121094
2023-07-20,143.2183837890625,73.56741333007812
2023-07-21,145.4728240966797,73.74894714355469
2023-07-24,145.9389190673828,74.02601623535156
2023-07-25,146.28138732910156,74.3699722290039
2023-07-26,146.43359375,74.484619140625
2023-07-27,144.69284057617188,73.6725082397461
2023-07-28,148.78317260742188,72.2489242553711
2023-07-31,148.6785125732422,72.86041259765625
2023-08-01,148.6309356689453,73.22346496582031
2023-08-02,148.95437622070312,74.08334350585938
2023-08-03,149.34439086914062,73.16615295410156
2023-08-04,147.70822143554688,72.86041259765625
2023-08-07,149.2682647705078,73.47188568115234
2023-08-08,149.42996215820312,72.92729187011719
2023-08-09,149.23973083496094,73.08015441894531
2023-08-10,148.49777221679688,72.87950897216797
2023-08-11,149.36338806152344,73.47188568115234
2023-08-14,148.193359375,72.34447479248047
2023-08-15,147.24212646484375,71.31261444091797
2023-08-16,145.73919677734375,71.10242462158203
2023-08-17,144.69284057617188,70.70115661621094
2023-08-18,145.10182189941406,71.22663116455078
2023-08-21,144.36940002441406,70.51007843017578
2023-08-22,144.42648315429688,70.23300170898438
2023-08-23,145.77723693847656,70.23300170898438
2023-08-24,145.10182189941406,70.05147552490234
2023-08-25,146.05307006835938,70.53873443603516
2023-08-28,146.28138732910156,70.35720825195312
2023-08-29,146.36700439453125,70.19477081298828
2023-08-30,146.52870178222656,70.5578384399414
2023-08-31,146.81410217285156,70.19477081298828
2023-09-01,146.9757537841797,70.00370025634766
2023-09-05,145.0067138671875,69.53553771972656
2023-09-06,144.72134399414062,69.09605407714844
2023-09-07,146.10064697265625,70.28076934814453
2023-09-08,145.4728240966797,69.93681335449219
2023-09-11,147.20408630371094,70.65337371826172
2023-09-12,144.61672973632812,69.2871322631836
2023-09-13,145.62501525878906,69.58332061767578
2023-09-14,147.22311401367188,70.18522644042969
2023-09-15,145.9864959716797,69.90816497802734
2023-09-18,146.53823852539062,70.5578384399414
2023-09-19,146.1101531982422,69.9559326171875
2023-09-20,145.9864959716797,70.47185516357422
2023-09-21,144.72134399414062,69.9559326171875
2023-09-22,144.1886749267578,69.22025299072266
2023-09-25,143.3135223388672,69.00050354003906
2023-09-26,142.03887939453125,68.79031372070312
2023-09-27,140.15541076660156,67.88265991210938
2023-09-28,139.20419311523438,68.13107299804688
2023-09-29,138.74757385253906,67.93999481201172
2023-10-02,138.11026000976562,67.6055908203125
2023-10-03,138.3956298828125,67.32852172851562
2023-10-04,138.8522186279297,67.41450500488281
2023-10-05,136.7880401611328,66.1820068359375
2023-10-06,137.06390380859375,66.33487701416016
2023-10-09,136.36949157714844,66.22023010253906
2023-10-10,137.72024536132812,66.39220428466797
2023-10-11,136.0270538330078,65.79985809326172
2023-10-12,136.33145141601562,66.59284973144531
2023-10-13,137.63462829589844,67.78711700439453
2023-10-16,138.9473419189453,68.93362426757812
2023-10-17,139.12806701660156,68.86674499511719
2023-10-18,142.7142333984375,69.81261444091797
2023-10-19,141.91110229492188,69.9272689819336
2023-10-20,141.7196502685547,70.46582794189453
2023-10-23,141.8153839111328,69.20597839355469
2023-10-24,143.4905548095703,70.05227661132812
2023-10-25,144.16062927246094,70.6004867553711
2023-10-26,143.3948516845703,70.2831039428711
2023-10-27,140.86773681640625,69.04247283935547
2023-10-30,142.8779296875,71.05248260498047
2023-10-31,143.614990234375,72.24503326416016
2023-11-01,143.2129669189453,72.06230926513672
2023-11-02,144.96470642089844,71.9372787475586
2023-11-03,143.65328979492188,71.95650482177734
2023-11-06,144.48609924316406,72.33158111572266
2023-11-07,144.1510467529297,72.35081481933594
2023-11-08,143.59584045410156,72.36043548583984
2023-11-09,143.92132568359375,72.26426696777344
2023-11-10,144.9359893798828,72.54317474365234
2023-11-13,145.9411163330078,73.04325866699219
2023-11-14,145.61563110351562,73.7260971069336
2023-11-15,144.94557189941406,72.58162689208984
2023-11-16,146.2952880859375,73.07211303710938
2023-11-17,144.61053466796875,72.68742370605469
2023-11-20,143.84475708007812,72.58162689208984
2023-11-21,143.2129669189453,73.63953399658203
2023-11-22,144.56268310546875,74.32235717773438
2023-11-24,144.9072723388672,74.35121154785156
2023-11-27,144.7732696533203,74.15886688232422
2023-11-28,145.7783660888672,74.88977813720703
2023-11-29,144.66796875,74.89939880371094
2023-11-30,146.95578002929688,75.75534057617188
2023-12-01,146.13255310058594,75.6880111694336
2023-12-04,145.55821228027344,75.9572982788086
2023-12-05,140.48480224609375,74.7070541381836
2023-12-06,140.3795166015625,74.50509643554688
2023-12-07,140.23594665527344,74.64934539794922
2023-12-08,138.9436798095703,74.21656799316406
2023-12-11,139.58502197265625,74.66857147216797
2023-12-12,139.6999053955078,75.58222961425781
2023-12-13,142.22702026367188,76.35160827636719
2023-12-14,138.47462463378906,73.35100555419922
2023-12-15,137.80455017089844,74.03385162353516
2023-12-18,139.9200439453125,75.072509765625
2023-12-19,139.9200439453125,75.13982391357422
2023-12-20,137.75668334960938,74.38967895507812
2023-12-21,138.09170532226562,74.92825317382812
2023-12-22,139.06809997558594,75.49567413330078
2023-12-26,139.6999053955078,76.01499938964844
2023-12-27,139.81475830078125,76.07271575927734
2023-12-28,139.4988555908203,76.20734405517578
2023-12-29,140.2742156982422,76.65937042236328
2024-01-02,142.3801727294922,77.6307144165039
2024-01-03,141.51864624023438,76.83247375488281
2024-01-04,142.2939910888672,77.2652359008789
2024-01-05,141.11659240722656,76.91902160644531
2024-01-08,142.3323211669922,77.32295989990234
2024-01-09,142.9162139892578,77.72688293457031
2024-01-10,143.5288543701172,77.46721649169922
2024-01-11,144.07447814941406,77.4768295288086
2024-01-12,144.16062927246094,77.81343841552734
2024-01-16,143.38525390625,77.35181427001953
2024-01-17,143.5288543701172,77.86151123046875
2024-01-18,142.70140075683594,77.73649597167969
2024-01-19,142.15231323242188,77.7655258178711
2024-01-22,142.43167114257812,77.8042221069336
2024-01-23,148.32696533203125,78.76203155517578
2024-01-24,146.53526306152344,77.47528076171875
2024-01-25,149.9067840576172,78.57820129394531
2024-01-26,150.40768432617188,80.13583374023438
2024-01-29,150.42694091796875,81.22907257080078
2024-01-30,151.7081298828125,81.49030303955078
2024-01-31,151.3709716796875,81.46127319335938
2024-02-01,153.33604431152344,83.3188247680664
2024-02-02,152.28610229492188,81.86762237548828
2024-02-05,152.40170288085938,81.3548355102539
2024-02-06,153.12416076660156,81.01622772216797
2024-02-07,153.2782745361328,81.13233184814453
2024-02-08,152.81591796875,81.51932525634766
2024-02-09,151.6407012939453,80.7453384399414
2024-02-12,151.34207153320312,80.84208679199219
2024-02-13,150.5329132080078,80.7550277709961
2024-02-14,149.9164276123047,80.9872055053711
2024-02-15,151.24574279785156,80.85176849365234
2024-02-16,151.7273712158203,80.76469421386719
2024-02-20,152.690673828125,81.8579330444336
2024-02-21,154.51129150390625,82.53516387939453
2024-02-22,154.6654052734375,83.20272064208984
2024-02-23,155.1181640625,83.44459533691406
2024-02-26,154.33792114257812,83.34785461425781
2024-02-27,153.45169067382812,83.59939575195312
2024-02-28,154.1741485595703,83.98638153076172
2024-02-29,153.10488891601562,83.705810546875
2024-03-01,153.01820373535156,83.67678833007812
2024-03-04,153.70213317871094,84.00572967529297
2024-03-05,153.470947265625,83.90899658203125
2024-03-06,153.71176147460938,84.34435272216797
2024-03-07,154.72320556640625,85.27312469482422
2024-03-08,154.463134765625,85.20539093017578
2024-03-11,155.61907958984375,85.26343536376953
2024-03-12,155.98509216308594,85.87295532226562
2024-03-13,156.34153747558594,86.29863739013672
2024-03-14,155.5709228515625,85.47628784179688
2024-03-15,155.45533752441406,85.57303619384766
2024-03-18,155.29156494140625,85.39888763427734
2024-03-19,155.8887939453125,85.88262939453125
2024-03-20,156.04290771484375,85.47628784179688
2024-03-21,155.91769409179688,85.88262939453125
2024-03-22,155.72503662109375,86.29863739013672
2024-03-25,154.3090057373047,85.75684356689453
2024-03-26,154.65579223632812,86.0083999633789
2024-03-27,156.64015197753906,87.02423858642578
2024-03-28,156.29335021972656,87.1209945678711
2024-04-01,154.68467712402344,86.16320037841797
2024-04-02,154.675048828125,86.16320037841797
2024-04-03,150.4173126220703,85.23441314697266
2024-04-04,149.74302673339844,84.55718994140625
2024-04-05,150.36915588378906,85.02156829833984
2024-04-08,150.31134033203125,84.86677551269531
2024-04-09,150.90859985351562,84.79906463623047
2024-04-10,151.46730041503906,83.7445068359375
2024-04-11,150.1186981201172,83.20272064208984
2024-04-12,149.62741088867188,83.05760955810547
2024-04-15,149.74302673339844,83.36720275878906
2024-04-16,150.22467041015625,83.36720275878906
2024-04-17,151.1975860595703,83.92832946777344
2024-04-18,152.49380493164062,83.8896255493164
2024-04-19,153.31790161132812,84.78486633300781
2024-04-22,155.64471435546875,85.95257568359375
2024-04-23,156.57545471191406,86.19583892822266
2024-04-24,157.6418914794922,86.47803497314453
2024-04-25,157.5934295654297,86.88672637939453
2024-04-26,156.37184143066406,88.56044006347656
2024-04-29,156.73056030273438,88.05443572998047
2024-04-30,158.22360229492188,89.4459457397461
2024-05-01,158.41749572753906,89.42648315429688
2024-05-02,158.84408569335938,90.40930938720703
2024-05-03,159.4451904296875,90.38009643554688
2024-05-06,159.42579650878906,90.67203521728516
2024-05-07,160.70553588867188,91.54780578613281
2024-05-08,160.0365753173828,90.9542236328125
2024-05-09,160.9770050048828,91.54780578613281
2024-05-10,161.76231384277344,92.54035186767578
2024-05-13,160.81219482421875,91.9175796508789
2024-05-14,160.70553588867188,92.02461242675781
2024-05-15,161.43267822265625,91.9856948852539
2024-05-16,162.7415008544922,91.9856948852539
2024-05-17,162.52822875976562,91.5964584350586
2024-05-20,162.20826721191406,91.8494644165039
2024-05-21,163.21656799316406,92.60845947265625
2024-05-22,162.69302368164062,92.20950317382812
2024-05-23,160.44378662109375,91.20722961425781
2024-05-24,160.28866577148438,90.78880310058594
2024-05-28,158.13633728027344,89.46541595458984
2024-05-29,156.72084045410156,88.83290100097656
2024-05-30,157.6225128173828,88.48258972167969
2024-05-31,159.52273559570312,90.45795440673828
2024-06-03,159.62939453125,89.98114013671875
2024-06-04,161.91741943359375,91.28507232666016
2024-06-05,160.98670959472656,91.13911437988281
2024-06-06,163.33291625976562,91.45049285888672
2024-06-07,161.96591186523438,91.3629150390625
2024-06-10,162.2470703125,91.37266540527344
2024-06-11,162.37307739257812,91.4310302734375
2024-06-12,160.14321899414062,90.72069549560547
2024-06-13,161.33572387695312,92.20950317382812
2024-06-14,161.70411682128906,92.07327270507812
2024-06-17,162.39247131347656,93.36747741699219
2024-06-18,163.420166015625,94.39894104003906
2024-06-20,162.5572967529297,94.34056091308594
2024-06-21,163.12930297851562,94.65193939208984
2024-06-24,163.31350708007812,96.32565307617188
2024-06-25,161.76231384277344,96.04345703125
2024-06-26,162.34402465820312,95.58610534667969
2024-06-27,161.539306640625,95.52771759033203
2024-06-28,159.89117431640625,94.42813873291016
2024-07-01,157.7582244873047,92.968505859375
2024-07-02,158.90223693847656,93.53291320800781
2024-07-03,158.8343963623047,93.30908966064453
2024-07-05,160.17233276367188,94.43787384033203
2024-07-08,161.44236755371094,94.95359802246094
2024-07-09,160.60858154296875,94.42813873291016
2024-07-10,161.71383666992188,94.76871490478516
2024-07-11,160.4922332763672,95.1287612915039
2024-07-12,161.52963256835938,95.43041229248047
2024-07-15,159.5615234375,94.63248443603516
2024-07-16,161.8592529296875,94.77845001220703
2024-07-17,164.2733154296875,96.71488952636719
2024-07-18,163.3038330078125,95.85857391357422
2024-07-19,163.81784057617188,95.92704010009766
2024-07-22,164.10067749023438,95.79988861083984
2024-07-23,162.5108642578125,94.43061828613281
2024-07-24,163.85684204101562,94.47952270507812
2024-07-25,162.78396606445312,94.37193298339844
2024-07-26,164.93948364257812,97.20828247070312
2024-07-29,165.7392578125,98.66557312011719
2024-07-30,157.7122039794922,98.28414154052734
2024-07-31,156.79537963867188,97.01268005371094
2024-08-01,161.60382080078125,98.7144775390625
2024-08-02,165.88555908203125,100.55320739746094
2024-08-05,163.9153594970703,98.75360107421875
2024-08-06,163.94461059570312,100.40650177001953
2024-08-07,165.8270263671875,100.1815414428711
2024-08-08,166.6560516357422,100.45540618896484
2024-08-09,166.3341827392578,99.8294448852539
2024-08-12,162.69619750976562,99.0567855834961
2024-08-13,163.1643524169922,98.3819351196289
2024-08-14,164.6371307373047,99.9370346069336
2024-08-15,163.77882385253906,99.2132797241211
2024-08-16,163.7495574951172,99.75121307373047
2024-08-19,164.26649475097656,99.6142807006836
2024-08-20,166.20741271972656,100.79772186279297
2024-08-21,165.96356201171875,101.19872283935547
2024-08-22,165.9538116455078,101.66817474365234
2024-08-23,164.99798583984375,101.92247772216797
2024-08-26,166.14889526367188,102.78315734863281
2024-08-27,165.07601928710938,103.59494018554688
2024-08-28,164.8907012939453,103.4677963256836
2024-08-29,165.83677673339844,103.48735046386719
2024-08-30,167.30953979492188,104.1622085571289
2024-09-03,170.21604919433594,105.41410827636719
2024-09-04,171.56201171875,106.38237762451172
2024-09-05,171.1426239013672,106.14764404296875
2024-09-06,171.2596435546875,105.49235534667969
2024-09-09,171.71807861328125,104.75881958007812
2024-09-10,173.40541076660156,104.49473571777344
2024-09-11,169.63084411621094,103.80032348632812
2024-09-12,169.1919403076172,104.00572204589844
2024-09-13,169.7869110107422,103.40911865234375
2024-09-16,172.8689727783203,103.1156997680664
2024-09-17,171.54251098632812,102.2647933959961
2024-09-18,169.63084411621094,100.91509246826172
2024-09-19,167.30953979492188,99.7707748413086
2024-09-20,169.92344665527344,100.79772186279297
2024-09-23,169.48455810546875,101.04222869873047
2024-09-24,168.96763610839844,101.51168823242188
2024-09-25,168.01177978515625,101.47257232666016
2024-09-26,168.93836975097656,100.79772186279297
2024-09-27,169.26998901367188,101.38455963134766
2024-09-30,168.92860412597656,101.53125
2024-10-01,168.7725372314453,100.083740234375
2024-10-02,167.68014526367188,99.8196792602539
2024-10-03,165.924560546875,97.77555084228516
2024-10-04,164.7151336669922,96.86595916748047
2024-10-07,162.99853515625,96.40628051757812
2024-10-08,164.01290893554688,98.37215423583984
2024-10-09,165.09552001953125,98.78294372558594
2024-10-10,164.78341674804688,97.06156921386719
2024-10-11,166.87062072753906,97.9026870727539
2024-10-14,168.25559997558594,98.51887512207031
2024-10-15,169.28948974609375,99.32086944580078
2024-10-16,168.1288299560547,98.96876525878906
2024-10-17,168.03128051757812,98.32325744628906
2024-10-18,168.03814697265625,98.74591827392578
2024-10-21,166.3311004638672,97.66468811035156
2024-10-22,166.48806762695312,97.96939849853516
2024-10-23,166.37033081054688,97.29117584228516
2024-10-24,166.40956115722656,98.03820037841797
2024-10-25,165.0360870361328,93.97866821289062
2024-10-28,166.09564208984375,94.10645294189453
2024-10-29,164.00595092773438,93.1038589477539
2024-10-30,163.01507568359375,93.04488372802734
2024-10-31,162.05360412597656,92.11109161376953
2024-11-01,161.97512817382812,91.73757934570312
2024-11-04,161.95550537109375,92.01280212402344
2024-11-05,162.6226348876953,92.65170288085938
2024-11-06,158.00177001953125,88.6806411743164
2024-11-07,160.31710815429688,89.22125244140625
2024-11-08,164.53573608398438,90.99053955078125
2024-11-11,162.8875274658203,90.39094543457031
2024-11-12,162.70111083984375,89.93880462646484
2024-11-13,163.42710876464844,89.5161361694336
2024-11-14,163.9176483154297,89.8896484375
2024-11-15,166.3311004638672,91.9636459350586
2024-11-18,167.5181884765625,93.00556182861328
2024-11-19,167.52798461914062,92.01280212402344
2024-11-20,167.65553283691406,92.30768585205078
2024-11-21,169.4803466796875,92.64187622070312
2024-11-22,172.94351196289062,93.3004379272461
2024-11-25,174.0325164794922,93.71327209472656
2024-11-26,175.91616821289062,94.93212127685547
2024-11-27,175.96524047851562,95.10905456542969
2024-11-29,175.86712646484375,94.98126220703125
2024-12-02,176.2987823486328,95.45308685302734
2024-12-03,172.0998077392578,92.99573516845703
2024-12-04,171.79566955566406,93.19231414794922
2024-12-05,172.69825744628906,93.47737121582031
2024-12-06,170.53009033203125,92.62223052978516
2024-12-09,167.5574188232422,91.35423278808594
2024-12-10,169.01922607421875,92.28801727294922
2024-12-11,167.40045166015625,91.17729949951172
2024-12-12,167.61630249023438,91.9636459350586
2024-12-13,167.82232666015625,91.84569549560547
2024-12-16,167.9008026123047,91.3345718383789
2024-12-17,167.10614013671875,91.89483642578125
2024-12-18,165.87979125976562,91.16747283935547
2024-12-19,165.98773193359375,91.3345718383789
2024-12-20,164.8791046142578,90.45974731445312
2024-12-23,164.9281463623047,90.34180450439453
2024-12-24,165.74244689941406,90.81361389160156
2024-12-26,166.93934631347656,90.79395294189453
2024-12-27,166.32127380371094,90.2435073852539
2024-12-30,163.92745971679688,89.24091339111328
2024-12-31,164.47686767578125,89.3588638305664
