Date,F,GM
2018-01-02,8.35867977142334,36.806617736816406
2018-01-03,8.42470645904541,37.70477294921875
2018-01-04,8.569958686828613,38.86708068847656
2018-01-05,8.715211868286133,38.75260925292969
2018-01-08,8.68220043182373,38.937530517578125
2018-01-09,8.635984420776367,38.7878303527832
2018-01-10,8.602971076965332,37.86326599121094
2018-01-11,8.688800811767578,38.91111755371094
2018-01-12,8.735017776489258,38.805450439453125
2018-01-16,8.649188041687012,38.91111755371094
2018-01-17,8.041763305664062,38.77021789550781
2018-01-18,7.969136714935303,38.62052536010742
2018-01-19,7.922919750213623,37.9953498840332
2018-01-22,7.936126232147217,38.118621826171875
2018-01-23,7.896509647369385,38.1978759765625
2018-01-24,7.955932140350342,38.884681701660156
2018-01-25,7.6390156745910645,38.004146575927734
2018-01-26,7.691832542419434,38.29472732543945
2018-01-29,7.522709846496582,37.8808708190918
2018-01-30,7.482120513916016,37.59910583496094
2018-01-31,7.4212327003479,37.34375
2018-02-01,7.387406826019287,37.361358642578125
2018-02-02,7.245344638824463,36.10218811035156
2018-02-05,6.927387237548828,34.816593170166016
2018-02-06,7.279168605804443,36.85945510864258
2018-02-07,7.279168605804443,37.326141357421875
2018-02-08,7.055922985076904,35.882049560546875
2018-02-09,7.123571872711182,36.50722885131836
2018-02-12,7.2385783195495605,36.982723236083984
2018-02-13,7.164162635803223,36.45439529418945
2018-02-14,7.26563835144043,36.815425872802734
2018-02-15,7.279168605804443,36.85063934326172
2018-02-16,7.17769193649292,36.18143081665039
2018-02-20,7.191222667694092,35.89966583251953
2018-02-21,7.17092752456665,35.71475601196289
2018-02-22,7.191222667694092,36.022945404052734
2018-02-23,7.2385783195495605,36.022945404052734
2018-02-26,7.3671159744262695,36.57768249511719
2018-02-27,7.17769193649292,35.371341705322266
2018-02-28,7.17769193649292,34.64928436279297
2018-03-01,6.961211681365967,33.27565002441406
2018-03-02,7.035628318786621,32.958648681640625
2018-03-05,7.157398223876953,33.23162078857422
2018-03-06,7.191222667694092,33.398929595947266
2018-03-07,7.191222667694092,33.23162078857422
2018-03-08,7.17769193649292,33.65857696533203
2018-03-09,7.258872985839844,33.65857696533203
2018-03-12,7.312992572784424,33.64968490600586
2018-03-13,7.292699337005615,33.80979537963867
2018-03-14,7.4550604820251465,33.525150299072266
2018-03-15,7.4888834953308105,33.66746139526367
2018-03-16,7.543005466461182,33.74753189086914
2018-03-19,7.448294639587402,32.9202880859375
2018-03-20,7.4347639083862305,32.81355667114258
2018-03-21,7.509179592132568,33.42731475830078
2018-03-22,7.272401809692383,32.33323287963867
2018-03-23,7.143868923187256,31.283626556396484
2018-03-26,7.326523780822754,32.01301193237305
2018-03-27,7.326523780822754,31.016775131225586
2018-03-28,7.346817970275879,31.550474166870117
2018-03-29,7.4956488609313965,32.32433319091797
2018-04-02,7.346817970275879,31.808420181274414
2018-04-03,7.543005466461182,32.858028411865234
2018-04-04,7.6647748947143555,33.82758331298828
2018-04-05,7.6783061027526855,33.80089569091797
2018-04-06,7.56329870223999,33.51626205444336
2018-04-09,7.610654354095459,33.64968490600586
2018-04-10,7.745954513549805,34.752655029296875
2018-04-11,7.732425689697266,34.69039535522461
2018-04-12,7.651245594024658,34.5391845703125
2018-04-13,7.630949974060059,34.45021438598633
2018-04-16,7.698601722717285,34.84160232543945
2018-04-17,7.698601722717285,34.88608169555664
2018-04-18,7.6647748947143555,34.62813186645508
2018-04-19,7.513947010040283,33.59632110595703
2018-04-20,7.417966365814209,33.45399475097656
2018-04-23,7.568793773651123,33.525150299072266
2018-04-24,7.513947010040283,33.73863220214844
2018-04-25,7.616783618927002,33.898746490478516
2018-04-26,7.836170673370361,34.02326202392578
2018-04-27,7.877305507659912,33.48957824707031
2018-04-30,7.7059102058410645,32.68013381958008
2018-05-01,7.719621658325195,32.39549255371094
2018-05-02,7.685342311859131,32.19981002807617
2018-05-03,7.6784868240356445,32.15534210205078
2018-05-04,7.7881760597229,32.65345764160156
2018-05-07,7.774464130401611,32.32433319091797
2018-05-08,7.726477146148682,32.315433502197266
2018-05-09,7.5825066566467285,32.26206970214844
2018-05-10,7.685342311859131,33.0537223815918
2018-05-11,7.671631336212158,32.81355667114258
2018-05-14,7.664773464202881,32.5822868347168
2018-05-15,7.692198276519775,32.858028411865234
2018-05-16,7.815601825714111,33.82758331298828
2018-05-17,7.856735706329346,34.067752838134766
2018-05-18,7.767612457275391,33.61410140991211
2018-05-21,7.891016483306885,33.88095474243164
2018-05-22,7.897872447967529,34.049957275390625
2018-05-23,7.8430256843566895,33.66746139526367
2018-05-24,7.966428756713867,34.14780044555664
2018-05-25,7.891016483306885,34.067752838134766
2018-05-29,7.8430256843566895,33.24940872192383
2018-05-30,7.918439865112305,33.64968490600586
2018-05-31,7.918439865112305,37.981536865234375
2018-06-01,8.028133392333984,38.42628860473633
2018-06-04,8.048701286315918,38.94219207763672
2018-06-05,8.110401153564453,38.61308288574219
2018-06-06,8.206381797790527,39.07561111450195
2018-06-07,8.247519493103027,39.48835754394531
2018-06-08,8.295509338378906,39.703697204589844
2018-06-11,8.247519493103027,40.2420539855957
2018-06-12,8.302363395690918,39.640892028808594
2018-06-13,8.240660667419434,39.88315200805664
2018-06-14,8.15153694152832,39.09355926513672
2018-06-15,8.14468002319336,39.39862823486328
2018-06-18,8.220091819763184,39.43451690673828
2018-06-19,8.15153694152832,37.91815185546875
2018-06-20,8.137825965881348,37.6400032043457
2018-06-21,8.028133392333984,36.8952751159668
2018-06-22,7.986994743347168,37.01192855834961
2018-06-25,7.88416051864624,36.43767547607422
2018-06-26,7.897872447967529,36.79658508300781
2018-06-27,7.829312801361084,36.22233581542969
2018-06-28,7.733333110809326,36.35692596435547
2018-06-29,7.589360237121582,35.351993560791016
2018-07-02,7.609929084777832,35.441715240478516
2018-07-03,7.534514427185059,34.9661750793457
2018-07-05,7.575652122497559,35.4148063659668
2018-07-06,7.5825066566467285,35.13665771484375
2018-07-09,7.6784868240356445,35.66604232788086
2018-07-10,7.712765693664551,35.971107482910156
2018-07-11,7.589360237121582,35.262271881103516
2018-07-12,7.575652122497559,35.23535919189453
2018-07-13,7.527658939361572,35.316097259521484
2018-07-16,7.438533306121826,35.49555587768555
2018-07-17,7.4453887939453125,35.91727066040039
2018-07-18,7.452247142791748,35.773704528808594
2018-07-19,7.417966365814209,35.27124786376953
2018-07-20,7.341493129730225,35.351993560791016
2018-07-23,7.278923511505127,35.23535919189453
2018-07-24,7.348444938659668,35.42377471923828
2018-07-25,7.31368350982666,33.781795501708984
2018-07-26,6.875698089599609,32.97426223754883
2018-07-27,6.903504371643066,33.67411804199219
2018-07-30,7.000834941864014,33.79973220825195
2018-07-31,6.97998046875,34.01508331298828
2018-08-01,6.882648468017578,33.324188232421875
2018-08-02,6.8965535163879395,32.85761642456055
2018-08-03,6.97998046875,33.85357666015625
2018-08-06,6.973028659820557,33.73692321777344
2018-08-07,7.007787704467773,33.71898651123047
2018-08-08,6.986932754516602,33.7907600402832
2018-08-09,6.889601230621338,33.65618133544922
2018-08-10,6.771414279937744,32.830692291259766
2018-08-13,6.57675313949585,32.44487380981445
2018-08-14,6.604562759399414,32.480770111083984
2018-08-15,6.5698018074035645,32.24748611450195
2018-08-16,6.611514091491699,32.5615119934082
2018-08-17,6.639323711395264,32.64227294921875
2018-08-20,6.757510185241699,32.99220275878906
2018-08-21,6.854839324951172,33.117828369140625
2018-08-22,6.736652851104736,32.417964935302734
2018-08-23,6.69494104385376,32.005226135253906
2018-08-24,6.729702949523926,32.256446838378906
2018-08-27,6.94521951675415,33.81767654418945
2018-08-28,6.959124565124512,33.48569107055664
2018-08-29,6.931314468383789,33.306251525878906
2018-08-30,6.743605136871338,32.62432861328125
2018-08-31,6.590656280517578,32.34617614746094
2018-09-04,6.583705425262451,31.94240951538086
2018-09-05,6.597609043121338,31.664260864257812
2018-09-06,6.5558977127075195,31.18353843688965
2018-09-07,6.444661617279053,30.75722885131836
2018-09-10,6.52113676071167,30.720949172973633
2018-09-11,6.472471237182617,30.6302490234375
2018-09-12,6.493327617645264,30.893293380737305
2018-09-13,6.51418399810791,31.06562042236328
2018-09-14,6.5698018074035645,31.410297393798828
2018-09-17,6.639323711395264,31.7640380859375
2018-09-18,6.660179615020752,31.83660125732422
2018-09-19,6.799222946166992,32.40802764892578
2018-09-20,6.820079803466797,32.7254753112793
2018-09-21,6.847888469696045,32.03614044189453
2018-09-24,6.667130470275879,31.519134521484375
2018-09-25,6.5280890464782715,30.430706024169922
2018-09-26,6.444661617279053,30.593969345092773
2018-09-27,6.4168524742126465,30.5395450592041
2018-09-28,6.430757522583008,30.5395450592041
2018-10-01,6.479423999786377,31.020273208618164
2018-10-02,6.395997524261475,30.20395278930664
2018-10-03,6.347333908081055,30.8388614654541
2018-10-04,6.361236095428467,31.06562042236328
2018-10-05,6.3403801918029785,30.947710037231445
2018-10-08,6.437709808349609,31.06562042236328
2018-10-09,6.222193241119385,29.614383697509766
2018-10-10,6.131814956665039,29.569028854370117
2018-10-11,6.124862194061279,29.305999755859375
2018-10-12,6.006675720214844,28.83434295654297
2018-10-15,6.124862194061279,29.133663177490234
2018-10-16,6.117910385131836,29.333208084106445
2018-10-17,6.090102672576904,28.961328506469727
2018-10-18,5.916297435760498,28.190353393554688
2018-10-19,5.909345626831055,28.299196243286133
2018-10-22,5.951808452606201,28.426179885864258
2018-10-23,6.079195499420166,29.133663177490234
2018-10-24,5.789035320281982,27.718700408935547
2018-10-25,6.362277984619141,29.024816513061523
2018-10-26,6.355198383331299,29.614383697509766
2018-10-29,6.5675129890441895,30.049760818481445
2018-10-30,6.694899082183838,30.4216365814209
2018-10-31,6.758592128753662,33.18806076049805
2018-11-01,6.574589252471924,33.079227447509766
2018-11-02,6.638282299041748,32.68013381958008
2018-11-05,6.744438171386719,32.87967300415039
2018-11-06,6.7515153884887695,33.07014846801758
2018-11-07,6.793978691101074,33.451107025146484
2018-11-08,6.694899082183838,33.16991424560547
2018-11-09,6.638282299041748,32.38081741333008
2018-11-12,6.716130256652832,32.37173843383789
2018-11-13,6.7515153884887695,32.58942413330078
2018-11-14,6.7515153884887695,31.954513549804688
2018-11-15,6.5887451171875,32.244754791259766
2018-11-16,6.4047393798828125,32.4261589050293
2018-11-19,6.546281337738037,32.362667083740234
2018-11-20,6.411815643310547,31.827533721923828
2018-11-21,6.447202205657959,32.244754791259766
2018-11-23,6.461357116699219,32.58942413330078
2018-11-26,6.65243673324585,34.14951705932617
2018-11-27,6.5675129890441895,33.278770446777344
2018-11-28,6.659514427185059,33.51460266113281
2018-11-29,6.631205081939697,33.34226608276367
2018-11-30,6.659514427185059,34.42162322998047
2018-12-03,6.793978691101074,34.87512969970703
2018-12-04,6.49674129486084,33.12457275390625
2018-12-06,6.383509159088135,32.721290588378906
2018-12-07,6.2419657707214355,31.795557022094727
2018-12-10,6.029655456542969,31.548084259033203
2018-12-11,6.04380989074707,31.795557022094727
2018-12-12,6.114581108093262,32.70294952392578
2018-12-13,6.015501976013184,32.18051528930664
2018-12-14,6.029655456542969,32.17135238647461
2018-12-17,6.015501976013184,31.768062591552734
2018-12-18,5.994271278381348,31.988037109375
2018-12-19,5.8881144523620605,32.01552963256836
2018-12-20,5.845652103424072,31.41059112548828
2018-12-21,5.697033405303955,30.228235244750977
2018-12-24,5.3997979164123535,29.66912841796875
2018-12-26,5.555492401123047,30.72318458557129
2018-12-27,5.555492401123047,31.12646484375
2018-12-28,5.527183532714844,31.08980369567871
2018-12-31,5.413951396942139,30.65901756286621
2019-01-02,5.590878963470459,30.83316993713379
2019-01-03,5.505952835083008,29.559141159057617
2019-01-04,5.718264102935791,30.549034118652344
2019-01-07,5.866883277893066,31.49308967590332
2019-01-08,5.9235005378723145,31.905546188354492
2019-01-09,6.171197414398193,32.244667053222656
2019-01-10,6.135810852050781,31.832212448120117
2019-01-11,6.2419657707214355,34.07780075073242
2019-01-14,6.362277984619141,34.51774215698242
2019-01-15,6.25612211227417,34.416927337646484
2019-01-16,5.866883277893066,34.52690887451172
2019-01-17,5.916422367095947,35.067691802978516
2019-01-18,6.072117805480957,35.38847351074219
2019-01-22,6.015501976013184,34.96686553955078
2019-01-23,5.902267932891846,34.52690887451172
2019-01-24,6.086272239685059,34.97603225708008
2019-01-25,6.270275592803955,35.41598129272461
2019-01-28,6.128735065460205,35.2509880065918
2019-01-29,6.199504375457764,35.260162353515625
2019-01-30,6.271508693695068,35.828433990478516
2019-01-31,6.3363118171691895,35.76427459716797
2019-02-01,6.278709411621094,35.544307708740234
2019-02-04,6.264307975769043,35.68178176879883
2019-02-05,6.3003106117248535,36.020912170410156
2019-02-06,6.278709411621094,36.58000183105469
2019-02-07,5.983493328094482,35.425140380859375
2019-02-08,6.041097164154053,35.470970153808594
2019-02-11,5.997895240783691,35.40681457519531
2019-02-12,6.0914998054504395,35.773433685302734
2019-02-13,6.055498123168945,35.745941162109375
2019-02-14,6.0626983642578125,35.645118713378906
2019-02-15,6.149102687835693,35.828433990478516
2019-02-19,6.357912540435791,36.231712341308594
2019-02-20,6.437115669250488,36.616668701171875
2019-02-21,6.271508693695068,36.314205169677734
2019-02-22,6.271508693695068,36.65333557128906
2019-02-25,6.307509899139404,36.79082107543945
2019-02-26,6.393914699554443,36.763328552246094
2019-02-27,6.321911334991455,36.662506103515625
2019-02-28,6.314711093902588,36.185890197753906
2019-03-01,6.3291096687316895,36.231712341308594
2019-03-04,6.343512535095215,35.9750862121582
2019-03-05,6.314711093902588,36.00257873535156
2019-03-06,6.1779046058654785,35.4434700012207
2019-03-07,6.105898857116699,35.212059020996094
2019-03-08,6.0626983642578125,35.1657829284668
2019-03-11,6.199504375457764,35.74894332885742
2019-03-12,6.170703411102295,35.74894332885742
2019-03-13,6.141901969909668,35.91556167602539
2019-03-14,6.055498123168945,35.20280456542969
2019-03-15,6.069899082183838,35.23983383178711
2019-03-18,6.170703411102295,35.15652084350586
2019-03-19,6.264307975769043,35.424964904785156
2019-03-20,6.127501487731934,34.24936294555664
2019-03-21,6.257109642028809,34.5733528137207
2019-03-22,6.149102687835693,33.73100280761719
2019-03-25,6.127501487731934,34.01795959472656
2019-03-26,6.307509899139404,34.12903594970703
2019-03-27,6.206705093383789,33.888370513916016
2019-03-28,6.314711093902588,34.30491256713867
2019-03-29,6.321911334991455,34.34193801879883
2019-04-01,6.465916633605957,34.952880859375
2019-04-02,6.487519264221191,34.99916458129883
2019-04-03,6.573923587799072,35.536041259765625
2019-04-04,6.653126239776611,35.906307220458984
2019-04-05,6.660327911376953,36.04515838623047
2019-04-08,6.696329593658447,36.156227111816406
2019-04-09,6.63152551651001,35.971107482910156
2019-04-10,6.717930793762207,36.33211135864258
2019-04-11,6.761129379272461,36.40615463256836
2019-04-12,6.804333686828613,36.757911682128906
2019-04-15,6.717930793762207,36.62831115722656
2019-04-16,6.739529132843018,36.711631774902344
2019-04-17,6.840336322784424,37.01709747314453
2019-04-18,6.876338005065918,37.30405044555664
2019-04-22,6.840336322784424,36.56352233886719
2019-04-23,6.950074672698975,36.86899185180664
2019-04-24,7.001286029815674,36.76715850830078
2019-04-25,6.876914978027344,36.2025146484375
2019-04-26,7.615817546844482,36.730133056640625
2019-04-29,7.549975872039795,37.03560256958008
2019-04-30,7.645082473754883,36.05440139770508
2019-05-01,7.535345077514648,35.86928176879883
2019-05-02,7.5646071434021,35.40644073486328
2019-05-03,7.615817546844482,35.91556167602539
2019-05-06,7.586553573608398,35.25834274291992
2019-05-07,7.593870639801025,35.66563415527344
2019-05-08,7.5646071434021,35.369422912597656
2019-05-09,7.462184429168701,34.786258697509766
2019-05-10,7.593870639801025,35.073219299316406
2019-05-13,7.374393939971924,33.84208679199219
2019-05-14,7.491447925567627,34.28639602661133
2019-05-15,7.579237937927246,34.59186935424805
2019-05-16,7.608501434326172,34.60112380981445
2019-05-17,7.5280280113220215,34.24936294555664
2019-05-20,7.520714282989502,34.22161102294922
2019-05-21,7.491447925567627,34.369712829589844
2019-05-22,7.293919563293457,32.90717697143555
2019-05-23,7.206130504608154,32.51838684082031
2019-05-24,7.191497325897217,32.5091438293457
2019-05-28,7.1549177169799805,32.25920486450195
2019-05-29,7.103707790374756,32.20367431640625
2019-05-30,7.125654220581055,32.23143768310547
2019-05-31,6.964707851409912,30.86145782470703
2019-06-03,7.030548095703125,31.194698333740234
2019-06-04,7.257341384887695,33.07378387451172
2019-06-05,7.1549177169799805,33.17561721801758
2019-06-06,7.132971286773682,32.92299270629883
2019-06-07,7.140287399291992,33.20368194580078
2019-06-10,7.1841816902160645,33.690181732177734
2019-06-11,7.257341384887695,33.86793899536133
2019-06-12,7.206130504608154,33.372074127197266
2019-06-13,7.359763145446777,33.69953536987305
2019-06-14,7.301234722137451,33.362728118896484
2019-06-17,7.352447509765625,33.81180191040039
2019-06-18,7.389026165008545,34.33572769165039
2019-06-19,7.3451313972473145,34.41056823730469
2019-06-20,7.3451313972473145,34.578983306884766
2019-06-21,7.3085527420043945,34.541561126708984
2019-06-24,7.279288291931152,34.578983306884766
2019-06-25,7.198814392089844,35.252586364746094
2019-06-26,7.250025749206543,35.673606872558594
2019-06-27,7.462184429168701,35.85136032104492
2019-06-28,7.484132766723633,36.04783630371094
2019-07-01,7.425604820251465,36.253665924072266
2019-07-02,7.40365743637085,35.87006759643555
2019-07-03,7.462184429168701,35.70166778564453
2019-07-05,7.462184429168701,36.01976013183594
2019-07-08,7.462184429168701,35.76716613769531
2019-07-09,7.418290615081787,35.6268310546875
2019-07-10,7.396341323852539,35.64553451538086
2019-07-11,7.454868793487549,35.95426940917969
2019-07-12,7.674345016479492,36.684024810791016
2019-07-15,7.623134613037109,36.824363708496094
2019-07-16,7.688976764678955,36.88985061645508
2019-07-17,7.557291030883789,36.63724899291992
2019-07-18,7.506080627441406,36.59982681274414
2019-07-19,7.462184429168701,36.93663024902344
2019-07-22,7.439910888671875,37.29216003417969
2019-07-23,7.551285743713379,38.087398529052734
2019-07-24,7.670086860656738,38.24645233154297
2019-07-25,7.098357200622559,38.12481689453125
2019-07-26,7.105781555175781,38.14352798461914
2019-07-29,7.128056526184082,38.059322357177734
2019-07-30,7.0909318923950195,37.825435638427734
2019-07-31,7.076082229614258,37.74123001098633
2019-08-01,6.9127326011657715,37.56346893310547
2019-08-02,6.890456199645996,37.217308044433594
2019-08-05,6.853330135345459,36.49691390991211
2019-08-06,7.0389556884765625,36.56240463256836
2019-08-07,7.076082229614258,36.8524284362793
2019-08-08,7.098357200622559,37.516700744628906
2019-08-09,7.016680717468262,37.058265686035156
2019-08-12,6.897880554199219,36.35658264160156
2019-08-13,6.875604629516602,36.49691390991211
2019-08-14,6.682554721832275,34.79415512084961
2019-08-15,6.5786027908325195,34.12054443359375
2019-08-16,6.652853965759277,34.616390228271484
2019-08-19,6.704828262329102,34.95320510864258
2019-08-20,6.652853965759277,34.578983306884766
2019-08-21,6.712253570556641,34.72867202758789
2019-08-22,6.712253570556641,34.859649658203125
2019-08-23,6.511778831481934,33.73695755004883
2019-08-26,6.54890251159668,33.91472625732422
2019-08-27,6.504352569580078,33.577903747558594
2019-08-28,6.682554721832275,34.092472076416016
2019-08-29,6.77165412902832,34.532196044921875
2019-08-30,6.808779239654541,34.70059585571289
2019-09-03,6.756803512573242,34.532196044921875
2019-09-04,6.8310546875,35.776519775390625
2019-09-05,6.935006141662598,36.59864044189453
2019-09-06,6.935006141662598,36.64588928222656
2019-09-09,7.083506107330322,37.40187454223633
2019-09-10,6.994405269622803,37.40187454223633
2019-09-11,6.994405269622803,37.28846740722656
2019-09-12,6.986979961395264,36.91992950439453
2019-09-13,7.016680717468262,36.72148895263672
2019-09-16,6.905306339263916,35.16228103637695
2019-09-17,6.890456199645996,36.182861328125
2019-09-18,6.868180751800537,36.07891082763672
2019-09-19,6.756803512573242,35.700923919677734
2019-09-20,6.808779239654541,35.3134765625
2019-09-23,6.801354885101318,35.190635681152344
2019-09-24,6.7642292976379395,34.74650573730469
2019-09-25,6.8310546875,35.067787170410156
2019-09-26,6.786506175994873,35.540279388427734
2019-09-27,6.7419538497924805,35.36072540283203
2019-09-30,6.801354885101318,35.41743469238281
2019-10-01,6.608302593231201,34.12282180786133
2019-10-02,6.392976760864258,32.77151870727539
2019-10-03,6.467226505279541,33.05500793457031
2019-10-04,6.489500999450684,32.988868713378906
2019-10-07,6.444952487945557,32.83766174316406
2019-10-08,6.340999603271484,32.01554489135742
2019-10-09,6.3558526039123535,32.26122283935547
2019-10-10,6.400401592254639,32.75262451171875
2019-10-11,6.519202709197998,33.61253356933594
2019-10-14,6.54890251159668,33.546390533447266
2019-10-15,6.7345290184021,34.26456832885742
2019-10-16,6.7345290184021,34.63311004638672
2019-10-17,6.7642292976379395,34.19841766357422
2019-10-18,6.897880554199219,34.17952346801758
2019-10-21,6.814863681793213,33.952728271484375
2019-10-22,6.845052242279053,34.31181716918945
2019-10-23,6.950709819793701,34.595306396484375
2019-10-24,6.490347385406494,33.848777770996094
2019-10-25,6.580911636352539,34.71815490722656
2019-10-28,6.497894763946533,34.623661041259766
2019-10-29,6.520535945892334,36.10725784301758
2019-10-30,6.445065975189209,35.823768615722656
2019-10-31,6.4828009605407715,35.11503219604492
2019-11-01,6.709206581115723,35.88046646118164
2019-11-04,6.792224407196045,36.27735137939453
2019-11-05,6.807317733764648,36.12615966796875
2019-11-06,6.731848239898682,36.305694580078125
2019-11-07,6.709206581115723,36.37185287475586
2019-11-08,6.822412014007568,36.54193878173828
2019-11-11,6.852599143981934,36.58919143676758
2019-11-12,6.822412014007568,36.466346740722656
2019-11-13,6.648833751678467,35.14337921142578
2019-11-14,6.633737564086914,34.77484893798828
2019-11-15,6.754489898681641,34.859901428222656
2019-11-18,6.754489898681641,34.60475540161133
2019-11-19,6.7167534828186035,34.37796401977539
2019-11-20,6.5884575843811035,33.33849334716797
2019-11-21,6.573362827301025,32.762054443359375
2019-11-22,6.709206581115723,33.385746002197266
2019-11-25,6.792224407196045,33.83932876586914
2019-11-26,6.799772262573242,33.9338264465332
2019-11-27,6.867692947387695,34.15116882324219
2019-11-29,6.837504863739014,34.01887130737305
2019-12-02,6.799772262573242,33.905479431152344
2019-12-03,6.709206581115723,33.57474136352539
2019-12-04,6.754489898681641,33.82987976074219
2019-12-05,6.7393951416015625,33.72481918334961
2019-12-06,6.807317733764648,33.94449234008789
2019-12-09,6.799772262573242,33.79166793823242
2019-12-10,6.845052242279053,33.5338020324707
2019-12-11,6.875240325927734,33.6579704284668
2019-12-12,7.033724308013916,34.4793586730957
2019-12-13,6.965801239013672,34.049556732177734
2019-12-16,7.08655309677124,34.48889923095703
2019-12-17,7.08655309677124,34.679927825927734
2019-12-18,7.199757099151611,35.63503646850586
2019-12-19,7.101646423339844,35.5872802734375
2019-12-20,7.15447473526001,35.57772445678711
2019-12-23,7.1242876052856445,35.11928176879883
2019-12-24,7.146929740905762,34.93780517578125
2019-12-26,7.131834983825684,34.84229278564453
2019-12-27,7.063912391662598,34.91870880126953
2019-12-30,6.980897426605225,34.8040885925293
2019-12-31,7.0186309814453125,34.95690155029297
2020-01-02,7.109194278717041,35.70188903808594
2020-01-03,6.950709819793701,34.68947219848633
2020-01-06,6.912974834442139,34.23102951049805
2020-01-07,6.980897426605225,33.57200622558594
2020-01-08,6.980897426605225,33.09444808959961
2020-01-09,6.988444805145264,33.50514602661133
2020-01-10,6.980897426605225,33.09444808959961
2020-01-13,6.973349571228027,33.409637451171875
2020-01-14,7.01108455657959,33.57200622558594
2020-01-15,6.935615062713623,33.57200622558594
2020-01-16,6.920522689819336,33.95404815673828
2020-01-17,6.912974834442139,34.00179672241211
2020-01-21,6.950709819793701,33.419193267822266
2020-01-22,6.912974834442139,33.342777252197266
2020-01-23,6.897880554199219,33.31412124633789
2020-01-24,6.792224407196045,32.769710540771484
2020-01-27,6.709206581115723,31.91011619567871
2020-01-28,6.769583702087402,32.12979507446289
2020-01-29,6.800283432006836,32.09158706665039
2020-01-30,6.784933090209961,31.833709716796875
2020-01-31,6.7695817947387695,31.891014099121094
2020-02-03,6.892386436462402,32.206199645996094
2020-02-04,7.04589319229126,32.827022552490234
2020-02-05,6.378145694732666,33.4573860168457
2020-02-06,6.33209228515625,32.788822174072266
2020-02-07,6.224639415740967,32.120243072509766
2020-02-10,6.186263561248779,32.71240997314453
2020-02-11,6.216964244842529,33.43828201293945
2020-02-12,6.3244171142578125,33.89674377441406
2020-02-13,6.33209228515625,33.70572280883789
2020-02-14,6.216964244842529,33.199501037597656
2020-02-18,6.186263561248779,32.8652229309082
2020-02-19,6.1402106285095215,33.35233688354492
2020-02-20,6.16323709487915,33.70572280883789
2020-02-21,6.055782318115234,33.09444808959961
2020-02-24,5.81017541885376,31.604482650756836
2020-02-25,5.5492167472839355,30.324644088745117
2020-02-26,5.533865928649902,30.563419342041016
2020-02-27,5.349658489227295,29.331329345703125
2020-02-28,5.341983795166016,29.130752563476562
2020-03-02,5.526189804077148,30.00945472717285
2020-03-03,5.349658489227295,29.149860382080078
2020-03-04,5.434086799621582,30.114517211914062
2020-03-05,5.1731276512146,29.09942054748535
2020-03-06,4.981245994567871,27.736291885375977
2020-03-09,4.528406143188477,23.8692569732666
2020-03-10,4.804716110229492,26.218482971191406
2020-03-11,4.528406143188477,25.135713577270508
2020-03-12,4.106266021728516,22.274106979370117
2020-03-13,4.321173191070557,23.888591766357422
2020-03-16,3.8453078269958496,20.301918029785156
2020-03-17,3.8453078269958496,19.64452362060547
2020-03-18,3.453868865966797,16.241539001464844
2020-03-19,3.4308433532714844,17.12128257751465
2020-03-20,3.3233895301818848,17.536991119384766
2020-03-23,3.0777812004089355,17.014942169189453
2020-03-24,3.799255847930908,20.408266067504883
2020-03-25,4.136966705322266,20.775632858276367
2020-03-26,4.029513835906982,21.8100643157959
2020-03-27,3.983462333679199,20.66929054260254
2020-03-30,3.8606579303741455,20.611282348632812
2020-03-31,3.7071526050567627,20.089235305786133
2020-04-01,3.3771164417266846,18.619762420654297
2020-04-02,3.3464152812957764,17.58533477783203
2020-04-03,3.2543115615844727,17.44031524658203
2020-04-06,3.4768946170806885,18.900117874145508
2020-04-07,3.6150498390197754,20.591947555541992
2020-04-08,3.8606579303741455,22.361114501953125
2020-04-09,4.121616363525391,23.26020050048828
2020-04-13,3.9604368209838867,22.245101928710938
2020-04-14,4.060215950012207,22.216100692749023
2020-04-15,3.8606579303741455,20.939983367919922
2020-04-16,3.791581153869629,20.176240921020508
2020-04-17,3.929734945297241,21.732723236083984
2020-04-20,3.822282075881958,21.63604164123535
2020-04-21,3.6611006259918213,20.533945083618164
2020-04-22,3.6611006259918213,20.591947555541992
2020-04-23,3.753203868865967,20.80463218688965
2020-04-24,3.73785400390625,21.220346450805664
2020-04-27,3.968111515045166,21.70372200012207
2020-04-28,4.129292964935303,21.44269561767578
2020-04-29,4.037189483642578,22.989513397216797
2020-04-30,3.9067087173461914,21.549039840698242
2020-05-01,3.7762300968170166,20.205244064331055
2020-05-04,3.730178117752075,20.060230255126953
2020-05-05,3.814606189727783,20.553279876708984
2020-05-06,3.73785400390625,21.162334442138672
2020-05-07,3.73785400390625,21.69405174255371
2020-05-08,4.021838665008545,23.134523391723633
2020-05-11,3.929734945297241,22.042083740234375
2020-05-12,3.822282075881958,21.8100643157959
2020-05-13,3.6227245330810547,20.746625900268555
2020-05-14,3.753203868865967,21.568370819091797
2020-05-15,3.7608799934387207,21.87774085998535
2020-05-18,4.075565338134766,23.985267639160156
2020-05-19,4.067890167236328,23.8692569732666
2020-05-20,4.213719844818115,24.63299560546875
2020-05-21,4.321173191070557,24.942358016967773
2020-05-22,4.336524486541748,25.116374969482422
2020-05-26,4.482354164123535,26.489173889160156
2020-05-27,4.628183841705322,26.866207122802734
2020-05-28,4.4900288581848145,25.793106079101562
2020-05-29,4.382575988769531,25.019699096679688
2020-06-01,4.505379676818848,26.044464111328125
2020-06-02,4.528406143188477,26.498842239379883
2020-06-03,4.750988960266113,28.103660583496094
2020-06-04,5.042648792266846,28.19066619873047
2020-06-05,5.633645057678223,29.592466354370117
2020-06-08,5.779473781585693,29.660139083862305
2020-06-09,5.556891918182373,28.86739730834961
2020-06-10,5.226853370666504,27.794296264648438
2020-06-11,4.704937934875488,25.619089126586914
2020-06-12,4.958220958709717,27.030555725097656
2020-06-15,4.988921165466309,26.84687614440918
2020-06-16,5.027298450469971,26.856538772583008
2020-06-17,4.858442306518555,26.25715446472168
2020-06-18,4.858442306518555,26.189476013183594
2020-06-19,4.781689643859863,25.706098556518555
2020-06-22,4.820066452026367,25.4934139251709
2020-06-23,4.720288276672363,25.37740135192871
2020-06-24,4.566781997680664,24.439645767211914
2020-06-25,4.628183841705322,24.39130973815918
2020-06-26,4.536081314086914,23.64690399169922
2020-06-29,4.612833499908447,24.458980560302734
2020-06-30,4.666561603546143,24.458980560302734
2020-07-01,4.589807987213135,24.13028335571289
2020-07-02,4.643535137176514,24.400978088378906
2020-07-06,4.750988960266113,24.87468719482422
2020-07-07,4.697261333465576,24.29463005065918
2020-07-08,4.674235820770264,24.110952377319336
2020-07-09,4.482354164123535,22.641477584838867
2020-07-10,4.681910991668701,23.579233169555664
2020-07-13,4.651210784912109,24.033607482910156
2020-07-14,4.881468772888184,24.787675857543945
2020-07-15,5.1731276512146,25.986459732055664
2020-07-16,5.265231609344482,25.95745849609375
2020-07-17,5.219179630279541,25.57075309753418
2020-07-20,5.111725807189941,25.145381927490234
2020-07-21,5.127076148986816,25.28072738647461
2020-07-22,5.249880313873291,25.42573356628418
2020-07-23,5.357334613800049,25.870447158813477
2020-07-24,5.280581951141357,25.37740135192871
2020-07-27,5.318957328796387,24.845685958862305
2020-07-28,5.3803606033325195,25.454742431640625
2020-07-29,5.311281681060791,25.029369354248047
2020-07-30,5.1731276512146,24.362302780151367
2020-07-31,5.0733489990234375,24.06260871887207
2020-08-03,5.134751796722412,24.787675857543945
2020-08-04,5.265231609344482,24.942358016967773
2020-08-05,5.341983795166016,25.454742431640625
2020-08-06,5.318957328796387,25.73509979248047
2020-08-07,5.265231609344482,25.831777572631836
2020-08-10,5.441762447357178,27.04989242553711
2020-08-11,5.5492167472839355,27.571943283081055
2020-08-12,5.4571123123168945,27.098230361938477
2020-08-13,5.3957109451293945,26.634183883666992
2020-08-14,5.403385639190674,26.933879852294922
2020-08-17,5.357334613800049,29.01241111755371
2020-08-18,5.2882561683654785,28.84806251525879
2020-08-19,5.272907257080078,28.248672485351562
2020-08-20,5.249880313873291,27.871639251708984
2020-08-21,5.111725807189941,27.610607147216797
2020-08-24,5.357334613800049,29.302438735961914
2020-08-25,5.326633453369141,28.703044891357422
2020-08-26,5.234529495239258,28.50002670288086
2020-08-27,5.303606986999512,28.703044891357422
2020-08-28,5.326633453369141,29.022077560424805
2020-08-31,5.234529495239258,28.64504051208496
2020-09-01,5.242205619812012,28.799726486206055
2020-09-02,5.33430814743042,29.930830001831055
2020-09-03,5.234529495239258,28.50002670288086
2020-09-04,5.295932769775391,29.00274085998535
2020-09-08,5.3957109451293945,31.30362892150879
2020-09-09,5.349658489227295,30.887922286987305
2020-09-10,5.303606986999512,29.16709327697754
2020-09-11,5.372684478759766,29.447450637817383
2020-09-14,5.464787483215332,30.143518447875977
2020-09-15,5.403385639190674,30.53022003173828
2020-09-16,5.388036251068115,30.733243942260742
2020-09-17,5.587591648101807,30.858924865722656
2020-09-18,5.5492167472839355,30.452882766723633
2020-09-21,5.272907257080078,29.00274085998535
2020-09-22,5.203827857971191,28.461360931396484
2020-09-23,5.096375465393066,28.364681243896484
2020-09-24,5.111725807189941,28.142330169677734
2020-09-25,4.996596813201904,28.035982131958008
2020-09-28,5.134751796722412,28.461360931396484
2020-09-29,5.065673828125,27.784629821777344
2020-09-30,5.111725807189941,28.60637664794922
2020-10-01,5.180803298950195,29.3701114654541
2020-10-02,5.2882561683654785,29.447450637817383
2020-10-05,5.388036251068115,29.930830001831055
2020-10-06,5.357334613800049,29.389446258544922
2020-10-07,5.5492167472839355,30.568891525268555
2020-10-08,5.641319274902344,31.139278411865234
2020-10-09,5.564566135406494,31.090940475463867
2020-10-12,5.886928558349609,31.139278411865234
2020-10-13,5.956004619598389,30.81058120727539
2020-10-14,5.81017541885376,30.61722755432129
2020-10-15,5.848551273345947,31.50665283203125
2020-10-16,5.886928558349609,32.33805465698242
2020-10-19,5.825525760650635,32.24137878417969
2020-10-20,5.9406538009643555,34.41658401489258
2020-10-21,6.025082588195801,34.580928802490234
2020-10-22,6.301392078399658,36.16642379760742
2020-10-23,6.263015270233154,35.6057014465332
2020-10-26,6.16323709487915,34.629268646240234
2020-10-27,6.0788092613220215,33.73019027709961
2020-10-28,5.909952640533447,32.95677947998047
2020-10-29,6.06345796585083,33.73019027709961
2020-10-30,5.93297815322876,33.38215637207031
2020-11-02,5.917628765106201,33.4014892578125
2020-11-03,6.048108100891113,34.174896240234375
2020-11-04,5.8639020919799805,34.06856155395508
2020-11-05,6.132535457611084,35.9053955078125
2020-11-06,5.979030609130859,36.224430084228516
2020-11-09,6.293715953826904,37.66489791870117
2020-11-10,6.43187141418457,39.714420318603516
2020-11-11,6.393494129180908,39.21171569824219
2020-11-12,6.301392078399658,38.0129280090332
2020-11-13,6.554675579071045,39.820762634277344
2020-11-16,6.754232883453369,40.729522705078125
2020-11-17,6.715855598449707,40.584503173828125
2020-11-18,6.7695817947387695,41.29990768432617
2020-11-19,6.7695817947387695,41.39657974243164
2020-11-20,6.708181381225586,41.6092643737793
2020-11-23,6.800283432006836,43.28175735473633
2020-11-24,7.253124713897705,44.915584564208984
2020-11-25,6.96914005279541,43.94881820678711
2020-11-27,6.976815223693848,43.56211471557617
2020-11-30,6.96914005279541,42.38267517089844
2020-12-01,7.091944217681885,43.19475173950195
2020-12-02,7.061244487762451,43.098079681396484
2020-12-03,7.0689191818237305,42.62436294555664
2020-12-04,7.168696880340576,42.9240608215332
2020-12-07,7.076593399047852,42.83704376220703
2020-12-08,7.099620342254639,42.3440055847168
2020-12-09,7.253124713897705,42.953060150146484
2020-12-10,6.999841213226318,41.444923400878906
2020-12-11,6.923088073730469,40.52650451660156
2020-12-14,6.838661193847656,40.23646545410156
2020-12-15,7.0228657722473145,40.27513885498047
2020-12-16,6.93843936920166,40.043121337890625
2020-12-17,6.96914005279541,40.63283920288086
2020-12-18,6.869361400604248,39.64674758911133
2020-12-21,6.854011058807373,39.8400993347168
2020-12-22,6.746555805206299,39.5404052734375
2020-12-23,6.9000630378723145,41.038883209228516
2020-12-24,6.800283432006836,40.19780349731445
2020-12-28,6.823309421539307,40.27513885498047
2020-12-29,6.7695817947387695,40.188133239746094
2020-12-30,6.800283432006836,40.449161529541016
2020-12-31,6.746555805206299,40.255802154541016
2021-01-04,6.539326190948486,39.16337203979492
2021-01-05,6.639103412628174,40.27513885498047
2021-01-06,6.784933090209961,41.551265716552734
2021-01-07,6.953789234161377,41.879966735839844
2021-01-08,6.907737731933594,41.62860870361328
2021-01-11,7.13799524307251,43.51377487182617
2021-01-12,7.506407737731934,46.230369567871094
2021-01-13,7.506407737731934,47.11012649536133
2021-01-14,7.8057427406311035,49.81704330444336
2021-01-15,7.5447845458984375,48.30889892578125
2021-01-19,7.690615653991699,53.01701354980469
2021-01-20,8.335335731506348,54.003108978271484
2021-01-21,8.849577903747559,53.24903869628906
2021-01-22,8.841904640197754,53.55839920043945
2021-01-25,8.665373802185059,51.61521911621094
2021-01-26,8.58862018585205,50.31008529663086
2021-01-27,8.281608581542969,47.699851989746094
2021-01-28,8.227883338928223,49.34333419799805
2021-01-29,8.082053184509277,48.995296478271484
2021-02-01,8.312313079833984,49.79771041870117
2021-02-02,8.335335731506348,50.967491149902344
2021-02-03,8.596297264099121,52.44662857055664
2021-02-04,8.726774215698242,52.33061218261719
2021-02-05,8.834229469299316,52.60131072998047
2021-02-08,8.872604370117188,54.98920440673828
2021-02-09,9.156588554382324,54.19646072387695
2021-02-10,9.026111602783203,53.055686950683594
2021-02-11,8.788176536560059,51.721561431884766
2021-02-12,8.788176536560059,51.818233489990234
2021-02-16,8.857254981994629,51.68288040161133
2021-02-17,8.811201095581055,51.131832122802734
2021-02-18,8.772828102111816,50.42609786987305
2021-02-19,8.887956619262695,50.82247543334961
2021-02-22,8.980057716369629,50.252079010009766
2021-02-23,8.918655395507812,49.4109992980957
2021-02-24,9.417550086975098,51.14150619506836
2021-02-25,9.026111602783203,48.91796112060547
2021-02-26,8.980057716369629,49.623687744140625
2021-03-01,9.194966316223145,50.79347229003906
2021-03-02,9.632455825805664,52.311283111572266
2021-03-03,9.34079647064209,50.91914749145508
2021-03-04,9.156588554382324,50.10707092285156
2021-03-05,9.417550086975098,51.96324920654297
2021-03-08,9.709210395812988,53.15236282348633
2021-03-09,9.647807121276855,52.833335876464844
2021-03-10,9.908766746520996,54.94086456298828
2021-03-11,9.832015037536621,54.457481384277344
2021-03-12,10.261828422546387,57.29008102416992
2021-03-15,10.13134765625,56.01396942138672
2021-03-16,9.586405754089355,55.221214294433594
2021-03-17,9.739910125732422,58.0538215637207
2021-03-18,9.586405754089355,57.299747467041016
2021-03-19,9.847363471984863,57.83147430419922
2021-03-22,9.862714767456055,56.16864776611328
2021-03-23,9.37149715423584,54.29314041137695
2021-03-24,9.317770004272461,53.954776763916016
2021-03-25,9.455926895141602,54.718505859375
2021-03-26,9.440576553344727,54.641170501708984
2021-03-29,9.325446128845215,54.0804443359375
2021-03-30,9.563379287719727,56.56501770019531
2021-03-31,9.402198791503906,55.549922943115234
2021-04-01,9.34079647064209,55.87861633300781
2021-04-05,9.747586250305176,59.010921478271484
2021-04-06,9.916441917419434,59.8809928894043
2021-04-07,9.770610809326172,58.80791091918945
2021-04-08,9.601757049560547,58.09249496459961
2021-04-09,9.601757049560547,58.1601676940918
2021-04-12,9.501977920532227,57.676788330078125
2021-04-13,9.363821983337402,56.545684814453125
2021-04-14,9.394522666931152,56.5360107421875
2021-04-15,9.394522666931152,56.66169357299805
2021-04-16,9.386847496032715,56.75837326049805
2021-04-19,9.294744491577148,55.955963134765625
2021-04-20,8.788176536560059,53.916107177734375
2021-04-21,9.003084182739258,55.578922271728516
2021-04-22,9.164265632629395,54.77651596069336
2021-04-23,9.379173278808594,55.617591857910156
2021-04-26,9.417550086975098,56.274993896484375
2021-04-27,9.586405754089355,57.00973129272461
2021-04-28,9.54035472869873,56.60368347167969
2021-04-29,8.642346382141113,54.68949890136719
2021-04-30,8.857254981994629,55.31790542602539
2021-05-03,8.926334381103516,55.2502326965332
2021-05-04,8.757478713989258,53.50039291381836
2021-05-05,8.910981178283691,55.665931701660156
2021-05-06,9.010759353637695,56.76803207397461
2021-05-07,9.072162628173828,57.02906799316406
2021-05-10,8.987733840942383,55.501583099365234
2021-05-11,8.887956619262695,53.87743377685547
2021-05-12,8.696073532104492,51.97291946411133
2021-05-13,8.864931106567383,52.78499221801758
2021-05-14,9.087512016296387,54.138458251953125
2021-05-17,9.325446128845215,54.177127838134766
2021-05-18,9.317770004272461,54.03211212158203
2021-05-19,9.294744491577148,53.684078216552734
2021-05-20,9.586405754089355,53.66474151611328
2021-05-21,10.231124877929688,54.83452606201172
2021-05-24,10.023895263671875,54.718505859375
2021-05-25,9.832015037536621,54.873191833496094
2021-05-26,10.66861629486084,56.14931106567383
2021-05-27,11.420793533325195,57.78313446044922
2021-05-28,11.152156829833984,57.33842086791992
2021-06-01,11.367066383361816,57.667118072509766
2021-06-02,11.443818092346191,57.667118072509766
2021-06-03,12.272747993469238,61.350467681884766
2021-06-04,12.257396697998047,61.263458251953125
2021-06-07,12.18832015991211,61.12812042236328
2021-06-08,11.996438980102539,61.7951774597168
2021-06-09,11.881307601928711,60.683406829833984
2021-06-10,11.59732437133789,59.30094528198242
2021-06-11,11.727804183959961,59.445960998535156
2021-06-14,11.413117408752441,58.769229888916016
2021-06-15,11.512895584106445,58.78856658935547
2021-06-16,11.52824592590332,59.70697784423828
2021-06-17,11.33636474609375,58.08283233642578
2021-06-18,11.144484519958496,56.80670928955078
2021-06-21,11.344038963317871,57.32876205444336
2021-06-22,11.443818092346191,57.270755767822266
2021-06-23,11.835257530212402,58.121498107910156
2021-06-24,11.712454795837402,58.04415512084961
2021-06-25,11.65872573852539,58.29551315307617
2021-06-28,11.482194900512695,56.690696716308594
2021-06-29,11.520572662353516,56.874385833740234
2021-06-30,11.405442237854004,57.20307540893555
2021-07-01,11.443818092346191,57.14507293701172
2021-07-02,11.459168434143066,57.00005340576172
2021-07-06,11.129132270812988,55.549922943115234
2021-07-07,10.921900749206543,54.70883560180664
2021-07-08,10.791421890258789,54.19646072387695
2021-07-09,11.113783836364746,56.80670928955078
2021-07-12,11.2135591506958,57.00973129272461
2021-07-13,11.067731857299805,56.77770233154297
2021-07-14,10.937250137329102,56.071964263916016
2021-07-15,10.753046989440918,55.056880950927734
2021-07-16,10.446032524108887,53.61640930175781
2021-07-19,10.192750930786133,52.37895202636719
2021-07-20,10.676291465759277,54.283470153808594
2021-07-21,10.891199111938477,55.1535530090332
2021-07-22,10.676291465759277,53.79042053222656
2021-07-23,10.607213973999023,53.11369323730469
2021-07-26,10.76839542388916,53.916107177734375
2021-07-27,10.584188461303711,53.17169189453125
2021-07-28,10.637914657592773,53.645408630371094
2021-07-29,11.044705390930176,55.37590789794922
2021-07-30,10.706993103027344,54.950538635253906
2021-08-02,10.676291465759277,55.13420867919922
2021-08-03,10.760721206665039,55.955963134765625
2021-08-04,10.223451614379883,50.967491149902344
2021-08-05,10.522788047790527,52.630306243896484
2021-08-06,10.591865539550781,53.22003173828125
2021-08-09,10.553485870361328,52.15660095214844
2021-08-10,10.607213973999023,52.456295013427734
2021-08-11,10.691643714904785,52.46596145629883
2021-08-12,10.66861629486084,52.8043212890625
2021-08-13,10.430682182312012,51.866573333740234
2021-08-16,10.330904960632324,51.189842224121094
2021-08-17,9.970168113708496,48.79228973388672
2021-08-18,9.977842330932617,49.14998245239258
2021-08-19,9.72455883026123,47.448490142822266
2021-08-20,9.647807121276855,47.17779541015625
2021-08-23,9.770610809326172,46.578407287597656
2021-08-24,10.03924560546875,47.922203063964844
2021-08-25,10.108322143554688,48.047882080078125
2021-08-26,9.901089668273926,47.003780364990234
2021-08-27,10.215776443481445,48.14455032348633
2021-08-30,10.01622200012207,47.535491943359375
2021-08-31,10.000868797302246,47.38081359863281
2021-09-01,10.062271118164062,47.47749710083008
2021-09-02,9.985517501831055,47.32280731201172
2021-09-03,9.893414497375488,47.1971321105957
2021-09-07,9.93946647644043,47.10045623779297
2021-09-08,10.000868797302246,47.342140197753906
2021-09-09,9.7936372756958,46.8104248046875
2021-09-10,9.7322359085083,47.8448600769043
2021-09-13,9.970168113708496,49.130645751953125
2021-09-14,9.870388984680176,49.05330276489258
2021-09-15,10.146697998046875,50.097408294677734
2021-09-16,10.284852981567383,49.80738067626953
2021-09-17,10.399981498718262,49.623687744140625
2021-09-20,9.839689254760742,47.72884750366211
2021-09-21,9.801312446594238,47.72884750366211
2021-09-22,10.154375076293945,49.09197235107422
2021-09-23,10.522788047790527,50.19407653808594
2021-09-24,10.576512336730957,50.49378204345703
2021-09-27,10.868173599243164,51.47019958496094
2021-09-28,10.983302116394043,51.093170166015625
2021-09-29,10.975626945495605,51.170509338378906
2021-09-30,10.868173599243164,50.957820892333984
2021-10-01,10.868173599243164,51.363853454589844
2021-10-04,11.014005661010742,52.18560791015625
2021-10-05,10.967952728271484,52.533634185791016
2021-10-06,10.837472915649414,52.13726806640625
2021-10-07,11.428468704223633,54.5638313293457
2021-10-08,11.604999542236328,56.62302017211914
2021-10-11,11.581972122192383,56.15898132324219
2021-10-12,12.004114151000977,57.00005340576172
2021-10-13,11.90433406829834,55.84961700439453
2021-10-14,11.858282089233398,55.772274017333984
2021-10-15,12.050165176391602,56.071964263916016
2021-10-18,11.942710876464844,54.99886703491211
2021-10-19,11.835257530212402,54.960201263427734
2021-10-20,12.311124801635742,55.752933502197266
2021-10-21,12.702563285827637,56.46833801269531
2021-10-22,12.495330810546875,55.84961700439453
2021-10-25,12.280421257019043,55.8399543762207
2021-10-26,12.234370231628418,55.46290969848633
2021-10-27,11.90433406829834,52.456295013427734
2021-10-28,12.940496444702148,52.43696594238281
2021-10-29,13.10935115814209,52.62063980102539
2021-11-01,13.777100563049316,53.645408630371094
2021-11-02,13.82315444946289,53.742088317871094
2021-11-03,14.299015045166016,54.138458251953125
2021-11-04,14.905364036560059,56.690696716308594
2021-11-05,14.805582046508789,56.57468795776367
2021-11-08,15.465655326843262,57.61878204345703
2021-11-09,15.442631721496582,56.67136001586914
2021-11-10,14.859312057495117,57.299747467041016
2021-11-11,15.005141258239746,59.764991760253906
2021-11-12,14.966764450073242,61.2924690246582
2021-11-15,15.243077278137207,60.87676239013672
2021-11-16,15.189348220825195,60.52872848510742
2021-11-17,15.319823265075684,62.46223831176758
2021-11-18,15.088406562805176,60.258033752441406
2021-11-19,14.95727252960205,59.74565505981445
2021-11-22,15.798086166381836,61.93052673339844
2021-11-23,15.582098960876465,60.954097747802734
2021-11-24,15.620672225952148,60.122684478759766
2021-11-26,15.23497486114502,58.169837951660156
2021-11-29,15.173263549804688,57.87014389038086
2021-11-30,14.802999496459961,55.9463005065918
2021-12-01,15.103838920593262,56.12997817993164
2021-12-02,15.327540397644043,58.99158477783203
2021-12-03,14.764426231384277,57.72512435913086
2021-12-06,14.826135635375977,57.85081100463867
2021-12-07,15.396964073181152,59.484619140625
2021-12-08,15.281254768371582,58.75955581665039
2021-12-09,15.096124649047852,57.638118743896484
2021-12-10,16.546340942382812,61.1087760925293
2021-12-13,15.759520530700684,57.16441345214844
2021-12-14,15.466391563415527,56.45867919921875
2021-12-15,15.574387550354004,56.66169357299805
2021-12-16,15.697808265686035,56.448997497558594
2021-12-17,15.25040340423584,53.32638168334961
2021-12-20,14.980415344238281,52.24360656738281
2021-12-21,15.126977920532227,52.96867752075195
2021-12-22,15.53581428527832,54.21580505371094
2021-12-23,15.620672225952148,55.01820373535156
2021-12-27,16.044933319091797,55.52091979980469
2021-12-28,16.01407814025879,55.21155548095703
2021-12-29,15.8597993850708,55.32756042480469
2021-12-30,15.79037857055664,56.19763946533203
2021-12-31,16.021791458129883,56.6810302734375
2022-01-03,16.793184280395508,59.1365966796875
2022-01-04,18.752521514892578,63.55467987060547
2022-01-05,18.25111198425293,60.65441131591797
2022-01-06,18.868223190307617,60.780086517333984
2022-01-07,18.852802276611328,60.20003128051758
2022-01-10,18.397680282592773,59.0399169921875
2022-01-11,18.783376693725586,59.416954040527344
2022-01-12,18.875940322875977,59.001251220703125
2022-01-13,19.300207138061523,59.71664810180664
2022-01-14,19.43134117126465,59.06892395019531
2022-01-18,18.806514739990234,56.83571243286133
2022-01-19,17.31772804260254,54.37046813964844
2022-01-20,16.700613021850586,52.833335876464844
2022-01-21,15.929224967956543,51.508872985839844
2022-01-24,15.728663444519043,50.89014434814453
2022-01-25,15.41239070892334,50.17474365234375
2022-01-26,15.35839557647705,50.60978698730469
2022-01-27,15.080695152282715,49.73971176147461
2022-01-28,15.150480270385742,48.5699348449707
2022-01-31,15.739748001098633,50.97715759277344
2022-02-01,16.018878936767578,52.27260971069336
2022-02-02,15.995614051818848,51.721561431884766
2022-02-03,15.421852111816406,51.34452819824219
2022-02-04,13.925414085388184,49.585025787353516
2022-02-07,13.871138572692871,49.0243034362793
2022-02-08,13.739327430725098,47.81585693359375
2022-02-09,14.227803230285645,49.033973693847656
2022-02-10,14.01845645904541,48.66660690307617
2022-02-11,13.60751724243164,47.2067985534668
2022-02-14,13.537734031677246,46.79109191894531
2022-02-15,14.01845645904541,48.01887130737305
2022-02-16,13.964181900024414,48.753604888916016
2022-02-17,13.599763870239258,47.1971321105957
2022-02-18,13.987441062927246,46.98444747924805
2022-02-22,13.405925750732422,45.21527099609375
2022-02-23,13.142305374145508,44.83824157714844
2022-02-24,13.29737377166748,44.809234619140625
2022-02-25,13.824618339538574,45.85334014892578
2022-02-28,13.615267753601074,45.16694259643555
2022-03-01,12.948465347290039,43.04007339477539
2022-03-02,14.033965110778809,44.780235290527344
2022-03-03,13.646285057067871,43.40744400024414
2022-03-04,13.064766883850098,40.99054718017578
2022-03-07,12.382452964782715,38.5059814453125
2022-03-08,12.428975105285645,38.863685607910156
2022-03-09,12.692595481872559,40.87453079223633
2022-03-10,12.661581039428711,40.45882034301758
2022-03-11,12.436727523803711,40.130130767822266
2022-03-14,12.204121589660645,39.472740173339844
2022-03-15,12.452235221862793,40.729522705078125
2022-03-16,12.85542106628418,42.39234161376953
2022-03-17,12.85542106628418,42.208656311035156
2022-03-18,13.07252025604248,43.33010482788086
2022-03-21,12.777884483337402,42.16032409667969
2022-03-22,13.250852584838867,43.0787467956543
2022-03-23,12.932957649230957,42.324668884277344
2022-03-24,13.049261093139648,42.87571334838867
2022-03-25,12.77013111114502,42.19899368286133
2022-03-28,12.925202369689941,42.75004196166992
2022-03-29,13.762592315673828,44.72222900390625
2022-03-30,13.390417098999023,43.7168083190918
2022-03-31,13.111289024353027,42.28600311279297
2022-04-01,12.909696578979492,41.53192901611328
2022-04-04,12.917448997497559,41.7446174621582
2022-04-05,12.266149520874023,40.043121337890625
2022-04-06,11.932744979858398,38.186946868896484
2022-04-07,11.599342346191406,37.4328727722168
2022-04-08,11.6691255569458,38.04193115234375
2022-04-11,11.847455024719238,38.989356994628906
2022-04-12,11.909483909606934,38.70899963378906
2022-04-13,12.025789260864258,38.883018493652344
2022-04-14,12.002527236938477,38.7960090637207
2022-04-18,12.149847030639648,39.279380798339844
2022-04-19,12.522017478942871,40.681182861328125
2022-04-20,12.444480895996094,40.33314514160156
2022-04-21,12.173108100891113,39.35672378540039
2022-04-22,11.73115348815918,38.51564025878906
2022-04-25,11.856036186218262,38.496307373046875
2022-04-26,11.481388092041016,36.775482177734375
2022-04-27,11.590658187866211,37.37487030029297
2022-04-28,11.411140441894531,37.461875915527344
2022-04-29,11.052103996276855,36.64979934692383
2022-05-02,11.137960433959961,37.17184829711914
2022-05-03,11.364311218261719,38.6123161315918
2022-05-04,11.69212818145752,39.80143356323242
2022-05-05,11.340895652770996,38.62199020385742
2022-05-06,11.091129302978516,38.2642936706543
2022-05-09,10.43549633026123,36.9881591796875
2022-05-10,10.419886589050293,37.41353988647461
2022-05-11,10.014017105102539,36.03107452392578
2022-05-12,9.709616661071777,34.3779182434082
2022-05-13,10.53696346282959,36.939823150634766
2022-05-16,10.185730934143066,35.86673355102539
2022-05-17,10.560379981994629,36.83347702026367
2022-05-18,9.974989891052246,34.63895034790039
2022-05-19,10.029627799987793,34.9193000793457
2022-05-20,9.756446838378906,34.223236083984375
2022-05-23,10.014017105102539,34.80328369140625
2022-05-24,9.69400691986084,34.03955078125
2022-05-25,9.920356750488281,34.78395080566406
2022-05-26,10.240367889404297,36.176090240478516
2022-05-27,10.63843059539795,37.287864685058594
2022-05-31,10.67745590209961,37.394203186035156
2022-06-01,10.575990676879883,36.997833251953125
2022-06-02,10.841365814208984,37.577884674072266
2022-06-03,10.53696346282959,36.35976791381836
2022-06-06,10.505743980407715,36.57246398925781
2022-06-07,10.724287986755371,37.094512939453125
2022-06-08,10.560379981994629,36.43710708618164
2022-06-09,10.365251541137695,35.43168640136719
2022-06-10,9.951578140258789,33.84619903564453
2022-06-13,9.21789264678955,31.206951141357422
2022-06-14,9.522293090820312,32.096370697021484
2022-06-15,9.57693099975586,33.043785095214844
2022-06-16,8.780803680419922,30.375537872314453
2022-06-17,8.765193939208984,30.82024574279785
2022-06-21,8.94471263885498,31.554988861083984
2022-06-22,8.960323333740234,31.73867416381836
2022-06-23,9.022765159606934,31.89335060119629
2022-06-24,9.373994827270508,33.66252136230469
2022-06-27,9.39741039276123,33.47883987426758
2022-06-28,9.21789264678955,32.86011505126953
2022-06-29,8.99154281616211,32.33805465698242
2022-06-30,8.687142372131348,30.704240798950195
2022-07-01,8.835439682006836,31.11993980407715
2022-07-05,8.741777420043945,31.29395866394043
2022-07-06,8.632505416870117,30.230525970458984
2022-07-07,9.093009948730469,31.574317932128906
2022-07-08,9.069594383239746,31.2359561920166
2022-07-11,8.812024116516113,29.84382438659668
2022-07-12,9.022765159606934,30.481884002685547
2022-07-13,8.98373794555664,30.66556739807129
2022-07-14,8.890076637268066,30.539892196655273
2022-07-15,9.272527694702148,31.777339935302734
2022-07-18,9.334969520568848,31.535648345947266
2022-07-19,9.82669448852539,33.25647735595703
2022-07-20,9.935966491699219,33.6045036315918
2022-07-21,10.146705627441406,33.962215423583984
2022-07-22,10.00621223449707,33.51750183105469
2022-07-25,10.021822929382324,33.37248992919922
2022-07-26,9.787668228149414,32.231712341308594
2022-07-27,10.295002937316895,33.52717590332031
2022-07-28,10.927220344543457,34.55194091796875
2022-07-29,11.465779304504395,35.05464553833008
2022-08-01,11.973113059997559,35.54769515991211
2022-08-02,11.832618713378906,34.9289665222168
2022-08-03,12.246294021606445,36.06974792480469
2022-08-04,11.996524810791016,35.02565002441406
2022-08-05,11.941889762878418,34.861297607421875
2022-08-08,12.316539764404297,36.311439514160156
2022-08-09,11.856036186218262,35.40268325805664
2022-08-10,12.21865463256836,36.688472747802734
2022-08-11,12.478793144226074,37.1815185546875
2022-08-12,12.754698753356934,38.16761016845703
2022-08-15,12.865060806274414,38.09027099609375
2022-08-16,12.951772689819336,37.69390106201172
2022-08-17,12.636453628540039,37.123512268066406
2022-08-18,12.731050491333008,37.4328727722168
2022-08-19,12.518208503723145,38.38029098510742
2022-08-22,11.887567520141602,37.26852798461914
2022-08-23,12.076760292053223,37.27819061279297
2022-08-24,12.234420776367188,37.94525909423828
2022-08-25,12.557622909545898,39.04736328125
2022-08-26,12.14770793914795,37.92592239379883
2022-08-29,12.273836135864258,38.19661331176758
2022-08-30,12.179239273071289,37.91561508178711
2022-08-31,12.013696670532227,37.0241584777832
2022-09-01,11.974281311035156,37.363304138183594
2022-09-02,11.950631141662598,37.27609634399414
2022-09-06,11.848152160644531,37.508644104003906
2022-09-07,12.163474082946777,38.86519241333008
2022-09-08,12.195003509521484,39.243099212646484
2022-09-09,12.155591011047363,40.008583068847656
2022-09-12,12.250185012817383,40.74498748779297
2022-09-13,11.619545936584473,39.27216339111328
2022-09-14,11.556482315063477,39.359375
2022-09-15,11.737789154052734,39.39813232421875
2022-09-16,11.603779792785645,38.729549407958984
2022-09-19,11.769322395324707,40.10546875
2022-09-20,10.31885051727295,37.8477897644043
2022-09-21,10.28731918334961,36.510616302490234
2022-09-22,10.066593170166016,36.21992111206055
2022-09-23,9.703975677490234,34.37889099121094
2022-09-26,9.451720237731934,33.952545166015625
2022-09-27,9.388654708862305,33.632789611816406
2022-09-28,9.601497650146484,34.156028747558594
2022-09-29,9.041803359985352,32.227783203125
2022-09-30,8.828962326049805,31.094100952148438
2022-10-03,9.041803359985352,31.849891662597656
2022-10-04,9.743390083312988,34.68895721435547
2022-10-05,9.861638069152832,33.75875473022461
2022-10-06,9.743390083312988,33.55527114868164
2022-10-07,9.61726188659668,32.57661056518555
2022-10-10,8.955090522766113,31.287891387939453
2022-10-11,9.112751007080078,31.094100952148438
2022-10-12,9.09698486328125,31.200685501098633
2022-10-13,9.278294563293457,31.743309020996094
2022-10-14,9.199463844299316,31.86927604675293
2022-10-17,9.325590133666992,32.528167724609375
2022-10-18,9.483251571655273,33.187068939208984
2022-10-19,9.56208324432373,32.586299896240234
2022-10-20,9.278294563293457,32.40220642089844
2022-10-21,9.609378814697266,33.91379165649414
2022-10-24,9.837987899780273,34.61144256591797
2022-10-25,10.113892555236816,35.86140060424805
2022-10-26,10.106008529663086,36.68502426147461
2022-10-27,10.247901916503906,36.9757194519043
2022-10-28,10.452862739562988,37.64430618286133
2022-10-31,10.539575576782227,38.031890869140625
2022-11-01,10.56322193145752,38.128780364990234
2022-11-02,10.295202255249023,37.324546813964844
2022-11-03,10.452862739562988,37.31485366821289
2022-11-04,10.64993667602539,37.789649963378906
2022-11-07,10.799713134765625,38.16754150390625
2022-11-08,10.815478324890137,37.83809280395508
2022-11-09,10.492276191711426,36.87882614135742
2022-11-10,11.178096771240234,38.50668716430664
2022-11-11,11.430354118347168,39.84385681152344
2022-11-14,11.199356079101562,38.69078826904297
2022-11-15,11.39052677154541,38.99116897583008
2022-11-16,11.071910858154297,37.27609634399414
2022-11-17,11.079874992370605,37.44082260131836
2022-11-18,11.143598556518555,38.53575134277344
2022-11-21,11.111738204956055,38.29351043701172
2022-11-22,11.207322120666504,38.729549407958984
2022-11-23,11.175460815429688,38.86519241333008
2022-11-25,11.215288162231445,39.20433807373047
2022-11-28,10.936497688293457,38.157859802246094
2022-11-29,10.952430725097656,38.51636505126953
2022-11-30,11.071910858154297,39.301239013671875
2022-12-01,11.215288162231445,39.26239776611328
2022-12-02,11.040047645568848,38.74769592285156
2022-12-05,10.657710075378418,37.66975021362305
2022-12-06,10.578054428100586,36.921993255615234
2022-12-07,10.434677124023438,36.86372375488281
2022-12-08,10.450608253479004,37.0967903137207
2022-12-09,10.498401641845703,37.17448425292969
2022-12-12,10.72143268585205,37.378421783447266
2022-12-13,10.809052467346191,37.650325775146484
2022-12-14,10.737361907958984,37.252174377441406
2022-12-15,10.378918647766113,36.53354263305664
2022-12-16,9.654069900512695,35.10599899291992
2022-12-19,9.311555862426758,34.397071838378906
2022-12-20,9.136317253112793,34.18343734741211
2022-12-21,9.383244514465332,34.863216400146484
2022-12-22,9.008870124816895,32.56166076660156
2022-12-23,9.048697471618652,32.85300064086914
2022-12-27,8.92125129699707,32.357730865478516
2022-12-28,8.722118377685547,31.59054183959961
2022-12-29,9.1920747756958,32.69761276245117
2022-12-30,9.263764381408691,32.66849136352539
2023-01-03,9.303592681884766,32.843284606933594
2023-01-04,9.566449165344238,33.68815994262695
2023-01-05,9.757619857788086,33.98920440673828
2023-01-06,10.020475387573242,34.87293243408203
2023-01-09,10.1080961227417,34.88263702392578
2023-01-10,10.227578163146973,36.038272857666016
2023-01-11,10.53026294708252,36.72776794433594
2023-01-12,10.697535514831543,37.22303771972656
2023-01-13,10.131993293762207,35.45560073852539
2023-01-17,10.092166900634766,35.552711486816406
2023-01-18,9.885065078735352,35.38761901855469
2023-01-19,9.701861381530762,34.698116302490234
2023-01-20,9.877098083496094,34.32909393310547
2023-01-23,10.195714950561523,35.38761901855469
2023-01-24,10.14792251586914,35.1545524597168
2023-01-25,10.187750816345215,35.271087646484375
2023-01-26,10.291301727294922,35.42646789550781
2023-01-27,10.570090293884277,36.8540153503418
2023-01-30,10.267403602600098,35.2419548034668
2023-01-31,10.761259078979492,38.184452056884766
2023-02-01,10.98429012298584,38.16502380371094
2023-02-02,11.40645694732666,40.301490783691406
2023-02-03,10.538227081298828,39.942176818847656
2023-02-06,10.466540336608887,40.14611053466797
2023-02-07,10.71346664428711,40.20437240600586
2023-02-08,10.689570426940918,40.369468688964844
2023-02-09,10.745327949523926,40.427738189697266
2023-02-10,10.77919864654541,40.15581512451172
2023-02-13,11.084031105041504,40.80647659301758
2023-02-14,10.982420921325684,41.204627990722656
2023-02-15,10.9485502243042,41.709617614746094
2023-02-16,10.93161392211914,41.85527801513672
2023-02-17,10.914678573608398,41.92325210571289
2023-02-21,10.33041763305664,39.942176818847656
2023-02-22,10.338886260986328,39.7091064453125
2023-02-23,10.22033977508545,38.11646270751953
2023-02-24,10.059456825256348,38.048484802246094
2023-02-27,10.211873054504395,38.17473220825195
2023-02-28,10.22033977508545,37.62119674682617
2023-03-01,10.43203067779541,37.601768493652344
2023-03-02,10.626784324645996,38.47781753540039
2023-03-03,11.07556438446045,39.91842269897461
2023-03-06,10.990888595581055,39.37333297729492
2023-03-07,10.863873481750488,38.68223190307617
2023-03-08,10.990888595581055,38.70169448852539
2023-03-09,10.542107582092285,36.813331604003906
2023-03-10,10.245743751525879,35.54793930053711
2023-03-13,10.186470031738281,34.80815887451172
2023-03-14,10.10179328918457,34.65242385864258
2023-03-15,9.915508270263672,33.41623306274414
2023-03-16,10.008649826049805,33.68878173828125
2023-03-17,9.568338394165039,32.491512298583984
2023-03-20,9.466727256774902,32.72512435913086
2023-03-21,9.92397689819336,34.165733337402344
2023-03-22,9.72075366973877,33.143680572509766
2023-03-23,9.669949531555176,32.8419303894043
2023-03-24,9.746156692504883,32.81272888183594
2023-03-27,9.75462532043457,33.53303909301758
2023-03-28,9.822365760803223,33.30915832519531
2023-03-29,10.203405380249023,34.7497673034668
2023-03-30,10.406625747680664,35.03205108642578
2023-03-31,10.669120788574219,35.70368194580078
2023-04-03,10.736861228942871,35.30459213256836
2023-04-04,10.770730972290039,34.7887077331543
2023-04-05,10.525172233581543,34.156002044677734
2023-04-06,10.440496444702148,33.669307708740234
2023-04-10,10.770730972290039,34.778961181640625
2023-04-11,10.897744178771973,34.46748352050781
2023-04-12,10.728394508361816,33.698516845703125
2023-04-13,10.550576210021973,33.610904693603516
2023-04-14,10.601380348205566,33.57197189331055
2023-04-17,10.736861228942871,34.20466995239258
2023-04-18,10.77919864654541,34.389610290527344
2023-04-19,10.347352981567383,33.659576416015625
2023-04-20,10.050989151000977,32.64725112915039
2023-04-21,10.00018310546875,32.65699005126953
2023-04-24,10.296547889709473,33.377296447753906
2023-04-25,10.090789794921875,32.034027099609375
2023-04-26,9.893603324890137,31.362394332885742
2023-04-27,9.953615188598633,31.849084854125977
2023-04-28,10.18509578704834,32.160560607910156
2023-05-01,10.339415550231934,32.5888557434082
2023-05-02,10.116507530212402,32.199501037597656
2023-05-03,10.107935905456543,31.615467071533203
2023-05-04,9.910750389099121,30.846498489379883
2023-05-05,10.279401779174805,32.37470626831055
2023-05-08,10.305121421813965,32.76406478881836
2023-05-09,10.167948722839355,32.3941764831543
2023-05-10,10.193669319152832,32.199501037597656
2023-05-11,10.176521301269531,32.238441467285156
2023-05-12,10.005054473876953,31.537599563598633
2023-05-15,9.97933578491211,31.508394241333008
2023-05-16,9.644975662231445,30.70049285888672
2023-05-17,9.859309196472168,31.576536178588867
2023-05-18,9.97933578491211,32.0242919921875
2023-05-19,9.987909317016602,31.790681838989258
2023-05-22,9.970762252807617,31.98535919189453
2023-05-23,10.05649471282959,32.530452728271484
2023-05-24,9.713562965393066,31.420793533325195
2023-05-25,9.756428718566895,31.547332763671875
2023-05-26,10.365135192871094,32.40391159057617
2023-05-30,10.79379940032959,32.4720458984375
2023-05-31,10.287975311279297,31.547332763671875
2023-06-01,10.382281303405762,32.23059844970703
2023-06-02,10.622335433959961,33.460479736328125
2023-06-05,10.79379940032959,33.314064025878906
2023-06-06,11.08529281616211,34.39753341674805
2023-06-07,11.651131629943848,35.354103088378906
2023-06-08,11.642558097839355,34.992942810058594
2023-06-09,11.779730796813965,35.36385726928711
2023-06-12,11.814023971557617,35.79334259033203
2023-06-13,12.114090919494629,36.749908447265625
2023-06-14,12.174101829528809,36.46684646606445
2023-06-15,12.388436317443848,37.120826721191406
2023-06-16,12.362716674804688,37.0525016784668
2023-06-20,12.191248893737793,36.42779541015625
2023-06-21,12.019783973693848,36.12520980834961
2023-06-22,12.165529251098633,35.783573150634766
2023-06-23,12.019783973693848,35.31505584716797
2023-06-26,12.096942901611328,35.8226203918457
2023-06-27,12.354142189025879,36.58397674560547
2023-06-28,12.67992877960205,37.27700424194336
2023-06-29,12.81710147857666,37.28676223754883
2023-06-30,12.971423149108887,37.63816452026367
2023-07-03,13.065727233886719,38.028594970703125
2023-07-05,13.160033226013184,38.47759246826172
2023-07-06,12.842820167541504,38.516639709472656
2023-07-07,12.842820167541504,38.663063049316406
2023-07-10,12.919981002807617,38.69233703613281
2023-07-11,13.05715560913086,39.01444625854492
2023-07-12,13.048582077026367,39.443931579589844
2023-07-13,13.02286148071289,39.53178024291992
2023-07-14,12.842820167541504,39.043731689453125
2023-07-17,12.079795837402344,37.82361602783203
2023-07-18,12.148384094238281,38.19453048706055
2023-07-19,12.088371276855469,38.29214096069336
2023-07-20,12.028356552124023,38.32141876220703
2023-07-21,11.942625045776367,37.628395080566406
2023-07-24,12.098623275756836,38.360469818115234
2023-07-25,11.769290924072266,37.013458251953125
2023-07-26,11.847290992736816,37.37461471557617
2023-07-27,11.899291038513184,38.03835678100586
2023-07-28,11.491958618164062,37.14034652709961
2023-07-31,11.448625564575195,37.452701568603516
2023-08-01,11.630624771118164,37.20867156982422
2023-08-02,11.301294326782227,36.49612808227539
2023-08-03,11.353293418884277,36.0373649597168
2023-08-04,11.171293258666992,35.69572448730469
2023-08-07,11.214627265930176,36.20330047607422
2023-08-08,11.162627220153809,35.95927810668945
2023-08-09,11.032626152038574,35.39314651489258
2023-08-10,10.538629531860352,33.34334182739258
2023-08-11,10.521295547485352,33.079795837402344
2023-08-14,10.573294639587402,33.25550079345703
2023-08-15,10.382627487182617,32.50390625
2023-08-16,10.235296249389648,32.03538131713867
2023-08-17,10.252628326416016,32.13298797607422
2023-08-18,10.365296363830566,32.328208923339844
2023-08-21,10.37396240234375,32.47462463378906
2023-08-22,10.287296295166016,32.14275360107422
2023-08-23,10.365296363830566,32.7576904296875
2023-08-24,10.183297157287598,32.09394073486328
2023-08-25,10.3219633102417,32.16227722167969
2023-08-28,10.3132963180542,32.328208923339844
2023-08-29,10.443296432495117,32.66008377075195
2023-08-30,10.425962448120117,32.59175491333008
2023-08-31,10.512628555297852,32.79728698730469
2023-09-01,10.521295547485352,32.82665252685547
2023-09-05,10.4779634475708,32.572181701660156
2023-09-06,10.4606294631958,32.12196731567383
2023-09-07,10.365296363830566,31.877283096313477
2023-09-08,10.65996265411377,32.249202728271484
2023-09-11,10.590628623962402,31.926218032836914
2023-09-12,10.789961814880371,32.75814437866211
2023-09-13,10.954628944396973,32.94409942626953
2023-09-14,10.937294006347656,32.94409942626953
2023-09-15,10.928627014160156,33.22793197631836
2023-09-18,10.694628715515137,32.63090133666992
2023-09-19,10.885294914245605,33.23772048950195
2023-09-20,10.711960792541504,32.49388122558594
2023-09-21,10.573294639587402,32.01430130004883
2023-09-22,10.772628784179688,31.88707160949707
2023-09-25,10.902626037597656,32.35686111450195
2023-09-26,10.772628784179688,31.573875427246094
2023-09-27,10.73796272277832,31.66196060180664
2023-09-28,10.885294914245605,32.45473098754883
2023-09-29,10.763962745666504,32.268775939941406
2023-10-02,10.668628692626953,31.779409408569336
2023-10-03,10.4606294631958,30.712589263916016
2023-10-04,10.39129638671875,30.37982177734375
2023-10-05,10.3132963180542,29.665348052978516
2023-10-06,10.399962425231934,30.242799758911133
2023-10-09,10.4606294631958,30.33088493347168
2023-10-10,10.573294639587402,30.81046485900879
2023-10-11,10.616629600524902,30.32109832763672
2023-10-12,10.399962425231934,29.675134658813477
2023-10-13,10.235296249389648,29.0291748046875
2023-10-16,10.339295387268066,29.420665740966797
2023-10-17,10.4346284866333,29.684925079345703
2023-10-18,10.183297157287598,28.85300064086914
2023-10-19,9.992630004882812,28.706193923950195
2023-10-20,10.087964057922363,29.0291748046875
2023-10-23,9.949296951293945,28.59853172302246
2023-10-24,9.871298789978027,27.952566146850586
2023-10-25,10.001297950744629,28.39299964904785
2023-10-26,9.83663272857666,27.94278335571289
2023-10-27,8.63196849822998,26.641067504882812
2023-10-30,8.467304229736328,26.778091430664062
2023-10-31,8.581727027893066,27.60022735595703
2023-11-01,8.722554206848145,27.404483795166016
2023-11-02,8.924996376037598,28.187463760375977
2023-11-03,9.294668197631836,29.13683319091797
2023-11-06,9.074625015258789,28.49087142944336
2023-11-07,8.951401710510254,27.805761337280273
2023-11-08,8.845780372619629,26.97383689880371
2023-11-09,8.53771686553955,26.08319091796875
2023-11-10,8.678545951843262,26.27893829345703
2023-11-13,8.64333724975586,26.32787322998047
2023-11-14,9.153841018676758,27.60022735595703
2023-11-15,9.215453147888184,27.541500091552734
2023-11-16,8.942598342895508,26.895538330078125
2023-11-17,9.039419174194336,27.4338436126709
2023-11-20,9.101030349731445,27.913419723510742
2023-11-21,8.969003677368164,27.30660629272461
2023-11-22,9.030616760253906,27.50235366821289
2023-11-24,9.153841018676758,27.580650329589844
2023-11-27,9.101030349731445,27.893842697143555
2023-11-28,9.127435684204102,28.275548934936523
2023-11-29,9.321075439453125,30.92791175842285
2023-11-30,9.030616760253906,31.016250610351562
2023-12-01,9.312273025512695,31.76220703125
2023-12-04,9.41789436340332,32.45909118652344
2023-12-05,9.329877853393555,32.07630157470703
2023-12-06,9.40909194946289,32.30205154418945
2023-12-07,9.523515701293945,32.890960693359375
2023-12-08,9.690749168395996,33.12652587890625
2023-12-11,9.743558883666992,32.95967483520508
2023-12-12,9.822775840759277,32.80262756347656
2023-12-13,9.893190383911133,33.36210250854492
2023-12-14,10.632538795471191,35.580352783203125
2023-12-15,10.579729080200195,35.06995391845703
2023-12-18,10.50051212310791,34.785308837890625
2023-12-19,10.579729080200195,35.20737075805664
2023-12-20,10.386088371276855,34.81475830078125
2023-12-21,10.861384391784668,35.580352783203125
2023-12-22,10.87018871307373,35.35459899902344
2023-12-26,10.958205223083496,35.46256637573242
2023-12-27,10.905394554138184,35.41349792480469
2023-12-28,10.861384391784668,35.531272888183594
2023-12-29,10.729357719421387,35.25644302368164
2024-01-02,10.70295238494873,35.3840446472168
2024-01-03,10.306873321533203,34.61845016479492
2024-01-04,10.280468940734863,34.83439254760742
2024-01-05,10.430097579956055,35.32515335083008
2024-01-08,10.53571891784668,36.022037506103516
2024-01-09,10.421296119689941,35.864994049072266
2024-01-10,10.412492752075195,35.63923645019531
2024-01-11,10.306873321533203,35.19755554199219
2024-01-12,10.08682918548584,34.60863494873047
2024-01-16,10.08682918548584,34.73623275756836
2024-01-17,9.919595718383789,34.363258361816406
2024-01-18,9.67314624786377,33.94120407104492
2024-01-19,9.857982635498047,34.85402297973633
2024-01-22,9.857982635498047,34.66753387451172
2024-01-23,10.007613182067871,34.57918930053711
2024-01-24,9.708353042602539,34.05898666381836
2024-01-25,9.981207847595215,34.51049041748047
2024-01-26,10.025217056274414,34.530113220214844
2024-01-29,10.166045188903809,34.73623275756836
2024-01-30,10.368485450744629,37.44525146484375
2024-01-31,10.31567668914795,38.0832405090332
2024-02-01,10.650142669677734,38.151947021484375
2024-02-02,10.685349464416504,38.19121170043945
2024-02-05,10.201252937316895,37.09189987182617
2024-02-06,10.623736381530762,37.32746505737305
2024-02-07,11.266265869140625,38.00472640991211
2024-02-08,11.292672157287598,37.93601608276367
2024-02-09,11.160645484924316,37.847679138183594
2024-02-12,11.424697875976562,38.55437469482422
2024-02-13,11.160645484924316,37.602298736572266
2024-02-14,11.055024147033691,37.66118240356445
2024-02-15,11.317163467407227,38.269737243652344
2024-02-16,11.11829948425293,37.98509216308594
2024-02-20,11.073103904724121,38.28936004638672
2024-02-21,10.973670959472656,38.760501861572266
2024-02-22,10.955592155456543,38.6132698059082
2024-02-23,10.973670959472656,38.897911071777344
2024-02-26,10.801924705505371,39.05495834350586
2024-02-27,10.847121238708496,39.43775177001953
2024-02-28,11.11829948425293,39.87943649291992
2024-02-29,11.244848251342773,40.34211730957031
2024-03-01,11.253889083862305,40.35196304321289
2024-03-04,11.516026496887207,40.29289627075195
2024-03-05,11.371397972106934,40.01725387573242
2024-03-06,11.19061279296875,39.52503967285156
2024-03-07,11.217730522155762,38.73748779296875
2024-03-08,11.009827613830566,38.885162353515625
2024-03-11,10.946553230285645,38.91469192504883
2024-03-12,10.946553230285645,38.599674224853516
2024-03-13,11.181572914123535,39.633323669433594
2024-03-14,10.919434547424316,38.767024993896484
2024-03-15,10.901357650756836,40.05663299560547
2024-03-18,11.009827613830566,40.18461227416992
2024-03-19,11.11829948425293,40.863868713378906
2024-03-20,11.660654067993164,42.18301010131836
2024-03-21,11.678733825683594,42.744136810302734
2024-03-22,11.669693946838379,42.389747619628906
2024-03-25,11.660654067993164,42.87211608886719
2024-03-26,11.244848251342773,43.31511306762695
2024-03-27,11.805283546447754,43.89592742919922
2024-03-28,12.004146575927734,44.64409637451172
2024-04-01,12.01318645477295,44.693321228027344
2024-04-02,12.004146575927734,44.19125747680664
2024-04-03,12.33859920501709,44.46689987182617
2024-04-04,11.940872192382812,43.00008773803711
2024-04-05,12.004146575927734,43.54153823852539
2024-04-08,12.121658325195312,43.649818420410156
2024-04-09,12.239169120788574,44.033748626708984
2024-04-10,11.805283546447754,43.256046295166016
2024-04-11,11.787205696105957,43.1576042175293
2024-04-12,11.398516654968262,42.40943145751953
2024-04-15,11.055024147033691,42.02550506591797
2024-04-16,10.928475379943848,41.9959716796875
2024-04-17,10.88327693939209,41.7990837097168
2024-04-18,10.901357650756836,41.779388427734375
2024-04-19,10.973670959472656,41.71048355102539
2024-04-22,11.642577171325684,42.53740692138672
2024-04-23,11.69681167602539,44.397987365722656
2024-04-24,11.705851554870605,44.3783073425293
2024-04-25,11.787205696105957,44.90989685058594
2024-04-26,11.561223030090332,45.12647247314453
2024-04-29,11.525065422058105,45.3233642578125
2024-04-30,10.982709884643555,43.83686447143555
2024-05-01,11.027905464172363,43.77779769897461
2024-05-02,11.290044784545898,43.97468566894531
2024-05-03,11.235810279846191,44.16172790527344
2024-05-06,11.29908275604248,44.358612060546875
2024-05-07,11.134401321411133,44.5751838684082
2024-05-08,11.116103172302246,44.34876251220703
2024-05-09,11.09780502319336,44.65394592285156
2024-05-10,10.969717979431152,44.50627517700195
2024-05-13,11.28078556060791,44.46689987182617
2024-05-14,11.381425857543945,44.329078674316406
2024-05-15,11.26248836517334,44.78192138671875
2024-05-16,11.326531410217285,45.156005859375
2024-05-17,11.235041618347168,45.0477180480957
2024-05-20,11.116103172302246,44.407833099365234
2024-05-21,11.116103172302246,44.220787048339844
2024-05-22,11.006314277648926,43.285579681396484
2024-05-23,11.079506874084473,43.049312591552734
2024-05-24,11.125252723693848,43.42340087890625
2024-05-28,10.686098098754883,42.419273376464844
2024-05-29,10.576310157775879,41.97628402709961
2024-05-30,10.768439292907715,42.73429870605469
2024-05-31,11.09780502319336,44.289703369140625
2024-06-03,11.15269947052002,45.02803039550781
2024-06-04,11.006314277648926,44.55549621582031
2024-06-05,11.042911529541016,44.90989685058594
2024-06-06,11.042911529541016,44.90005111694336
2024-06-07,11.116103172302246,45.127071380615234
2024-06-10,11.326531410217285,46.95307540893555
2024-06-11,11.079506874084473,47.584774017333984
2024-06-12,11.0520601272583,48.22634506225586
2024-06-13,10.923973083496094,47.03204345703125
2024-06-14,10.713544845581055,46.163448333740234
2024-06-17,10.841632843017578,46.785282135009766
2024-06-18,10.777586936950684,46.82476043701172
2024-06-20,10.923973083496094,47.15048599243164
2024-06-21,10.832483291625977,47.101131439208984
2024-06-24,11.189295768737793,47.48607635498047
2024-06-25,11.061209678649902,45.80812072753906
2024-06-26,11.079506874084473,45.17641830444336
2024-06-27,11.189295768737793,44.988887786865234
2024-06-28,11.472916603088379,45.85747528076172
2024-07-01,11.674196243286133,46.07461929321289
2024-07-02,11.774835586547852,46.34111785888672
2024-07-03,11.774835586547852,46.10422897338867
2024-07-05,11.747387886047363,45.916690826416016
2024-07-08,11.875475883483887,45.94630813598633
2024-07-09,11.802281379699707,45.660064697265625
2024-07-10,12.049307823181152,45.92656326293945
2024-07-11,12.323779106140137,47.30841064453125
2024-07-12,12.836125373840332,48.37439727783203
2024-07-15,13.019107818603516,48.660640716552734
2024-07-16,13.165491104125977,49.12454605102539
2024-07-17,13.247833251953125,49.25286102294922
2024-07-18,13.31187629699707,49.006103515625
2024-07-19,12.790380477905273,47.67361068725586
2024-07-22,12.91846752166748,48.917266845703125
2024-07-23,12.653143882751465,45.77851486206055
2024-07-24,12.506760597229004,45.8870849609375
2024-07-25,10.210347175598145,43.55769348144531
2024-07-26,10.237793922424316,43.54781723022461
2024-07-29,10.073111534118652,43.577430725097656
2024-07-30,9.917576789855957,43.65639114379883
2024-07-31,9.899279594421387,43.7452278137207
2024-08-01,9.780341148376465,42.80754470825195
2024-08-02,9.176502227783203,40.636077880859375
2024-08-05,8.883733749389648,39.4318962097168
2024-08-06,8.947776794433594,40.083335876464844
2024-08-07,9.077859878540039,40.12281799316406
2024-08-08,9.412355422973633,42.175846099853516
2024-08-09,9.384481430053711,42.91611862182617
2024-08-12,9.161482810974121,42.43247985839844
2024-08-13,9.421647071838379,42.75819778442383
2024-08-14,9.458812713623047,43.044437408447266
2024-08-15,9.718976020812988,44.27822494506836
2024-08-16,9.765435218811035,44.73225402832031
2024-08-19,9.960556983947754,45.16655349731445
2024-08-20,9.923391342163086,45.38369369506836
2024-08-21,10.081347465515137,45.956172943115234
2024-08-22,10.146388053894043,45.85747528076172
2024-08-23,10.471593856811523,47.94010925292969
2024-08-26,10.322927474975586,48.11777114868164
2024-08-27,10.35080337524414,48.611289978027344
2024-08-28,10.257887840270996,48.413883209228516
2024-08-29,10.322927474975586,48.828433990478516
2024-08-30,10.397261619567871,49.13441467285156
2024-09-03,10.20213794708252,47.78218460083008
2024-09-04,10.174263000488281,47.8216667175293
2024-09-05,10.0070161819458,47.52555465698242
2024-09-06,9.830475807189941,46.644901275634766
2024-09-09,9.904808044433594,46.90217590332031
2024-09-10,9.588894844055176,44.34926986694336
2024-09-11,9.709685325622559,44.200843811035156
2024-09-12,9.86764144897461,45.635616302490234
2024-09-13,9.932682037353516,45.813720703125
2024-09-16,10.034891128540039,46.37773132324219
2024-09-17,10.12780475616455,47.02090835571289
2024-09-18,10.20213794708252,48.1489372253418
2024-09-19,10.146388053894043,48.10935592651367
2024-09-20,10.109222412109375,48.36662673950195
2024-09-23,10.137096405029297,47.53544616699219
2024-09-24,10.099930763244629,47.56513214111328
2024-09-25,9.68181037902832,45.24971008300781
2024-09-26,9.923391342163086,45.32887268066406
2024-09-27,10.01630687713623,45.9918327331543
2024-09-30,9.81189250946045,44.369056701660156
2024-10-01,9.988431930541992,44.40863800048828
2024-10-02,9.73755931854248,44.34926986694336
2024-10-03,9.709685325622559,44.50758743286133
2024-10-04,9.821184158325195,45.200233459472656
2024-10-07,9.746850967407227,45.49708557128906
2024-10-08,9.746850967407227,45.52676773071289
2024-10-09,9.86764144897461,47.42660903930664
2024-10-10,9.923391342163086,47.189125061035156
2024-10-11,9.960556983947754,47.36722946166992
2024-10-14,10.146388053894043,48.1192512512207
2024-10-15,10.072056770324707,47.34744644165039
2024-10-16,10.24859619140625,48.495262145996094
2024-10-17,10.285761833190918,48.86137771606445
2024-10-18,10.313636779785156,48.663475036621094
2024-10-21,10.109222412109375,48.41610336303711
2024-10-22,10.322927474975586,53.165687561035156
2024-10-23,10.276472091674805,52.364192962646484
2024-10-24,10.443718910217285,52.166297912597656
2024-10-25,10.285761833190918,51.52312088012695
2024-10-28,10.564509391784668,52.17619323730469
2024-10-29,9.672518730163574,50.99869155883789
2024-10-30,9.72826862335205,51.42417526245117
2024-10-31,9.561019897460938,50.22687911987305
2024-11-01,9.495979309082031,50.424781799316406
2024-11-04,9.626060485839844,51.255958557128906
2024-11-05,9.84906005859375,53.13600540161133
2024-11-06,10.397261619567871,54.471824645996094
2024-11-07,10.321918487548828,54.80825424194336
2024-11-08,10.331336975097656,54.99626159667969
2024-11-11,10.576199531555176,57.054412841796875
2024-11-12,10.453767776489258,56.807037353515625
2024-11-13,10.453767776489258,57.103885650634766
2024-11-14,10.425514221191406,57.01483154296875
2024-11-15,10.36900806427002,56.44092559814453
2024-11-18,10.557364463806152,55.65922546386719
2024-11-19,10.406679153442383,54.531192779541016
2024-11-20,10.105307579040527,54.29371643066406
2024-11-21,10.171234130859375,55.095211029052734
2024-11-22,10.5291109085083,57.9152717590332
2024-11-25,10.736302375793457,59.5677375793457
2024-11-26,10.453767776489258,54.21455764770508
2024-11-27,10.453767776489258,54.91709899902344
2024-11-29,10.482022285461426,55.00615692138672
2024-12-02,10.340754508972168,54.46192932128906
2024-12-03,10.190070152282715,53.0964241027832
2024-12-04,10.114726066589355,52.79957580566406
2024-12-05,9.832192420959473,52.82925796508789
2024-12-06,9.898118019104004,52.968101501464844
2024-12-09,9.982878684997559,52.27389144897461
2024-12-10,9.945206642150879,52.303646087646484
2024-12-11,9.803938865661621,51.60943603515625
2024-12-12,9.785103797912598,51.867286682128906
2024-12-13,9.785103797912598,52.09538269042969
2024-12-16,9.408390045166016,51.80778121948242
2024-12-17,9.389555931091309,50.726802825927734
2024-12-18,9.125856399536133,49.57640075683594
2024-12-19,9.172945976257324,49.92350387573242
2024-12-20,9.304795265197754,51.38134002685547
2024-12-23,9.323630332946777,52.12513732910156
2024-12-24,9.436644554138184,53.0672721862793
2024-12-26,9.483734130859375,53.73173141479492
2024-12-27,9.446063041687012,53.830902099609375
2024-12-30,9.304795265197754,53.216033935546875
2024-12-31,9.323630332946777,52.829261779785156
