Date,NKE,ADDYY
2018-01-02,57.670406341552734,93.54190063476562
2018-01-03,57.66133117675781,93.83903503417969
2018-01-04,57.62498474121094,95.45471954345703
2018-01-05,58.115482330322266,96.50396728515625
2018-01-08,58.63324737548828,96.09541320800781
2018-01-09,58.21540451049805,93.86688995361328
2018-01-10,58.33349609375,93.27262115478516
2018-01-11,58.3970832824707,93.40261840820312
2018-01-12,58.74224853515625,95.584716796875
2018-01-16,57.6068229675293,95.68685150146484
2018-01-17,57.9610710144043,94.99971771240234
2018-01-18,58.233577728271484,97.19108581542969
2018-01-19,61.0494270324707,103.8116455078125
2018-01-22,60.30459976196289,104.28519439697266
2018-01-23,60.985836029052734,106.08659362792969
2018-01-24,61.76700210571289,106.59728240966797
2018-01-25,61.50357437133789,105.5108871459961
2018-01-26,61.803340911865234,106.7179946899414
2018-01-29,61.385498046875,105.87301635742188
2018-01-30,61.15842056274414,106.3372802734375
2018-01-31,61.96685028076172,107.76725006103516
2018-02-01,61.4490966796875,106.53229522705078
2018-02-02,61.05851745605469,103.61664581298828
2018-02-05,58.4879035949707,99.02033233642578
2018-02-06,59.241817474365234,102.33524322509766
2018-02-07,59.614261627197266,103.72808074951172
2018-02-08,56.76206970214844,101.30455780029297
2018-02-09,59.487091064453125,101.27670288085938
2018-02-12,59.93217086791992,102.00096893310547
2018-02-13,59.8322639465332,101.53669738769531
2018-02-14,61.73065948486328,102.89238739013672
2018-02-15,62.030433654785156,103.35665130615234
2018-02-16,62.03951644897461,104.05306243896484
2018-02-20,61.30374526977539,104.38733673095703
2018-02-21,60.904090881347656,102.45594787597656
2018-02-22,60.97675323486328,103.02238464355469
2018-02-23,61.91234588623047,104.20162963867188
2018-02-26,63.2657585144043,104.26663970947266
2018-02-27,61.79427719116211,103.01309967041016
2018-02-28,60.885929107666016,102.90166473388672
2018-03-01,60.24098587036133,99.54960632324219
2018-03-02,60.031455993652344,99.6703109741211
2018-03-05,59.26613998413086,100.92386627197266
2018-03-06,59.439247131347656,100.71029663085938
2018-03-07,58.464385986328125,100.94242095947266
2018-03-08,59.32080841064453,100.17173767089844
2018-03-09,60.40498733520508,99.14103698730469
2018-03-12,60.87876892089844,98.19393920898438
2018-03-13,60.286556243896484,99.13175964355469
2018-03-14,60.31389617919922,108.45438385009766
2018-03-15,60.48701095581055,110.32074737548828
2018-03-16,60.0496711730957,111.10074615478516
2018-03-19,59.86743927001953,110.4693374633789
2018-03-20,60.86055374145508,111.05431365966797
2018-03-21,60.45055389404297,112.79998016357422
2018-03-22,58.6921501159668,112.09429168701172
2018-03-23,58.883480072021484,111.3328857421875
2018-03-26,60.04056930541992,113.06925964355469
2018-03-27,60.286556243896484,110.74789428710938
2018-03-28,59.62146759033203,110.4971923828125
2018-03-29,60.53255844116211,113.06925964355469
2018-04-02,58.4188346862793,111.97357940673828
2018-04-03,60.76942443847656,111.9178695678711
2018-04-04,62.33649826049805,114.16495513916016
2018-04-05,63.40248107910156,116.08704376220703
2018-04-06,61.54387664794922,115.7713394165039
2018-04-09,61.206756591796875,115.87348175048828
2018-04-10,61.042762756347656,117.9255599975586
2018-04-11,60.887882232666016,118.34342193603516
2018-04-12,61.74428176879883,120.33049774169922
2018-04-13,61.270538330078125,120.5347900390625
2018-04-16,61.09741973876953,121.30548095703125
2018-04-17,61.507415771484375,122.52188110351562
2018-04-18,60.31389617919922,122.75402069091797
2018-04-19,59.88568115234375,120.5626449584961
2018-04-20,60.21367645263672,120.70193481445312
2018-04-23,60.933433532714844,119.64339447021484
2018-04-24,61.01542663574219,115.15849304199219
2018-04-25,60.74208450317383,114.44351959228516
2018-04-26,61.9994010925293,114.48065948486328
2018-04-27,63.37513732910156,115.40919494628906
2018-04-30,62.309173583984375,114.17423248291016
2018-05-01,62.04494857788086,113.91425323486328
2018-05-02,62.19075012207031,115.13992309570312
2018-05-03,60.9516487121582,108.98365783691406
2018-05-04,62.04494857788086,106.88513946533203
2018-05-07,63.17470932006836,107.78582763671875
2018-05-08,62.372947692871094,107.19155883789062
2018-05-09,61.90830993652344,105.65945434570312
2018-05-10,61.88095474243164,107.5950927734375
2018-05-11,62.34561538696289,106.55899810791016
2018-05-14,62.71915817260742,106.40827178955078
2018-05-15,63.32048797607422,105.29681396484375
2018-05-16,64.99687957763672,108.02838134765625
2018-05-17,64.63243865966797,108.43339538574219
2018-05-18,64.97864532470703,108.16024780273438
2018-05-21,65.03330993652344,109.13041687011719
2018-05-22,64.96952819824219,108.35804748535156
2018-05-23,64.99687957763672,107.29368591308594
2018-05-24,65.76216125488281,107.37846374511719
2018-05-25,65.8259506225586,106.07860565185547
2018-05-29,64.61421203613281,104.27954864501953
2018-05-30,65.80773162841797,108.3392105102539
2018-05-31,65.41595458984375,107.1806411743164
2018-06-01,66.47578430175781,106.52130126953125
2018-06-04,67.45336151123047,107.62335205078125
2018-06-05,67.65436553955078,108.48991394042969
2018-06-06,68.29389190673828,113.52916717529297
2018-06-07,68.30304718017578,109.56369018554688
2018-06-08,68.43094635009766,110.74110412597656
2018-06-11,68.14771270751953,110.37374877929688
2018-06-12,67.87364196777344,108.84783935546875
2018-06-13,67.70918273925781,108.13198852539062
2018-06-14,68.24821472167969,109.2340316772461
2018-06-15,69.28975677490234,110.02523040771484
2018-06-18,69.07964324951172,106.92633056640625
2018-06-19,67.84622192382812,103.88394165039062
2018-06-20,68.26649475097656,103.29995727539062
2018-06-21,67.55387115478516,103.71439361572266
2018-06-22,67.08792114257812,104.92947387695312
2018-06-25,66.1011734008789,103.17749786376953
2018-06-26,66.29303741455078,103.19634246826172
2018-06-27,65.18757629394531,102.00011444091797
2018-06-28,65.50732421875,100.63432312011719
2018-06-29,72.79811096191406,102.66886901855469
2018-07-02,71.5829849243164,101.1900634765625
2018-07-03,69.69175720214844,101.61392211914062
2018-07-05,69.93844604492188,100.35176086425781
2018-07-06,69.87449645996094,100.50247192382812
2018-07-09,70.60540771484375,100.86981201171875
2018-07-10,70.8703384399414,102.31095123291016
2018-07-11,70.67848205566406,100.64375305175781
2018-07-12,70.68762969970703,102.12255096435547
2018-07-13,70.69674682617188,103.65789031982422
2018-07-16,71.03478240966797,104.17594146728516
2018-07-17,70.77897644042969,102.35803985595703
2018-07-18,69.97496795654297,103.86510467529297
2018-07-19,70.30389404296875,103.70497131347656
2018-07-20,70.31301879882812,104.61863708496094
2018-07-23,69.97496795654297,104.81643676757812
2018-07-24,69.00653839111328,104.72224426269531
2018-07-25,70.49577331542969,105.50403594970703
2018-07-26,71.40025329589844,102.98912048339844
2018-07-27,70.24906921386719,103.59194946289062
2018-07-30,69.39940643310547,104.19477081298828
2018-07-31,70.2673568725586,104.19477081298828
2018-08-01,70.84294128417969,103.44124603271484
2018-08-02,71.85707092285156,101.49148559570312
2018-08-03,71.9393081665039,103.51659393310547
2018-08-06,72.64281463623047,102.4616470336914
2018-08-07,73.57469940185547,103.50717163085938
2018-08-08,73.54727935791016,104.20419311523438
2018-08-09,74.24163818359375,112.92633056640625
2018-08-10,73.7574234008789,110.34548950195312
2018-08-13,73.22750854492188,111.86196899414062
2018-08-14,73.21839141845703,112.10686492919922
2018-08-15,72.6976318359375,110.16651916503906
2018-08-16,73.13616180419922,111.71125793457031
2018-08-17,72.862060546875,111.69243621826172
2018-08-20,75.0821762084961,113.0111083984375
2018-08-21,75.78565979003906,114.61236572265625
2018-08-22,75.50244903564453,115.05506134033203
2018-08-23,75.74910736083984,115.22461700439453
2018-08-24,75.32887268066406,117.2685775756836
2018-08-27,75.51158905029297,118.5966796875
2018-08-28,75.4476318359375,119.05821990966797
2018-08-29,75.6395034790039,118.25758361816406
2018-08-30,74.36956787109375,117.7301025390625
2018-08-31,75.28543853759766,117.05194091796875
2018-09-04,72.90413665771484,114.8855209350586
2018-09-05,73.19721221923828,113.56683349609375
2018-09-06,73.63684844970703,112.88866424560547
2018-09-07,73.5452651977539,112.6531753540039
2018-09-10,75.19383239746094,113.50090026855469
2018-09-11,75.67924499511719,113.4255599975586
2018-09-12,76.01814270019531,115.045654296875
2018-09-13,76.44859313964844,115.7332534790039
2018-09-14,76.4669189453125,115.20577239990234
2018-09-17,76.25627136230469,114.26384735107422
2018-09-18,78.08802795410156,115.57312774658203
2018-09-19,77.3278579711914,114.91378784179688
2018-09-20,78.18876647949219,116.5150375366211
2018-09-21,78.35363006591797,116.53388214111328
2018-09-24,77.1812973022461,115.35647583007812
2018-09-25,77.65756225585938,116.73168182373047
2018-09-26,76.65925598144531,115.51660919189453
2018-09-27,77.4286117553711,115.79917907714844
2018-09-28,77.59347534179688,115.06449127197266
2018-10-01,77.3553237915039,116.43026733398438
2018-10-02,75.8074951171875,115.87452697753906
2018-10-03,75.56021118164062,116.31724548339844
2018-10-04,73.43534088134766,113.46321868896484
2018-10-05,73.38040924072266,112.64376068115234
2018-10-08,73.48115539550781,111.965576171875
2018-10-09,73.6551742553711,110.59039306640625
2018-10-10,68.63613891601562,105.07076263427734
2018-10-11,68.24231719970703,104.81643676757812
2018-10-12,69.52455139160156,105.2120361328125
2018-10-15,68.68191528320312,106.39885711669922
2018-10-16,70.96247100830078,109.403564453125
2018-10-17,70.04660034179688,109.55428314208984
2018-10-18,69.24060821533203,106.80387878417969
2018-10-19,67.96753692626953,109.93103790283203
2018-10-22,68.59950256347656,108.50875091552734
2018-10-23,67.17989349365234,107.82115173339844
2018-10-24,66.0533676147461,106.8509750366211
2018-10-25,66.95092010498047,110.94831848144531
2018-10-26,66.00756072998047,109.44125366210938
2018-10-29,66.11747741699219,109.4506607055664
2018-10-30,68.24231719970703,108.5370101928711
2018-10-31,68.72773742675781,111.0425033569336
2018-11-01,70.33052825927734,109.9122085571289
2018-11-02,70.13819885253906,111.36276245117188
2018-11-05,71.00825500488281,111.4286880493164
2018-11-06,70.1290283203125,111.1555404663086
2018-11-07,71.41127014160156,107.85884094238281
2018-11-08,71.23724365234375,107.49148559570312
2018-11-09,69.93669128417969,109.35647583007812
2018-11-12,68.78269958496094,107.0582046508789
2018-11-13,68.87427520751953,109.50717163085938
2018-11-14,68.87427520751953,109.77091217041016
2018-11-15,68.07744598388672,110.3360595703125
2018-11-16,68.45297241210938,110.23245239257812
2018-11-19,66.4197006225586,107.70812225341797
2018-11-20,65.137451171875,106.57782745361328
2018-11-21,66.28231048583984,109.58252716064453
2018-11-23,65.47634887695312,108.13198852539062
2018-11-26,66.59373474121094,106.50247192382812
2018-11-27,66.02587890625,106.0691909790039
2018-11-28,68.37969970703125,107.33135223388672
2018-11-29,68.08659362792969,106.29524993896484
2018-11-30,69.00519561767578,104.2889633178711
2018-12-03,71.59564208984375,105.7206802368164
2018-12-04,69.62067413330078,104.21360778808594
2018-12-06,69.39102935791016,104.16650390625
2018-12-07,67.37008666992188,104.6751480102539
2018-12-10,66.6076431274414,103.62962341308594
2018-12-11,67.5813980102539,105.36274719238281
2018-12-12,68.27033233642578,106.54014587402344
2018-12-13,66.99349212646484,106.90750122070312
2018-12-14,66.62605285644531,103.37530517578125
2018-12-17,64.21013641357422,99.18378448486328
2018-12-18,65.3583755493164,99.57939147949219
2018-12-19,63.35582733154297,99.28739929199219
2018-12-20,62.03303527832031,98.48675537109375
2018-12-21,66.47904968261719,97.71439361572266
2018-12-24,62.556636810302734,97.94986724853516
2018-12-26,67.06697082519531,98.72224426269531
2018-12-27,67.6732406616211,97.48832702636719
2018-12-28,67.37008666992188,98.28895568847656
2018-12-31,68.10499572753906,98.279541015625
2019-01-02,68.03148651123047,98.7975845336914
2019-01-03,66.828125,98.45851135253906
2019-01-04,68.57347106933594,102.4616470336914
2019-01-07,69.55635833740234,102.76305389404297
2019-01-08,70.4841537475586,104.8541030883789
2019-01-09,70.35552978515625,105.58881378173828
2019-01-10,70.19937133789062,106.09744262695312
2019-01-11,69.85032653808594,106.34233856201172
2019-01-14,69.896240234375,106.74736785888672
2019-01-15,71.5405502319336,107.27484130859375
2019-01-16,71.35684967041016,106.45537567138672
2019-01-17,72.68879699707031,107.67986297607422
2019-01-18,73.90135192871094,109.43182373046875
2019-01-22,74.17691802978516,109.5260238647461
2019-01-23,73.94727325439453,111.16494750976562
2019-01-24,73.89216613769531,107.68928527832031
2019-01-25,74.04833221435547,109.63904571533203
2019-01-28,73.78192138671875,109.55428314208984
2019-01-29,73.69004821777344,109.82743072509766
2019-01-30,74.66378784179688,111.58882904052734
2019-01-31,75.21493530273438,112.10686492919922
2019-02-01,74.87506103515625,107.6610336303711
2019-02-04,75.31600189208984,106.13512420654297
2019-02-05,76.11516571044922,108.95145416259766
2019-02-06,75.97737121582031,108.10372161865234
2019-02-07,75.68342590332031,106.90750122070312
2019-02-08,75.65586853027344,106.3046646118164
2019-02-11,76.86842346191406,105.87138366699219
2019-02-12,77.8145751953125,107.67986297607422
2019-02-13,78.44842529296875,105.77719116210938
2019-02-14,77.7870101928711,104.92005157470703
2019-02-15,78.43001556396484,106.24815368652344
2019-02-19,77.68598175048828,107.89649963378906
2019-02-20,77.93399047851562,108.527587890625
2019-02-21,77.11643981933594,108.42398071289062
2019-02-22,77.86051940917969,109.1680908203125
2019-02-25,78.23715209960938,112.47421264648438
2019-02-26,78.81584930419922,115.05506134033203
2019-02-27,79.15573120117188,114.27328491210938
2019-02-28,78.75155639648438,114.34862518310547
2019-03-01,80.27114868164062,116.01582336425781
2019-03-04,78.87129211425781,115.13983917236328
2019-03-05,78.68708801269531,115.40357208251953
2019-03-06,78.40159606933594,115.99697875976562
2019-03-07,78.52133178710938,113.65161895751953
2019-03-08,78.09767150878906,111.78662109375
2019-03-11,79.03704833984375,112.92633056640625
2019-03-12,78.6778793334961,112.40828704833984
2019-03-13,79.13835144042969,109.2717056274414
2019-03-14,80.00407409667969,113.35961151123047
2019-03-15,79.9395980834961,113.41612243652344
2019-03-18,80.87899780273438,111.23088073730469
2019-03-19,80.75926208496094,112.1822280883789
2019-03-20,79.83830261230469,112.95458984375
2019-03-21,81.05394744873047,111.9090576171875
2019-03-22,75.6939468383789,111.673583984375
2019-03-25,75.8228988647461,113.33136749267578
2019-03-26,76.78988647460938,113.79290771484375
2019-03-27,76.5228042602539,113.68928527832031
2019-03-28,77.39775085449219,113.76464080810547
2019-03-29,77.5542984008789,114.77249145507812
2019-04-01,78.49366760253906,115.85570526123047
2019-04-02,77.70165252685547,117.29682922363281
2019-04-03,77.79375457763672,118.36119842529297
2019-04-04,78.53972625732422,119.8117446899414
2019-04-05,78.6502456665039,120.36746215820312
2019-04-08,78.033203125,119.05821990966797
2019-04-09,77.61876678466797,119.05821990966797
2019-04-10,78.17134857177734,120.36746215820312
2019-04-11,78.28187561035156,119.39730834960938
2019-04-12,79.42384338378906,119.7740707397461
2019-04-15,79.96723937988281,120.7630844116211
2019-04-16,80.8605728149414,121.97815704345703
2019-04-17,81.71705627441406,122.2607192993164
2019-04-18,82.14990997314453,122.72225189208984
2019-04-22,80.45533752441406,123.34391784667969
2019-04-23,80.5197982788086,122.30782318115234
2019-04-24,81.40393829345703,121.12100219726562
2019-04-25,80.63953399658203,120.22618865966797
2019-04-26,81.33026123046875,120.53702545166016
2019-04-29,81.28424072265625,120.22618865966797
2019-04-30,80.88819885253906,121.07390594482422
2019-05-01,79.1107406616211,120.02838134765625
2019-05-02,78.530517578125,120.37689208984375
2019-05-03,78.9265365600586,131.45382690429688
2019-05-06,76.96487426757812,134.21365356445312
2019-05-07,76.01629638671875,131.37847900390625
2019-05-08,76.22811889648438,135.90911865234375
2019-05-09,76.42150115966797,133.79920959472656
2019-05-10,77.3148422241211,136.2151641845703
2019-05-13,76.00707244873047,131.39466857910156
2019-05-14,77.05696868896484,133.89561462402344
2019-05-15,77.37010955810547,135.57562255859375
2019-05-16,77.61876678466797,133.6856231689453
2019-05-17,77.88584899902344,136.11973571777344
2019-05-20,76.3017807006836,133.84788513183594
2019-05-21,77.02936553955078,137.35110473632812
2019-05-22,76.6241226196289,139.93795776367188
2019-05-23,76.10838317871094,138.4392852783203
2019-05-24,75.66632080078125,138.9547576904297
2019-05-28,74.78219604492188,140.32931518554688
2019-05-29,72.63636016845703,137.51336669921875
2019-05-30,72.99553680419922,137.63746643066406
2019-05-31,71.2408447265625,136.37745666503906
2019-06-03,71.99813842773438,138.54429626464844
2019-06-04,75.37822723388672,138.99293518066406
2019-06-05,76.39411926269531,138.02883911132812
2019-06-06,76.14476013183594,140.816162109375
2019-06-07,77.0313491821289,143.32662963867188
2019-06-10,76.26480865478516,143.81344604492188
2019-06-11,76.89281463623047,140.1575164794922
2019-06-12,76.31096649169922,138.58245849609375
2019-06-13,77.21603393554688,139.64205932617188
2019-06-14,77.05905151367188,139.6802215576172
2019-06-17,75.83075714111328,141.0738525390625
2019-06-18,77.8532943725586,146.3143768310547
2019-06-19,77.16062927246094,143.85162353515625
2019-06-20,78.72138977050781,145.3884735107422
2019-06-21,79.19239807128906,145.56985473632812
2019-06-24,78.0379867553711,144.02346801757812
2019-06-25,76.30175018310547,142.1047821044922
2019-06-26,76.23709869384766,147.06851196289062
2019-06-27,77.26222229003906,144.25254821777344
2019-06-28,77.5300521850586,147.2021484375
2019-07-01,78.87838745117188,147.99440002441406
2019-07-02,78.46280670166016,147.49803161621094
2019-07-03,79.60797119140625,150.4667205810547
2019-07-05,80.18057250976562,148.94895935058594
2019-07-08,81.713623046875,150.1421661376953
2019-07-09,81.30726623535156,150.75308227539062
2019-07-10,80.75315856933594,149.90350341796875
2019-07-11,81.53815460205078,149.7794189453125
2019-07-12,82.30467987060547,148.62442016601562
2019-07-15,82.63715362548828,149.80809020996094
2019-07-16,81.82445526123047,150.6289825439453
2019-07-17,80.80854797363281,150.26625061035156
2019-07-18,80.75315856933594,151.955810546875
2019-07-19,79.93122100830078,149.5503387451172
2019-07-22,79.39557647705078,152.0321807861328
2019-07-23,80.06975555419922,151.60264587402344
2019-07-24,80.06975555419922,150.64808654785156
2019-07-25,80.6053695678711,150.4762420654297
2019-07-26,80.84552001953125,154.31358337402344
2019-07-29,80.91938018798828,153.7599334716797
2019-07-30,80.5315170288086,148.4716796875
2019-07-31,79.45095825195312,152.21356201171875
2019-08-01,76.76350402832031,156.0031280517578
2019-08-02,74.93492126464844,149.33079528808594
2019-08-05,72.9308853149414,142.5248260498047
2019-08-06,75.08271026611328,146.047119140625
2019-08-07,75.06422424316406,148.0612335205078
2019-08-08,76.6527099609375,142.81117248535156
2019-08-09,75.71070098876953,139.13612365722656
2019-08-12,75.40592956542969,140.41522216796875
2019-08-13,76.94822692871094,140.03341674804688
2019-08-14,74.83332824707031,135.45155334472656
2019-08-15,73.42960357666016,136.47291564941406
2019-08-16,74.14067840576172,136.41563415527344
2019-08-19,74.92568969726562,137.30337524414062
2019-08-20,74.37158966064453,138.37249755859375
2019-08-21,76.41259002685547,140.5011444091797
2019-08-22,76.93899536132812,139.2411346435547
2019-08-23,74.2884750366211,136.9979248046875
2019-08-26,75.96006774902344,138.7733917236328
2019-08-27,75.75686645507812,139.41294860839844
2019-08-28,77.09600067138672,140.37704467773438
2019-08-29,78.8506851196289,141.02615356445312
2019-08-30,78.23958587646484,141.70387268066406
2019-09-03,78.39700317382812,142.12388610839844
2019-09-04,79.95252227783203,143.81344604492188
2019-09-05,81.86917114257812,144.60574340820312
2019-09-06,82.1191635131836,146.83938598632812
2019-09-09,82.10063934326172,146.4862060546875
2019-09-10,80.39697265625,142.7156982421875
2019-09-11,80.3228988647461,142.7729949951172
2019-09-12,81.1747055053711,146.0375518798828
2019-09-13,80.85066986083984,144.46255493164062
2019-09-16,80.8043441772461,141.0738525390625
2019-09-17,81.10065460205078,143.39344787597656
2019-09-18,81.55437469482422,144.60574340820312
2019-09-19,81.20249938964844,144.6248321533203
2019-09-20,80.25806427001953,144.05210876464844
2019-09-23,81.1932601928711,143.5843505859375
2019-09-24,80.72102355957031,143.81344604492188
2019-09-25,84.08209228515625,141.1311492919922
2019-09-26,85.3413314819336,145.86575317382812
2019-09-27,85.470947265625,148.80577087402344
2019-09-30,86.961669921875,148.62442016601562
2019-10-01,85.44318389892578,147.66986083984375
2019-10-02,84.71172332763672,140.921142578125
2019-10-03,85.38762664794922,142.0666046142578
2019-10-04,86.17465209960938,143.15480041503906
2019-10-07,86.2672348022461,143.0211639404297
2019-10-08,84.95246887207031,141.4175262451172
2019-10-09,85.66539764404297,146.77256774902344
2019-10-10,86.10985565185547,146.61029052734375
2019-10-11,86.9246597290039,147.2593994140625
2019-10-14,87.85055541992188,147.78440856933594
2019-10-15,87.76722717285156,150.9726104736328
2019-10-16,87.85055541992188,148.89169311523438
2019-10-17,88.48016357421875,150.1421661376953
2019-10-18,88.98018646240234,150.39035034179688
2019-10-21,89.09127807617188,151.01080322265625
2019-10-22,88.5172119140625,148.26168823242188
2019-10-23,85.48021697998047,146.32391357421875
2019-10-24,84.72096252441406,144.89210510253906
2019-10-25,84.18392944335938,145.46482849121094
2019-10-28,84.11913299560547,147.7271270751953
2019-10-29,82.66545104980469,146.58164978027344
2019-10-30,83.5080337524414,147.975341796875
2019-10-31,82.91547393798828,147.33578491210938
2019-11-01,82.57286834716797,149.44532775878906
2019-11-04,83.20249938964844,152.05128479003906
2019-11-05,83.22097778320312,148.11849975585938
2019-11-06,82.85063171386719,141.598876953125
2019-11-07,83.70248413085938,144.61526489257812
2019-11-08,83.15619659423828,143.7275390625
2019-11-11,83.37841033935547,142.53436279296875
2019-11-12,82.86914825439453,141.44615173339844
2019-11-13,84.52652740478516,139.4224853515625
2019-11-14,84.50801086425781,139.460693359375
2019-11-15,86.14688110351562,141.2361602783203
2019-11-18,87.20243835449219,143.37437438964844
2019-11-19,86.67464447021484,143.5748291015625
2019-11-20,86.1561508178711,144.0711669921875
2019-11-21,85.33208465576172,144.37664794921875
2019-11-22,86.42463684082031,143.84210205078125
2019-11-25,86.01724243164062,144.36709594726562
2019-11-26,86.41539001464844,146.1139373779297
2019-11-27,87.1653823852539,148.4143829345703
2019-11-29,86.7894058227539,148.95851135253906
2019-12-02,86.85438537597656,145.47438049316406
2019-12-03,85.8332290649414,147.99440002441406
2019-12-04,87.00293731689453,146.79168701171875
2019-12-05,88.92457580566406,146.4671173095703
2019-12-06,90.04783630371094,147.24984741210938
2019-12-09,89.70435333251953,144.56756591796875
2019-12-10,90.05713653564453,145.57937622070312
2019-12-11,90.21495819091797,148.10894775390625
2019-12-12,90.71622467041016,148.00393676757812
2019-12-13,90.76266479492188,148.02305603027344
2019-12-16,91.72811126708984,151.96534729003906
2019-12-17,92.5079116821289,152.53810119628906
2019-12-18,93.36196899414062,153.3590087890625
2019-12-19,93.90040588378906,152.88172912597656
2019-12-20,92.79570007324219,154.03672790527344
2019-12-23,92.86996459960938,153.80767822265625
2019-12-24,92.96279907226562,153.9317169189453
2019-12-26,93.491943359375,154.82904052734375
2019-12-27,94.2903060913086,155.8599395751953
2019-12-30,93.57547760009766,154.8863067626953
2019-12-31,94.0489273071289,155.4017791748047
2020-01-02,94.87516021728516,155.90769958496094
2020-01-03,94.61519622802734,155.27767944335938
2020-01-06,94.53165435791016,155.54495239257812
2020-01-07,94.4852523803711,157.0245361328125
2020-01-08,94.27174377441406,161.13865661621094
2020-01-09,94.20675659179688,164.73733520507812
2020-01-10,93.66831970214844,163.67776489257812
2020-01-13,94.83802032470703,165.13824462890625
2020-01-14,95.54356384277344,166.4555206298828
2020-01-15,95.42286682128906,168.25009155273438
2020-01-16,95.9613037109375,167.77281188964844
2020-01-17,97.03815460205078,165.08096313476562
2020-01-21,97.08457946777344,165.0427703857422
2020-01-22,97.00100708007812,166.570068359375
2020-01-23,95.6363754272461,164.75640869140625
2020-01-24,94.71733093261719,163.43911743164062
2020-01-27,93.05562591552734,157.759521484375
2020-01-28,93.21344757080078,158.54225158691406
2020-01-29,92.6843032836914,155.13450622558594
2020-01-30,91.1525650024414,155.1154022216797
2020-01-31,89.39801788330078,150.9726104736328
2020-02-03,92.15513610839844,150.53353881835938
2020-02-04,94.11392211914062,153.9508514404297
2020-02-05,93.33415222167969,153.0726318359375
2020-02-06,93.08346557617188,152.0226287841797
2020-02-07,92.31295776367188,150.7721710205078
2020-02-10,92.85137939453125,149.3594207763672
2020-02-11,92.85137939453125,149.63623046875
2020-02-12,95.61782836914062,151.52626037597656
2020-02-13,95.9613037109375,149.21624755859375
2020-02-14,96.11911010742188,149.0157928466797
2020-02-18,94.68949127197266,147.14483642578125
2020-02-19,95.11652374267578,150.8485107421875
2020-02-20,95.1814956665039,147.89895629882812
2020-02-21,93.06489562988281,146.142578125
2020-02-24,89.03595733642578,136.4060821533203
2020-02-25,86.24169158935547,135.7379150390625
2020-02-26,85.40619659423828,135.11746215820312
2020-02-27,82.20347595214844,133.25607299804688
2020-02-28,83.20417785644531,132.83607482910156
2020-03-02,86.27616119384766,131.24195861816406
2020-03-03,84.64710235595703,132.4637908935547
2020-03-04,87.3094711303711,136.07200622558594
2020-03-05,84.3212661743164,131.95787048339844
2020-03-06,82.25469207763672,130.0583038330078
2020-03-09,78.29834747314453,121.68684387207031
2020-03-10,82.19882202148438,123.6532211303711
2020-03-11,78.19593048095703,106.87212371826172
2020-03-12,69.07306671142578,91.58966827392578
2020-03-13,70.35772705078125,92.87833404541016
2020-03-16,62.175071716308594,90.12920379638672
2020-03-17,65.01433563232422,90.8737564086914
2020-03-18,63.338722229003906,85.9959716796875
2020-03-19,65.47978210449219,90.11965942382812
2020-03-20,62.789466857910156,92.5728759765625
2020-03-23,58.460758209228516,92.334228515625
2020-03-24,67.33228302001953,100.75342559814453
2020-03-25,73.55071258544922,109.29669952392578
2020-03-26,78.47521209716797,113.79265594482422
2020-03-27,77.4791488647461,109.51624298095703
2020-03-30,79.4805679321289,109.79306030273438
2020-03-31,77.02298736572266,106.4043960571289
2020-04-01,73.75553131103516,102.882080078125
2020-04-02,74.60262298583984,100.9920654296875
2020-04-03,73.41108703613281,97.2215576171875
2020-04-06,78.78240203857422,104.14208984375
2020-04-07,78.3448715209961,107.53076171875
2020-04-08,79.40611267089844,112.49446105957031
2020-04-09,80.79314422607422,118.58454132080078
2020-04-13,78.62413024902344,116.06449890136719
2020-04-14,81.42616271972656,118.99500274658203
2020-04-15,79.16405487060547,111.92172241210938
2020-04-16,80.33700561523438,109.93624877929688
2020-04-17,83.69757843017578,114.5467529296875
2020-04-20,81.8264389038086,114.00265502929688
2020-04-21,79.31299591064453,110.0985336303711
2020-04-22,82.6363296508789,107.33985137939453
2020-04-23,81.31446838378906,105.95574951171875
2020-04-24,82.26398468017578,106.97711181640625
2020-04-27,83.19487762451172,107.0057601928711
2020-04-28,82.66427612304688,105.71710968017578
2020-04-29,81.98469543457031,110.58534240722656
2020-04-30,81.15618133544922,109.01032257080078
2020-05-01,79.62950897216797,107.05349731445312
2020-05-04,79.82499694824219,103.37844848632812
2020-05-05,81.1748275756836,102.80570983886719
2020-05-06,82.32914733886719,102.36662292480469
2020-05-07,82.44084930419922,108.21804809570312
2020-05-08,84.2095718383789,107.38758850097656
2020-05-11,84.64710235595703,106.04165649414062
2020-05-12,82.16159057617188,103.82707977294922
2020-05-13,80.07636260986328,101.66024017333984
2020-05-14,80.56976318359375,101.60297393798828
2020-05-15,80.97930908203125,103.87481689453125
2020-05-18,84.74948120117188,112.5994644165039
2020-05-19,85.18699645996094,112.18900299072266
2020-05-20,86.52751922607422,114.90947723388672
2020-05-21,87.74699401855469,113.25810241699219
2020-05-22,87.27223205566406,113.78311157226562
2020-05-26,89.94391632080078,119.20498657226562
2020-05-27,92.96939086914062,123.405029296875
2020-05-28,91.65679931640625,125.05641174316406
2020-05-29,91.9974365234375,127.12779998779297
2020-06-01,92.89330291748047,130.47830200195312
2020-06-02,94.01319122314453,129.0941925048828
2020-06-03,97.15816497802734,135.54698181152344
2020-06-04,94.51714324951172,137.94293212890625
2020-06-05,95.85164642333984,142.4007110595703
2020-06-08,97.32614135742188,140.13839721679688
2020-06-09,95.77698516845703,136.42520141601562
2020-06-10,95.30104064941406,134.60198974609375
2020-06-11,88.81512451171875,124.3309555053711
2020-06-12,89.9909896850586,125.2855224609375
2020-06-15,91.30685424804688,126.94644927978516
2020-06-16,92.42671966552734,128.61692810058594
2020-06-17,92.58536529541016,129.19918823242188
2020-06-18,91.87611389160156,128.6455535888672
2020-06-19,89.38439178466797,125.99190521240234
2020-06-22,92.86532592773438,127.4237289428711
2020-06-23,95.1143798828125,130.70738220214844
2020-06-24,93.39726257324219,126.02052307128906
2020-06-25,94.62911224365234,129.5619354248047
2020-06-26,87.415283203125,124.09231567382812
2020-06-29,89.46837615966797,124.37869262695312
2020-06-30,91.5028305053711,125.69596862792969
2020-07-01,90.8962173461914,127.04191589355469
2020-07-02,91.85742950439453,130.8983154296875
2020-07-06,93.27593231201172,133.8192596435547
2020-07-07,90.58824157714844,129.0846405029297
2020-07-08,92.24006652832031,128.85556030273438
2020-07-09,90.51359558105469,127.46190643310547
2020-07-10,91.44683074951172,127.6241683959961
2020-07-13,90.01899719238281,128.9987335205078
2020-07-14,90.2989501953125,128.3591766357422
2020-07-15,91.9601058959961,132.07241821289062
2020-07-16,90.76556396484375,130.23965454101562
2020-07-17,89.85099792480469,130.07740783691406
2020-07-20,89.26306915283203,132.4637908935547
2020-07-21,91.79212951660156,135.54698181152344
2020-07-22,92.30540466308594,136.24380493164062
2020-07-23,91.7361068725586,133.52334594726562
2020-07-24,91.85742950439453,132.92196655273438
2020-07-27,90.7188949584961,134.56381225585938
2020-07-28,89.84166717529297,133.25607299804688
2020-07-29,90.49494171142578,136.91200256347656
2020-07-30,90.35494232177734,133.39923095703125
2020-07-31,91.09219360351562,131.13693237304688
2020-08-03,91.76411437988281,133.88607788085938
2020-08-04,90.83090209960938,133.71424865722656
2020-08-05,94.19984436035156,135.83335876464844
2020-08-06,93.74253845214844,139.756591796875
2020-08-07,95.05841064453125,140.17660522460938
2020-08-10,98.37135314941406,144.1379852294922
2020-08-11,98.10073852539062,146.047119140625
2020-08-12,98.19403839111328,148.96804809570312
2020-08-13,99.40723419189453,151.07762145996094
2020-08-14,99.32325744628906,150.10397338867188
2020-08-17,98.60466766357422,152.04173278808594
2020-08-18,99.82720184326172,153.11080932617188
2020-08-19,101.15237426757812,147.87986755371094
2020-08-20,100.7977523803711,148.05169677734375
2020-08-21,102.42153930664062,145.67486572265625
2020-08-24,104.36266326904297,145.4171142578125
2020-08-25,104.06403350830078,145.42666625976562
2020-08-26,104.08268737792969,145.56985473632812
2020-08-27,103.43877410888672,144.10935974121094
2020-08-28,105.02408599853516,144.22389221191406
2020-08-31,104.64998626708984,145.9325714111328
2020-09-01,107.40910339355469,144.70120239257812
2020-09-02,109.24226379394531,150.74351501464844
2020-09-03,105.54786682128906,149.45489501953125
2020-09-04,105.12699127197266,149.2926025390625
2020-09-08,105.42626190185547,145.57937622070312
2020-09-09,107.46521759033203,150.4189910888672
2020-09-10,107.36234283447266,152.1944580078125
2020-09-11,110.36460876464844,153.9794921875
2020-09-14,111.56180572509766,156.62359619140625
2020-09-15,111.55242156982422,157.60678100585938
2020-09-16,110.91642761230469,158.66635131835938
2020-09-17,108.8307113647461,158.21771240234375
2020-09-18,107.2407455444336,158.4181671142578
2020-09-21,106.03421020507812,153.39720153808594
2020-09-22,109.30774688720703,153.26356506347656
2020-09-23,118.8851547241211,156.94813537597656
2020-09-24,116.67786407470703,155.35403442382812
2020-09-25,116.19151306152344,156.07949829101562
2020-09-28,116.27568817138672,157.7022705078125
2020-09-29,118.17430877685547,157.95045471191406
2020-09-30,117.41674041748047,155.71676635742188
2020-10-01,118.44556427001953,156.6044921875
2020-10-02,118.44556427001953,155.64041137695312
2020-10-05,119.63339233398438,154.94358825683594
2020-10-06,119.39021301269531,153.798095703125
2020-10-07,121.64427185058594,156.65223693847656
2020-10-08,121.31690979003906,156.25132751464844
2020-10-09,122.50471496582031,159.4300079345703
2020-10-12,121.0831069946289,161.26275634765625
2020-10-13,120.83988952636719,160.4418487548828
2020-10-14,119.39956665039062,159.1627197265625
2020-10-15,120.65286254882812,155.35403442382812
2020-10-16,119.71755981445312,158.6949920654297
2020-10-19,119.18444061279297,157.88360595703125
2020-10-20,120.17585754394531,159.5827178955078
2020-10-21,121.05502319335938,155.58314514160156
2020-10-22,121.60686492919922,159.3440704345703
2020-10-23,121.57879638671875,160.0504608154297
2020-10-26,120.06362915039062,154.59039306640625
2020-10-27,119.70822143554688,153.13946533203125
2020-10-28,114.18063354492188,143.27890014648438
2020-10-29,114.91014862060547,145.08302307128906
2020-10-30,112.31005096435547,141.8566131591797
2020-11-02,114.4705810546875,144.1379852294922
2020-11-03,116.52821350097656,150.51441955566406
2020-11-04,119.10027313232422,149.97988891601562
2020-11-05,121.30754089355469,155.6595001220703
2020-11-06,120.55931854248047,157.89315795898438
2020-11-09,120.60609436035156,167.40054321289062
2020-11-10,119.4463119506836,159.30589294433594
2020-11-11,119.39956665039062,157.95045471191406
2020-11-12,118.44556427001953,153.4640350341797
2020-11-13,119.97945404052734,153.36856079101562
2020-11-16,121.6910171508789,155.43994140625
2020-11-17,123.6551742553711,157.91224670410156
2020-11-18,123.11267852783203,159.65908813476562
2020-11-19,123.37454223632812,160.9286346435547
2020-11-20,124.37532043457031,159.4013671875
2020-11-23,125.45092010498047,159.4300079345703
2020-11-24,125.98399353027344,158.88589477539062
2020-11-25,126.7696533203125,156.10813903808594
2020-11-27,125.5631332397461,155.29676818847656
2020-11-30,125.98399353027344,152.824462890625
2020-12-01,126.6761703491211,157.48269653320312
2020-12-02,126.80708312988281,155.3922119140625
2020-12-03,128.0977783203125,159.4013671875
2020-12-04,128.57107543945312,159.75453186035156
2020-12-07,130.03305053710938,161.9691162109375
2020-12-08,130.3798370361328,162.37002563476562
2020-12-09,130.07054138183594,163.6013946533203
2020-12-10,128.93655395507812,166.8850860595703
2020-12-11,128.7772674560547,164.62278747558594
2020-12-14,127.71820068359375,166.47462463378906
2020-12-15,130.6328582763672,169.01373291015625
2020-12-16,129.6488037109375,168.97555541992188
2020-12-17,131.67312622070312,172.82241821289062
2020-12-18,128.65542602539062,170.35011291503906
2020-12-21,134.9719696044922,169.5387420654297
2020-12-22,133.50062561035156,170.5124053955078
2020-12-23,132.8539581298828,171.13284301757812
2020-12-24,132.70401000976562,172.22103881835938
2020-12-28,133.48184204101562,174.2733612060547
2020-12-29,132.67593383789062,175.00836181640625
2020-12-30,132.68524169921875,175.16107177734375
2020-12-31,132.58216857910156,174.67428588867188
2021-01-04,131.2982635498047,172.6219482421875
2021-01-05,132.3572235107422,170.59829711914062
2021-01-06,133.40689086914062,171.5337677001953
2021-01-07,135.84352111816406,170.1210174560547
2021-01-08,137.15554809570312,172.84152221679688
2021-01-11,137.81161499023438,169.76783752441406
2021-01-12,135.93727111816406,167.93508911132812
2021-01-13,134.05352783203125,169.4432830810547
2021-01-14,132.42282104492188,167.78237915039062
2021-01-15,131.87930297851562,162.15048217773438
2021-01-19,130.52040100097656,166.37916564941406
2021-01-20,133.82861328125,165.60597229003906
2021-01-21,132.71336364746094,166.2646026611328
2021-01-22,130.5953369140625,161.9882049560547
2021-01-25,128.90846252441406,157.11996459960938
2021-01-26,126.61235809326172,161.23410034179688
2021-01-27,122.78868865966797,155.62130737304688
2021-01-28,126.25627899169922,153.67404174804688
2021-01-29,125.19722747802734,152.57627868652344
2021-02-01,127.18403625488281,156.6713104248047
2021-02-02,130.82028198242188,160.5945587158203
2021-02-03,129.92059326171875,159.41090393066406
2021-02-04,131.79493713378906,157.35862731933594
2021-02-05,135.9934844970703,160.89048767089844
2021-02-08,134.4003143310547,161.88320922851562
2021-02-09,132.882080078125,165.10006713867188
2021-02-10,133.50999450683594,162.0359344482422
2021-02-11,134.52210998535156,170.09239196777344
2021-02-12,133.19134521484375,169.0328369140625
2021-02-16,132.80712890625,171.03738403320312
2021-02-17,134.94384765625,168.47918701171875
2021-02-18,135.9747314453125,167.02825927734375
2021-02-19,133.0976104736328,169.93011474609375
2021-02-22,128.083740234375,169.37646484375
2021-02-23,127.57766723632812,169.02328491210938
2021-02-24,127.1278076171875,168.2119140625
2021-02-25,127.02471160888672,169.45285034179688
2021-02-26,126.56924438476562,167.65829467773438
2021-03-01,129.264404296875,169.5005645751953
2021-03-02,128.67282104492188,168.28826904296875
2021-03-03,126.08094024658203,166.55099487304688
2021-03-04,123.99618530273438,159.5159149169922
2021-03-05,125.22637939453125,156.0508575439453
2021-03-08,126.36267852783203,158.43724060058594
2021-03-09,127.66802215576172,155.9840545654297
2021-03-10,129.2080841064453,165.29098510742188
2021-03-11,132.5887908935547,171.79150390625
2021-03-12,131.89385986328125,171.92515563964844
2021-03-15,136.11033630371094,166.8278045654297
2021-03-16,135.83802795410156,163.8400421142578
2021-03-17,135.99765014648438,164.26959228515625
2021-03-18,134.44813537597656,162.76138305664062
2021-03-19,129.11416625976562,160.5181884765625
2021-03-22,129.84664916992188,159.02908325195312
2021-03-23,128.76670837402344,159.30589294433594
2021-03-24,125.04796600341797,156.86224365234375
2021-03-25,120.80332946777344,148.63397216796875
2021-03-26,124.88835144042969,148.9776153564453
2021-03-29,125.35787963867188,149.19715881347656
2021-03-30,124.85074615478516,148.26168823242188
2021-03-31,124.79438781738281,149.87489318847656
2021-04-01,124.45634460449219,153.8935546875
2021-04-05,126.88854217529297,156.81448364257812
2021-04-06,128.8043212890625,155.4876708984375
2021-04-07,128.22201538085938,154.1990203857422
2021-04-08,125.53626251220703,157.24404907226562
2021-04-09,127.19844055175781,159.24864196777344
2021-04-12,128.3159637451172,161.052734375
2021-04-13,125.4048080444336,160.6136474609375
2021-04-14,124.20275115966797,158.45632934570312
2021-04-15,125.52689361572266,159.07679748535156
2021-04-16,126.12789916992188,159.31544494628906
2021-04-19,124.49391174316406,159.36317443847656
2021-04-20,119.36652374267578,155.50677490234375
2021-04-21,121.98657989501953,156.89088439941406
2021-04-22,121.3104248046875,154.6858673095703
2021-04-23,122.25889587402344,154.02720642089844
2021-04-26,123.58301544189453,152.79583740234375
2021-04-27,124.06194305419922,152.13717651367188
2021-04-28,122.7472152709961,150.37124633789062
2021-04-29,125.14183807373047,151.3544464111328
2021-04-30,124.54087829589844,147.75576782226562
2021-05-03,124.92586517333984,150.7244415283203
2021-05-04,123.53604888916016,146.4671173095703
2021-05-05,124.15584564208984,149.7412567138672
2021-05-06,125.35787963867188,150.68626403808594
2021-05-07,129.41468811035156,162.121826171875
2021-05-10,128.090576171875,165.1955108642578
2021-05-11,128.76670837402344,166.10235595703125
2021-05-12,125.26395416259766,165.85415649414062
2021-05-13,125.4705581665039,167.45989990234375
2021-05-14,127.64920043945312,169.97702026367188
2021-05-17,128.0999755859375,175.0787353515625
2021-05-18,127.30175018310547,172.72557067871094
2021-05-19,124.86016845703125,173.31385803222656
2021-05-20,125.15126037597656,176.1299285888672
2021-05-21,124.57840728759766,176.9014434814453
2021-05-24,125.89313507080078,180.0357666015625
2021-05-25,126.13728332519531,177.45115661621094
2021-05-26,128.55072021484375,175.1365966796875
2021-05-27,128.2408447265625,175.77308654785156
2021-05-28,128.405517578125,176.8435821533203
2021-06-01,126.5705795288086,176.1781463623047
2021-06-02,126.25064086914062,175.69593811035156
2021-06-03,126.25064086914062,175.51271057128906
2021-06-04,125.84606170654297,174.70260620117188
2021-06-07,126.04364013671875,174.98228454589844
2021-06-08,125.47906494140625,173.99856567382812
2021-06-09,124.05818176269531,172.56161499023438
2021-06-10,123.24896240234375,172.62911987304688
2021-06-11,124.15229797363281,172.87022399902344
2021-06-14,123.6065444946289,172.31088256835938
2021-06-15,122.59969329833984,171.6357879638672
2021-06-16,122.70319366455078,170.10235595703125
2021-06-17,121.31055450439453,167.96139526367188
2021-06-18,120.83065032958984,165.1356658935547
2021-06-21,122.40206909179688,167.6624298095703
2021-06-22,124.66043090820312,168.02890014648438
2021-06-23,125.24385070800781,167.91314697265625
2021-06-24,125.71430206298828,169.05117797851562
2021-06-25,145.2395477294922,178.43487548828125
2021-06-28,143.36700439453125,178.38665771484375
2021-06-29,146.7451171875,182.7071990966797
2021-06-30,145.37130737304688,180.13223266601562
2021-07-01,148.6741180419922,180.10330200195312
2021-07-02,150.31141662597656,181.00982666015625
2021-07-06,150.6595458984375,178.5795135498047
2021-07-07,150.7066192626953,181.60777282714844
2021-07-08,151.1488800048828,180.84588623046875
2021-07-09,151.49705505371094,182.55287170410156
2021-07-12,152.2686309814453,183.97056579589844
2021-07-13,152.0522003173828,182.7457733154297
2021-07-14,152.0051727294922,184.1441650390625
2021-07-15,152.1463165283203,179.92971801757812
2021-07-16,150.41493225097656,176.8725128173828
2021-07-19,148.55177307128906,174.2010955810547
2021-07-20,150.31141662597656,174.83763122558594
2021-07-21,151.57232666015625,176.5060577392578
2021-07-22,154.0188446044922,176.49639892578125
2021-07-23,156.54067993164062,180.35403442382812
2021-07-26,155.3456573486328,177.93336486816406
2021-07-27,154.8563232421875,176.98826599121094
2021-07-28,155.69378662109375,176.6024932861328
2021-07-29,157.13351440429688,176.83395385742188
2021-07-30,157.62277221679688,175.57057189941406
2021-08-02,158.7895965576172,181.46311950683594
2021-08-03,161.12319946289062,186.14047241210938
2021-08-04,161.76309204101562,191.60867309570312
2021-08-05,163.5885772705078,181.79100036621094
2021-08-06,162.60057067871094,177.45115661621094
2021-08-09,161.63133239746094,177.47047424316406
2021-08-10,162.1018524169922,175.0401611328125
2021-08-11,161.1608428955078,174.3168487548828
2021-08-12,160.5680389404297,177.96231079101562
2021-08-13,161.55604553222656,181.68492126464844
2021-08-16,162.18650817871094,178.73385620117188
2021-08-17,160.58688354492188,175.16551208496094
2021-08-18,158.84605407714844,172.58090209960938
2021-08-19,155.81610107421875,171.00892639160156
2021-08-20,157.8862762451172,170.8546142578125
2021-08-23,159.70236206054688,174.33612060546875
2021-08-24,159.94696044921875,172.92808532714844
2021-08-25,159.81524658203125,174.21075439453125
2021-08-26,157.067626953125,172.45555114746094
2021-08-27,157.94888305664062,173.2752685546875
2021-08-30,158.37298583984375,171.9733428955078
2021-08-31,155.2720947265625,171.18251037597656
2021-09-01,155.10247802734375,172.16622924804688
2021-09-02,154.2635498046875,172.74485778808594
2021-09-03,153.9054412841797,170.91249084472656
2021-09-07,153.2927703857422,170.9510498046875
2021-09-08,151.47372436523438,169.6394500732422
2021-09-09,153.95252990722656,169.93844604492188
2021-09-10,154.1881866455078,169.95770263671875
2021-09-13,150.35208129882812,169.86126708984375
2021-09-14,149.63580322265625,166.97769165039062
2021-09-15,148.83460998535156,162.74392700195312
2021-09-16,148.54246520996094,162.42567443847656
2021-09-17,147.43026733398438,160.06288146972656
2021-09-20,145.38494873046875,158.8380889892578
2021-09-21,146.11073303222656,159.7542724609375
2021-09-22,148.39163208007812,160.7283477783203
2021-09-23,150.40866088867188,164.0458984375
2021-09-24,140.99278259277344,158.9730987548828
2021-09-27,139.5318603515625,156.8803253173828
2021-09-28,136.94932556152344,150.737060546875
2021-09-29,137.62796020507812,151.5085906982422
2021-09-30,136.8833465576172,152.49227905273438
2021-10-01,138.60818481445312,152.96484375
2021-10-04,138.68362426757812,149.44476318359375
2021-10-05,140.87030029296875,147.3616180419922
2021-10-06,140.2482147216797,146.71548461914062
2021-10-07,143.12289428710938,148.4803466796875
2021-10-08,143.71670532226562,146.2332763671875
2021-10-11,141.64315795898438,145.21099853515625
2021-10-12,144.53671264648438,144.50697326660156
2021-10-13,147.31716918945312,147.6605987548828
2021-10-14,148.10888671875,149.48330688476562
2021-10-15,148.9288330078125,153.90994262695312
2021-10-18,150.2672882080078,151.7111053466797
2021-10-19,148.74981689453125,151.24819946289062
2021-10-20,149.34359741210938,151.15176391601562
2021-10-21,152.8592071533203,154.96115112304688
2021-10-22,154.0845184326172,155.8677215576172
2021-10-25,154.781982421875,155.83877563476562
2021-10-26,154.37667846679688,156.5138397216797
2021-10-27,153.01947021484375,156.21490478515625
2021-10-28,155.00819396972656,159.77357482910156
2021-10-29,157.67552185058594,157.88331604003906
2021-11-01,156.7707061767578,159.7156982421875
2021-11-02,158.18446350097656,159.49386596679688
2021-11-03,162.58612060546875,164.02659606933594
2021-11-04,165.35716247558594,163.70835876464844
2021-11-05,167.3081817626953,166.1868896484375
2021-11-08,161.97349548339844,164.27735900878906
2021-11-09,163.83026123046875,165.56964111328125
2021-11-10,158.58975219726562,156.2920379638672
2021-11-11,157.37393188476562,155.79054260253906
2021-11-12,159.3720703125,155.31797790527344
2021-11-15,159.1458740234375,155.06724548339844
2021-11-16,161.95460510253906,156.06060791015625
2021-11-17,161.86978149414062,155.67483520507812
2021-11-18,161.502197265625,155.66519165039062
2021-11-19,164.8292999267578,153.71707153320312
2021-11-22,164.2261199951172,150.91065979003906
2021-11-23,162.25625610351562,147.9402618408203
2021-11-24,162.14312744140625,145.6642608642578
2021-11-26,158.3636016845703,138.55657958984375
2021-11-29,160.1072540283203,138.92303466796875
2021-11-30,159.5134735107422,139.45347595214844
2021-12-01,157.11941528320312,139.8392333984375
2021-12-02,160.2297821044922,140.0128173828125
2021-12-03,160.74440002441406,136.6759796142578
2021-12-06,159.4885711669922,138.9326934814453
2021-12-07,161.7357940673828,143.81259155273438
2021-12-08,160.7538299560547,143.88975524902344
2021-12-09,158.72373962402344,140.5432586669922
2021-12-10,159.6302032470703,139.5692138671875
2021-12-13,157.53404235839844,137.40892028808594
2021-12-14,156.17434692382812,135.01718139648438
2021-12-15,154.7580108642578,138.0068817138672
2021-12-16,153.64385986328125,136.5313262939453
2021-12-17,152.3596954345703,135.90443420410156
2021-12-20,148.2239990234375,134.2746124267578
2021-12-21,157.3357391357422,134.94967651367188
2021-12-22,156.21214294433594,136.47344970703125
2021-12-23,156.4292755126953,137.20640563964844
2021-12-27,158.23277282714844,138.73980712890625
2021-12-28,157.13746643066406,138.6144256591797
2021-12-29,159.3657989501953,139.0677032470703
2021-12-30,158.1477508544922,137.92970275878906
2021-12-31,157.3734893798828,138.87481689453125
2022-01-03,155.4850616455078,141.9127197265625
2022-01-04,157.109130859375,140.85186767578125
2022-01-05,153.20005798339844,140.118896484375
2022-01-06,152.0575408935547,137.84291076660156
2022-01-07,148.21456909179688,135.81765747070312
2022-01-10,142.0487823486328,136.3673553466797
2022-01-11,141.91661071777344,140.48538208007812
2022-01-12,143.7200469970703,140.3986053466797
2022-01-13,141.24620056152344,140.4468231201172
2022-01-14,139.9148406982422,139.98388671875
2022-01-18,138.7534637451172,139.0484161376953
2022-01-19,137.01608276367188,138.98092651367188
2022-01-20,134.7688446044922,138.7880401611328
2022-01-21,134.97657775878906,136.41558837890625
2022-01-24,137.85643005371094,134.76644897460938
2022-01-25,137.36546325683594,130.8798828125
2022-01-26,135.9585418701172,131.59353637695312
2022-01-27,136.57229614257812,130.11798095703125
2022-01-28,137.77146911621094,127.75520324707031
2022-01-31,139.8109893798828,131.67068481445312
2022-02-01,139.95263671875,132.99192810058594
2022-02-02,140.41531372070312,135.29685974121094
2022-02-03,137.2049560546875,133.0594482421875
2022-02-04,137.28045654296875,133.76345825195312
2022-02-07,137.04441833496094,132.62545776367188
2022-02-08,135.52423095703125,132.29754638671875
2022-02-09,138.10195922851562,135.29685974121094
2022-02-10,136.74227905273438,132.9437255859375
2022-02-11,132.36109924316406,127.15727996826172
2022-02-14,133.69241333007812,125.57563781738281
2022-02-15,137.4598846435547,129.5586395263672
2022-02-16,138.31910705566406,129.52969360351562
2022-02-17,134.8349609375,125.71066284179688
2022-02-18,134.97657775878906,125.21880340576172
2022-02-22,130.48207092285156,121.34188079833984
2022-02-23,129.1979217529297,117.84107971191406
2022-02-24,129.51895141601562,116.41374969482422
2022-02-25,131.0580596923828,116.96345520019531
2022-02-28,128.9335174560547,113.6458969116211
2022-03-01,124.84505462646484,109.45072174072266
2022-03-02,128.11204528808594,110.36691284179688
2022-03-03,126.49745178222656,106.29711151123047
2022-03-04,124.14569854736328,98.45645904541016
2022-03-07,117.76712799072266,91.27162170410156
2022-03-08,114.7103271484375,97.29917907714844
2022-03-09,120.14253234863281,111.75565338134766
2022-03-10,119.2718734741211,106.8082504272461
2022-03-11,116.05418395996094,106.9818344116211
2022-03-14,111.26551818847656,108.31271362304688
2022-03-15,112.99740600585938,107.76300811767578
2022-03-16,118.47692108154297,114.25348663330078
2022-03-17,120.57786560058594,114.9285659790039
2022-03-18,124.20248413085938,116.29802703857422
2022-03-21,123.20880889892578,113.6073226928711
2022-03-22,125.95326232910156,115.52649688720703
2022-03-23,125.86810302734375,111.26380920410156
2022-03-24,124.99744415283203,111.87139129638672
2022-03-25,126.53057098388672,112.88401794433594
2022-03-28,127.5810317993164,113.99308776855469
2022-03-29,131.6788787841797,117.1563491821289
2022-03-30,131.1110382080078,116.15336608886719
2022-03-31,127.34445190429688,112.66220092773438
2022-04-01,126.36023712158203,112.17034912109375
2022-04-04,127.13627624511719,112.93223571777344
2022-04-05,125.20565795898438,110.17403411865234
2022-04-06,121.47692108154297,106.58642578125
2022-04-07,122.44223022460938,107.90766906738281
2022-04-08,121.2781753540039,108.31271362304688
2022-04-11,118.2781753540039,105.95956420898438
2022-04-12,118.33495330810547,104.86014556884766
2022-04-13,120.65357208251953,103.76071166992188
2022-04-14,126.30345153808594,104.33935546875
2022-04-18,124.57158660888672,104.57081604003906
2022-04-19,129.70094299316406,106.76002502441406
2022-04-20,128.58419799804688,108.89137268066406
2022-04-21,128.19619750976562,107.18436431884766
2022-04-22,122.14886474609375,103.19171905517578
2022-04-25,121.07946014404297,100.65531921386719
2022-04-26,114.05732727050781,95.47644805908203
2022-04-27,114.73873138427734,92.90147399902344
2022-04-28,120.23716735839844,95.9489974975586
2022-04-29,118.01318359375,96.50835418701172
2022-05-02,119.3191909790039,98.57219696044922
2022-05-03,116.27183532714844,97.93568420410156
2022-05-04,119.30026245117188,100.49136352539062
2022-05-05,112.26866912841797,95.83328247070312
2022-05-06,108.35066223144531,92.16851806640625
2022-05-09,105.24657440185547,88.3880386352539
2022-05-10,103.6187973022461,88.75450897216797
2022-05-11,102.13299560546875,89.83465576171875
2022-05-12,102.11405181884766,89.53569030761719
2022-05-13,106.95003509521484,93.2255630493164
2022-05-16,106.56201934814453,92.56647491455078
2022-05-17,109.68506622314453,95.45856475830078
2022-05-18,103.50523376464844,89.39895629882812
2022-05-19,100.73235321044922,89.8121109008789
2022-05-20,102.20868682861328,89.87113189697266
2022-05-23,102.80491638183594,92.14348602294922
2022-05-24,101.5367660522461,90.83515930175781
2022-05-25,102.39797973632812,90.22526550292969
2022-05-26,106.8837890625,93.28458404541016
2022-05-27,109.7702407836914,95.1634521484375
2022-05-31,112.47689056396484,97.52433776855469
2022-06-01,112.31600189208984,95.5470962524414
2022-06-02,116.79236602783203,100.21968841552734
2022-06-03,114.74786376953125,98.66544342041016
2022-06-06,114.0647964477539,98.980224609375
2022-06-07,115.43094635009766,98.37032318115234
2022-06-08,116.12350463867188,98.02603912353516
2022-06-09,112.51837921142578,93.9731674194336
2022-06-10,108.84680938720703,90.80565643310547
2022-06-13,104.77680206298828,86.81181335449219
2022-06-14,105.04244995117188,84.55913543701172
2022-06-15,107.62297821044922,86.14289855957031
2022-06-16,101.62705993652344,83.64429473876953
2022-06-17,101.83575439453125,85.7100601196289
2022-06-21,103.1070556640625,85.90680694580078
2022-06-22,99.53985595703125,85.30674743652344
2022-06-23,102.46192169189453,87.09709167480469
2022-06-24,107.1201400756836,89.14319610595703
2022-06-27,104.83373260498047,89.55635070800781
2022-06-28,97.50959777832031,87.11676025390625
2022-06-29,97.95548248291016,87.06758117675781
2022-06-30,96.95934295654297,87.15611267089844
2022-07-01,95.99166107177734,86.84131622314453
2022-07-05,98.97062683105469,85.12968444824219
2022-07-06,98.88525390625,82.7491226196289
2022-07-07,102.58525848388672,85.38544464111328
2022-07-08,102.3955078125,84.14598083496094
2022-07-11,99.7201156616211,80.46693420410156
2022-07-12,98.4393539428711,79.0897445678711
2022-07-13,99.7201156616211,80.02426147460938
2022-07-14,97.92703247070312,76.97478485107422
2022-07-15,99.33113861083984,79.50289916992188
2022-07-18,98.61012268066406,82.18841552734375
2022-07-19,103.59091186523438,88.45459747314453
2022-07-20,105.41244506835938,86.62490844726562
2022-07-21,105.89629364013672,88.218505859375
2022-07-22,103.52449798583984,88.42509460449219
2022-07-25,103.67628479003906,88.55297088623047
2022-07-26,99.80550384521484,82.28678131103516
2022-07-27,102.32909393310547,81.97199249267578
2022-07-28,106.47502136230469,83.9098892211914
2022-07-29,109.02706909179688,84.73619842529297
2022-08-01,108.4388656616211,86.5658950805664
2022-08-02,106.03860473632812,83.42787170410156
2022-08-03,108.41989135742188,85.65104675292969
2022-08-04,108.6096420288086,88.46443176269531
2022-08-05,108.03091430664062,86.50687408447266
2022-08-08,108.15425872802734,87.74633026123047
2022-08-09,104.46373748779297,85.28706359863281
2022-08-10,107.3383560180664,87.99226379394531
2022-08-11,108.2491226196289,87.18561553955078
2022-08-12,110.11810302734375,88.06111907958984
2022-08-15,110.35527038574219,86.50687408447266
2022-08-16,112.00606536865234,86.59539794921875
2022-08-17,111.03836059570312,84.94277954101562
2022-08-18,110.0611801147461,83.23113250732422
2022-08-19,107.35733032226562,81.38177490234375
2022-08-22,104.68193054199219,77.2698974609375
2022-08-23,105.00450134277344,76.31570434570312
2022-08-24,105.69705200195312,77.58467864990234
2022-08-25,107.41425323486328,78.42082977294922
2022-08-26,102.7275619506836,73.69905090332031
2022-08-29,102.34807586669922,73.28589630126953
2022-08-30,102.32909393310547,74.34829711914062
2022-08-31,100.99140167236328,72.97110748291016
2022-09-01,101.02934265136719,72.19398498535156
2022-09-02,100.60596466064453,71.23979187011719
2022-09-06,100.04460144042969,69.94129943847656
2022-09-07,103.21293640136719,70.47250366210938
2022-09-08,103.4507827758789,69.72489166259766
2022-09-09,105.58203125,71.95789337158203
2022-09-12,106.92355346679688,74.15155029296875
2022-09-13,100.5869369506836,69.87244415283203
2022-09-14,101.80479431152344,69.96097564697266
2022-09-15,100.37760162353516,66.9311752319336
2022-09-16,99.06461334228516,66.54752349853516
2022-09-19,102.00457763671875,67.836181640625
2022-09-20,97.44715881347656,66.21306610107422
2022-09-21,94.94485473632812,65.07197570800781
2022-09-22,93.76506805419922,64.89491271972656
2022-09-23,92.30934143066406,62.376625061035156
2022-09-26,91.39594268798828,60.743675231933594
2022-09-27,91.61479949951172,59.92720413208008
2022-09-28,93.90777587890625,62.917659759521484
2022-09-29,90.70140838623047,59.641929626464844
2022-09-30,79.08423614501953,56.474403381347656
2022-10-03,81.25353240966797,57.51713180541992
2022-10-04,84.33621978759766,61.766727447509766
2022-10-05,86.6767807006836,59.67144012451172
2022-10-06,85.79193878173828,57.90077209472656
2022-10-07,82.9280776977539,55.25461196899414
2022-10-10,82.48091125488281,54.69390106201172
2022-10-11,83.71778869628906,54.556182861328125
2022-10-12,84.21253204345703,53.11997604370117
2022-10-13,85.21156311035156,54.77259826660156
2022-10-14,83.29916381835938,54.14303207397461
2022-10-17,85.6016616821289,57.06462478637695
2022-10-18,85.32574462890625,57.507293701171875
2022-10-19,84.26962280273438,55.49070358276367
2022-10-20,82.61412048339844,53.060951232910156
2022-10-21,84.2030258178711,50.90664291381836
2022-10-24,83.73680877685547,50.52300262451172
2022-10-25,87.26667785644531,49.28353500366211
2022-10-26,87.9041519165039,50.149192810058594
2022-10-27,86.14397430419922,48.59494400024414
2022-10-28,89.27423095703125,49.18516159057617
2022-10-31,88.18006896972656,47.965370178222656
2022-11-01,89.21714782714844,48.15227508544922
2022-11-02,85.9156265258789,46.35209274291992
2022-11-03,86.01078796386719,44.75849914550781
2022-11-04,91.13907623291016,55.97271728515625
2022-11-07,88.90316009521484,56.77935791015625
2022-11-08,89.19811248779297,59.45502471923828
2022-11-09,87.62823486328125,60.76335144042969
2022-11-10,94.65941619873047,64.36370849609375
2022-11-11,100.93895721435547,69.63636016845703
2022-11-14,99.3215103149414,66.8918228149414
2022-11-15,101.52887725830078,66.6458969116211
2022-11-16,100.1207275390625,66.222900390625
2022-11-17,100.2444076538086,65.94746398925781
2022-11-18,100.30149841308594,65.65235137939453
2022-11-21,98.78870391845703,62.67173385620117
2022-11-22,100.82479858398438,62.63238525390625
2022-11-23,101.4717788696289,63.635765075683594
2022-11-25,100.81526947021484,63.31114196777344
2022-11-28,99.86383056640625,61.32406234741211
2022-11-29,101.09117889404297,61.56999206542969
2022-11-30,104.36418151855469,63.458702087402344
2022-12-01,105.71521759033203,64.68832397460938
2022-12-02,107.07996368408203,64.46208190917969
2022-12-05,104.61772155761719,63.10456848144531
2022-12-06,103.00482177734375,61.087974548339844
2022-12-07,103.38656616210938,60.56660842895508
2022-12-08,106.27830505371094,61.028953552246094
2022-12-09,104.42681884765625,61.10764694213867
2022-12-12,106.95589447021484,61.1765022277832
2022-12-13,107.70030975341797,64.37354278564453
2022-12-14,106.36418914794922,64.4227294921875
2022-12-15,103.55835723876953,61.74705505371094
2022-12-16,101.11517333984375,63.1635856628418
2022-12-19,98.3475112915039,63.04553985595703
2022-12-20,98.50021362304688,61.98313903808594
2022-12-21,110.4966049194336,65.61300659179688
2022-12-22,111.38417053222656,65.31790161132812
2022-12-23,110.9451675415039,65.82942199707031
2022-12-27,112.19538879394531,66.08518981933594
2022-12-28,109.73311614990234,65.347412109375
2022-12-29,111.99496459960938,67.2164535522461
2022-12-30,111.67047119140625,66.63605499267578
2023-01-03,113.3310775756836,68.60346221923828
2023-01-04,115.67881774902344,72.29235076904297
2023-01-05,115.11573791503906,71.80049896240234
2023-01-06,118.84732055664062,74.10237121582031
2023-01-09,119.15272521972656,74.49585723876953
2023-01-10,120.0975341796875,74.43682861328125
2023-01-11,122.10171508789062,76.8469009399414
2023-01-12,122.0539779663086,78.50935363769531
2023-01-13,122.97020721435547,78.52903747558594
2023-01-17,122.29258728027344,80.10295867919922
2023-01-18,120.66062927246094,78.84382629394531
2023-01-19,118.84732055664062,77.17151641845703
2023-01-20,120.84195709228516,78.69625854492188
2023-01-23,122.43572998046875,79.83736419677734
2023-01-24,121.0423583984375,79.66028594970703
2023-01-25,121.03282928466797,78.70610046386719
2023-01-26,121.71041870117188,78.33229064941406
2023-01-27,121.71041870117188,79.19795227050781
2023-01-30,120.60336303710938,78.34212493896484
2023-01-31,121.5195541381836,78.74544525146484
2023-02-01,123.59052276611328,80.5357894897461
2023-02-02,123.17060089111328,84.50994873046875
2023-02-03,121.7867660522461,85.27723693847656
2023-02-06,119.9925537109375,81.84410858154297
2023-02-07,119.61080932617188,81.43095397949219
2023-02-08,117.30125427246094,81.21453857421875
2023-02-09,116.60456085205078,73.93514251708984
2023-02-10,116.65227508544922,73.39410400390625
2023-02-13,119.43901824951172,74.02367401123047
2023-02-14,120.44110870361328,73.8564453125
2023-02-15,121.66271209716797,74.37779998779297
2023-02-16,118.70415496826172,75.81400299072266
2023-02-17,119.14317321777344,75.79434204101562
2023-02-21,115.5738525390625,72.29235076904297
2023-02-22,114.42860412597656,73.02030181884766
2023-02-23,114.4858627319336,73.3350830078125
2023-02-24,112.65348052978516,71.08240509033203
2023-02-27,113.12112426757812,72.5579605102539
2023-02-28,113.3692626953125,73.7088851928711
2023-03-01,113.1688232421875,74.01383209228516
2023-03-02,114.12320709228516,75.16476440429688
2023-03-03,115.75025939941406,76.77803802490234
2023-03-06,115.01329040527344,76.94527435302734
2023-03-07,114.45819091796875,74.79095458984375
2023-03-08,114.71659851074219,76.72885131835938
2023-03-09,112.81199645996094,78.263427734375
2023-03-10,112.44829559326172,77.18135833740234
2023-03-13,111.84532928466797,76.97478485107422
2023-03-14,113.89350128173828,78.16505432128906
2023-03-15,113.09912109375,74.46633911132812
2023-03-16,115.47269439697266,74.78112030029297
2023-03-17,115.22384643554688,74.02367401123047
2023-03-20,115.99909210205078,74.90901184082031
2023-03-21,120.2198486328125,75.21395111083984
2023-03-22,114.37203979492188,73.78758239746094
2023-03-23,115.77896118164062,75.12542724609375
2023-03-24,115.53011322021484,74.8696517944336
2023-03-27,112.75455474853516,74.93852233886719
2023-03-28,112.81199645996094,75.24346160888672
2023-03-29,115.31954956054688,78.18473815917969
2023-03-30,114.94629669189453,83.19178771972656
2023-03-31,117.37730407714844,86.87083435058594
2023-04-03,116.44891357421875,87.73649597167969
2023-04-04,118.38224029541016,88.08079528808594
2023-04-05,115.71196746826172,88.11030578613281
2023-04-06,115.0611343383789,88.31687927246094
2023-04-10,116.67863464355469,88.5333023071289
2023-04-11,118.00898742675781,89.06449890136719
2023-04-12,118.3535385131836,87.92339324951172
2023-04-13,121.00466918945312,88.80872344970703
2023-04-14,120.5452651977539,89.6448745727539
2023-04-17,120.77497863769531,87.53975677490234
2023-04-18,120.79409790039062,88.16932678222656
2023-04-19,120.27727508544922,87.5791015625
2023-04-20,119.10962677001953,87.0577392578125
2023-04-21,120.1432876586914,88.43492889404297
2023-04-24,121.63633728027344,87.66764068603516
2023-04-25,119.31062316894531,85.71990966796875
2023-04-26,118.52579498291016,85.80844116210938
2023-04-27,120.30598449707031,86.19208526611328
2023-04-28,121.28219604492188,86.29045104980469
2023-05-01,122.43072509765625,86.23143005371094
2023-05-02,121.79905700683594,86.2707748413086
2023-05-03,121.30136108398438,84.87391662597656
2023-05-04,118.36310577392578,85.59203338623047
2023-05-05,121.15779113769531,92.66484832763672
2023-05-08,121.43535614013672,92.20250701904297
2023-05-09,119.73174285888672,89.1628646850586
2023-05-10,118.20996856689453,88.5037841796875
2023-05-11,116.97533416748047,89.75308227539062
2023-05-12,115.05158233642578,88.50439453125
2023-05-15,114.68788146972656,89.68986511230469
2023-05-16,111.48165130615234,87.07197570800781
2023-05-17,111.96018981933594,87.64494323730469
2023-05-18,113.76907348632812,87.81288146972656
2023-05-19,109.83544921875,85.0073013305664
2023-05-22,105.45198822021484,86.59779357910156
2023-05-23,104.112060546875,84.29602813720703
2023-05-24,103.6430892944336,81.65837860107422
2023-05-25,102.86783599853516,82.22147369384766
2023-05-26,102.89655303955078,82.3992919921875
2023-05-30,101.94902038574219,82.22147369384766
2023-05-31,100.74310302734375,80.46304321289062
2023-06-01,99.18305969238281,80.49268341064453
2023-06-02,103.49451446533203,84.75045013427734
2023-06-05,101.01710510253906,84.0095443725586
2023-06-06,101.96774291992188,84.72081756591797
2023-06-07,102.83195495605469,84.15772247314453
2023-06-08,101.97733306884766,84.79984283447266
2023-06-09,101.6508560180664,85.1456069946289
2023-06-12,102.5822982788086,90.34186553955078
2023-06-13,102.5342788696289,92.37690734863281
2023-06-14,108.37252807617188,93.42405700683594
2023-06-15,107.94043731689453,94.64903259277344
2023-06-16,109.0735092163086,94.02666473388672
2023-06-20,105.18453979492188,93.03878784179688
2023-06-21,105.60704803466797,96.20000457763672
2023-06-22,106.06796264648438,98.15602111816406
2023-06-23,105.16532897949219,95.38994598388672
2023-06-26,107.29705047607422,95.42945861816406
2023-06-27,109.09272003173828,94.49097442626953
2023-06-28,108.53577423095703,93.00914764404297
2023-06-29,108.86225128173828,93.23635864257812
2023-06-30,105.9815444946289,96.16049194335938
2023-07-03,104.77164459228516,95.63691711425781
2023-07-05,102.841552734375,93.69078063964844
2023-07-06,100.92108154296875,88.99834442138672
2023-07-07,100.30653381347656,90.31222534179688
2023-07-10,101.57403564453125,91.08277130126953
2023-07-11,103.12004089355469,93.5722427368164
2023-07-12,103.4753189086914,95.63691711425781
2023-07-13,103.55213928222656,96.50625610351562
2023-07-14,103.65776062011719,95.8344955444336
2023-07-17,104.3875503540039,96.02218627929688
2023-07-18,105.35738372802734,96.17037200927734
2023-07-19,105.51100158691406,95.40970611572266
2023-07-20,103.25446319580078,93.66114807128906
2023-07-21,104.72362518310547,94.7774658203125
2023-07-24,104.44515991210938,97.09899139404297
2023-07-25,103.99385070800781,98.5511703491211
2023-07-26,104.95409393310547,97.45462799072266
2023-07-27,103.38888549804688,97.91893005371094
2023-07-28,104.3011245727539,100.5960922241211
2023-07-31,106.000732421875,99.99348449707031
2023-08-01,105.05011749267578,98.96607971191406
2023-08-02,103.23526000976562,96.68407440185547
2023-08-03,104.3203353881836,97.21753692626953
2023-08-04,104.48355865478516,97.67195892333984
2023-08-07,106.08716583251953,97.83001708984375
2023-08-08,105.32858276367188,95.52824401855469
2023-08-09,105.32858276367188,96.14073944091797
2023-08-10,104.69482421875,98.78826141357422
2023-08-11,103.79219055175781,96.27903747558594
2023-08-14,103.3600845336914,96.18025207519531
2023-08-15,102.31343078613281,96.61492156982422
2023-08-16,102.2942123413086,98.77838134765625
2023-08-17,100.87307739257812,98.8178939819336
2023-08-18,100.64260864257812,98.74874877929688
2023-08-21,98.77015686035156,99.51929473876953
2023-08-22,97.42581939697266,98.63019561767578
2023-08-23,94.82357025146484,95.73571014404297
2023-08-24,93.74810028076172,94.14521789550781
2023-08-25,94.90998077392578,94.362548828125
2023-08-28,95.6685791015625,95.1528549194336
2023-08-29,97.72348022460938,97.7608642578125
2023-08-30,98.04036712646484,98.89692687988281
2023-08-31,97.66586303710938,98.9561996459961
2023-09-01,98.61969757080078,98.59069061279297
2023-09-05,96.65424346923828,96.7828598022461
2023-09-06,96.51936340332031,96.49637603759766
2023-09-07,94.35157012939453,93.18696594238281
2023-09-08,94.10107421875,92.95975494384766
2023-09-11,93.25322723388672,94.68855285644531
2023-09-12,92.78114318847656,92.36702728271484
2023-09-13,92.61734771728516,90.40113830566406
2023-09-14,93.63862609863281,90.0356216430664
2023-09-15,92.74259185791016,91.46805572509766
2023-09-18,92.02000427246094,89.34410858154297
2023-09-19,91.16252136230469,87.59555053710938
2023-09-20,90.60372161865234,87.34857940673828
2023-09-21,88.24323272705078,85.0073013305664
2023-09-22,87.53028106689453,85.5407485961914
2023-09-25,87.28941345214844,84.56275177001953
2023-09-26,86.8751220703125,82.99202728271484
2023-09-27,86.15252685546875,82.1523208618164
2023-09-28,86.3548583984375,81.7374038696289
2023-09-29,92.12598419189453,86.69658660888672
2023-10-02,91.10470581054688,84.91838836669922
2023-10-03,91.6153564453125,83.01177978515625
2023-10-04,92.38612365722656,84.67141723632812
2023-10-05,92.2897720336914,81.74728393554688
2023-10-06,93.56153869628906,83.52548217773438
2023-10-09,93.33993530273438,87.37821197509766
2023-10-10,94.05290985107422,88.6328353881836
2023-10-11,95.04527282714844,88.93907165527344
2023-10-12,95.62333679199219,87.96106719970703
2023-10-13,96.25921630859375,86.84476470947266
2023-10-16,98.3114013671875,89.09713745117188
2023-10-17,99.24594116210938,93.46357727050781
2023-10-18,99.97818756103516,91.47793579101562
2023-10-19,99.28449249267578,90.23319244384766
2023-10-20,98.91836547851562,88.78102111816406
2023-10-23,99.05325317382812,88.50439453125
2023-10-24,101.33665466308594,90.08502197265625
2023-10-25,99.75657653808594,88.83040618896484
2023-10-26,96.36520385742188,86.4990005493164
2023-10-27,94.39974212646484,86.46936798095703
2023-10-30,98.08016967773438,87.68446350097656
2023-10-31,99.01471710205078,87.63506317138672
2023-11-01,97.19377899169922,87.88203430175781
2023-11-02,101.24031066894531,90.18380737304688
2023-11-03,103.14795684814453,90.20355987548828
2023-11-06,103.33100891113281,91.0728988647461
2023-11-07,105.3639144897461,91.27046966552734
2023-11-08,105.392822265625,89.94671630859375
2023-11-09,103.09016418457031,90.94447326660156
2023-11-10,102.23265838623047,91.08277130126953
2023-11-13,100.39246368408203,90.05538177490234
2023-11-14,101.88582611083984,96.25928497314453
2023-11-15,103.88018798828125,95.87400817871094
2023-11-16,103.6778564453125,94.82685089111328
2023-11-17,102.0881576538086,96.96068572998047
2023-11-20,102.43498229980469,98.42274475097656
2023-11-21,102.65660858154297,99.76626586914062
2023-11-22,103.9765396118164,100.76403045654297
2023-11-24,103.70675659179688,99.86505889892578
2023-11-27,104.01507568359375,100.2404556274414
2023-11-28,104.77620697021484,101.20857238769531
2023-11-29,106.3370132446289,104.33028411865234
2023-11-30,106.24066162109375,103.59925842285156
2023-12-01,109.70146179199219,104.57725524902344
2023-12-04,111.31585693359375,104.3105239868164
2023-12-05,111.56719970703125,104.1327133178711
2023-12-06,112.243896484375,104.47846984863281
2023-12-07,110.98717498779297,102.117431640625
2023-12-08,112.05055236816406,102.84846496582031
2023-12-11,114.66065216064453,103.48070526123047
2023-12-12,115.65635681152344,103.40167236328125
2023-12-13,117.13539123535156,105.11071014404297
2023-12-14,116.99039459228516,107.22477722167969
2023-12-15,117.50276184082031,103.14482879638672
2023-12-18,117.10640716552734,103.96476745605469
2023-12-19,118.55646514892578,104.86373901367188
2023-12-20,117.38675689697266,105.05142974853516
2023-12-21,118.45012664794922,106.10848236083984
2023-12-22,104.44259643554688,100.22069549560547
2023-12-26,104.42326354980469,101.30736541748047
2023-12-27,103.5628890991211,101.93960571289062
2023-12-28,105.19662475585938,100.66524505615234
2023-12-29,104.95494842529297,100.41827392578125
2024-01-02,103.00220489501953,98.34371948242188
2024-01-03,100.57577514648438,96.52600860595703
2024-01-04,98.89371490478516,93.60187530517578
2024-01-05,98.68104553222656,93.69078063964844
2024-01-08,100.16976928710938,96.05183410644531
2024-01-09,99.31906127929688,96.00243377685547
2024-01-10,100.31476593017578,97.26692962646484
2024-01-11,102.37384033203125,96.85201263427734
2024-01-12,101.56181335449219,96.20000457763672
2024-01-16,98.33304595947266,92.11017608642578
2024-01-17,97.46299743652344,88.8205337524414
2024-01-18,97.5790023803711,88.72174072265625
2024-01-19,98.39103698730469,89.07737731933594
2024-01-22,97.2116470336914,89.334228515625
2024-01-23,98.50704193115234,89.68986511230469
2024-01-24,97.40499877929688,88.90943908691406
2024-01-25,97.41466522216797,93.9476318359375
2024-01-26,99.32872772216797,95.01455688476562
2024-01-29,100.42110443115234,95.51837158203125
2024-01-30,100.71111297607422,96.08146667480469
2024-01-31,98.14935302734375,87.0522232055664
2024-02-01,98.3717041015625,93.64139556884766
2024-02-02,97.35665893554688,94.16497802734375
2024-02-05,96.3609619140625,93.41417694091797
2024-02-06,99.19340515136719,93.32527160644531
2024-02-07,100.3341064453125,93.46357727050781
2024-02-08,100.31476593017578,92.57447814941406
2024-02-09,101.02046966552734,91.85333251953125
2024-02-12,103.61123657226562,92.40653991699219
2024-02-13,101.50381469726562,89.75901794433594
2024-02-14,102.78954315185547,92.86096954345703
2024-02-15,102.51885986328125,93.03878784179688
2024-02-16,100.06343078613281,93.63151550292969
2024-02-20,99.86042022705078,96.59516143798828
2024-02-21,101.76481628417969,97.01007843017578
2024-02-22,101.5811538696289,100.88257598876953
2024-02-23,102.11283111572266,100.74427795410156
2024-02-26,101.05913543701172,100.94184875488281
2024-02-27,101.64881896972656,100.99124908447266
2024-02-28,100.87545013427734,101.435791015625
2024-02-29,100.46945190429688,100.1021499633789
2024-03-01,98.8395767211914,100.19105529785156
2024-03-04,96.56941986083984,98.69935607910156
2024-03-05,95.37611389160156,98.89692687988281
2024-03-06,94.7164077758789,100.14167022705078
2024-03-07,95.25969696044922,101.88033294677734
2024-03-08,96.20075225830078,101.71239471435547
2024-03-11,98.06344604492188,102.12730407714844
2024-03-12,97.19032287597656,104.07343292236328
2024-03-13,98.33509826660156,108.19290924072266
2024-03-14,97.26793670654297,110.82067108154297
2024-03-15,96.66642761230469,110.2970962524414
2024-03-18,95.79328155517578,107.4421157836914
2024-03-19,96.97687530517578,107.83727264404297
2024-03-20,97.27762603759766,108.75599670410156
2024-03-21,97.81121826171875,106.28629302978516
2024-03-22,91.05892181396484,106.79999542236328
2024-03-25,90.95220947265625,108.95357513427734
2024-03-26,89.8171157836914,109.11163330078125
2024-03-27,91.32086181640625,109.8426742553711
2024-03-28,91.17535400390625,110.72188568115234
2024-04-01,89.79771423339844,110.37612915039062
2024-04-02,88.23577117919922,107.5804214477539
2024-04-03,87.63426208496094,107.43223571777344
2024-04-04,86.411865234375,107.0074462890625
2024-04-05,86.18872833251953,107.88665771484375
2024-04-08,87.31412506103516,109.49691009521484
2024-04-09,88.28427124023438,108.00520324707031
2024-04-10,86.34396362304688,106.53325653076172
2024-04-11,89.25443267822266,106.68144226074219
2024-04-12,89.25443267822266,102.69039916992188
2024-04-15,90.32160186767578,106.75059509277344
2024-04-16,90.60294342041016,109.66485595703125
2024-04-17,92.00967407226562,115.80948638916016
2024-04-18,92.88282012939453,118.27919006347656
2024-04-19,91.70893096923828,117.95318603515625
2024-04-22,91.37907409667969,118.21003723144531
2024-04-23,91.21414184570312,120.80816650390625
2024-04-24,91.81564331054688,120.24507904052734
2024-04-25,91.13653564453125,120.11664581298828
2024-04-26,91.31117248535156,122.31963348388672
2024-04-29,91.25294494628906,124.01878356933594
2024-04-30,89.50667572021484,118.6743392944336
2024-05-01,87.64395904541016,118.0420913696289
2024-05-02,89.65219116210938,119.33621978759766
2024-05-03,89.39995574951172,119.71162414550781
2024-05-06,90.57384490966797,119.96847534179688
2024-05-07,90.98130798339844,118.2890625
2024-05-08,90.79698181152344,117.90379333496094
2024-05-09,90.60294342041016,119.25718688964844
2024-05-10,88.22606658935547,119.6819839477539
2024-05-13,89.95294189453125,119.89932250976562
2024-05-14,90.0208511352539,121.90471649169922
2024-05-15,88.93428039550781,125.0659408569336
2024-05-16,89.03128814697266,122.79381561279297
2024-05-17,89.42906188964844,123.43690490722656
2024-05-20,89.03128814697266,122.5649185180664
2024-05-21,90.0499496459961,122.67391204833984
2024-05-22,89.73950958251953,120.35519409179688
2024-05-23,88.67233276367188,118.3733901977539
2024-05-24,89.01189422607422,120.78128814697266
2024-05-28,89.25443267822266,119.28501892089844
2024-05-29,88.93428039550781,121.93074035644531
2024-05-30,90.6611557006836,124.20980834960938
2024-05-31,92.21341705322266,125.42862701416016
2024-06-03,91.94070434570312,125.46826171875
2024-06-04,92.27183532714844,125.27999114990234
2024-06-05,91.86278533935547,124.6854476928711
2024-06-06,93.226318359375,124.6061782836914
2024-06-07,94.03469848632812,123.61527252197266
2024-06-10,93.4990234375,122.71354675292969
2024-06-11,93.37240600585938,120.30565643310547
2024-06-12,91.23946380615234,123.12973022460938
2024-06-13,91.7264404296875,120.92992401123047
2024-06-14,90.95701599121094,119.26520538330078
2024-06-17,92.52507019042969,117.04557800292969
2024-06-18,92.31079864501953,114.89530944824219
2024-06-20,93.08021545410156,117.47167205810547
2024-06-21,94.64827728271484,115.2817611694336
2024-06-24,94.63853454589844,116.22312927246094
2024-06-25,92.28157806396484,115.80695343017578
2024-06-26,91.60955047607422,117.8283920288086
2024-06-27,91.73616790771484,118.54183959960938
2024-06-28,73.4064712524414,118.7697525024414
2024-07-01,74.82843017578125,117.08522033691406
2024-07-02,74.05901336669922,114.76649475097656
2024-07-03,73.27984619140625,116.81766510009766
2024-07-05,73.46490478515625,118.72019958496094
2024-07-08,71.14691162109375,117.45184326171875
2024-07-09,70.57228088378906,116.07449340820312
2024-07-10,70.65019226074219,118.7796630859375
2024-07-11,71.4780502319336,121.2767333984375
2024-07-12,71.50727081298828,124.70526123046875
2024-07-15,69.45223999023438,124.56653594970703
2024-07-16,70.91315460205078,128.9661407470703
2024-07-17,71.1663818359375,126.4888916015625
2024-07-18,70.4943618774414,125.60698699951172
2024-07-19,70.80601501464844,122.81263732910156
2024-07-22,72.90975952148438,124.14044952392578
2024-07-23,71.48779296875,123.84318542480469
2024-07-24,69.23796081542969,124.03144836425781
2024-07-25,69.54964447021484,122.88200378417969
2024-07-26,70.66967010498047,125.42862701416016
2024-07-29,71.63388061523438,127.0537109375
2024-07-30,72.38381958007812,126.54834747314453
2024-07-31,72.90975952148438,123.81344604492188
2024-08-01,71.92605590820312,120.44438171386719
2024-08-02,72.0819091796875,119.32465362548828
2024-08-05,69.55937194824219,117.71939849853516
2024-08-06,70.61123657226562,115.3709487915039
2024-08-07,70.72811889648438,115.85649108886719
2024-08-08,72.25721740722656,116.68885040283203
2024-08-09,72.4032974243164,116.19340515136719
2024-08-12,72.69548034667969,115.12322235107422
2024-08-13,76.45492553710938,116.92666625976562
2024-08-14,76.47440338134766,118.6012954711914
2024-08-15,80.35071563720703,119.12648010253906
2024-08-16,81.06169891357422,118.49230194091797
2024-08-19,81.11038970947266,119.76065826416016
2024-08-20,81.38310241699219,117.91757202148438
2024-08-21,81.81163787841797,120.0975570678711
2024-08-22,81.23700714111328,119.17601776123047
2024-08-23,81.86033630371094,121.12809753417969
2024-08-26,82.08433532714844,121.15782928466797
2024-08-27,83.06803131103516,123.74408721923828
2024-08-28,80.63316345214844,125.13135528564453
2024-08-29,81.0909194946289,126.22134399414062
2024-08-30,81.14935302734375,127.39060974121094
2024-09-03,79.55474090576172,125.40880584716797
2024-09-04,79.26124572753906,123.20899963378906
2024-09-05,79.07537078857422,122.15863800048828
2024-09-06,78.87971496582031,121.39564514160156
2024-09-09,77.76445770263672,117.3527603149414
2024-09-10,76.39485168457031,115.07367706298828
2024-09-11,76.69813537597656,117.44193267822266
2024-09-12,76.69813537597656,120.38491821289062
2024-09-13,77.29488372802734,119.80029296875
2024-09-16,78.06773376464844,121.34609985351562
2024-09-17,78.8895034790039,121.9109115600586
2024-09-18,79.14385986328125,121.92082214355469
2024-09-19,79.22212982177734,123.50627136230469
2024-09-20,84.64186096191406,120.8308334350586
2024-09-23,84.32880401611328,120.62274169921875
2024-09-24,85.56145477294922,122.28746032714844
2024-09-25,86.08972930908203,122.78291320800781
2024-09-26,87.4495620727539,129.7588653564453
2024-09-27,87.49847412109375,132.18658447265625
2024-09-30,86.48104858398438,131.48304748535156
2024-10-01,87.19519805908203,128.18333435058594
2024-10-02,81.29610443115234,129.53097534179688
2024-10-03,80.31780242919922,129.20396423339844
2024-10-04,80.46455383300781,130.04624938964844
2024-10-07,79.07537078857422,129.0751495361328
2024-10-08,79.01667785644531,128.42115783691406
2024-10-09,80.66020965576172,128.37161254882812
2024-10-10,80.31780242919922,126.35016632080078
2024-10-11,80.36671447753906,126.90508270263672
2024-10-14,79.82865905761719,128.27252197265625
2024-10-15,80.3373794555664,128.46078491210938
2024-10-16,82.11786651611328,120.17683410644531
2024-10-17,81.58959197998047,121.21728515625
2024-10-18,81.12000274658203,122.63427734375
2024-10-21,79.71126556396484,119.32465362548828
2024-10-22,79.65257263183594,117.84821319580078
2024-10-23,78.31230926513672,114.95477294921875
2024-10-24,77.32423400878906,115.81685638427734
2024-10-25,77.13835906982422,115.82676696777344
2024-10-28,77.19705963134766,114.27104949951172
2024-10-29,76.69813537597656,118.3733901977539
2024-10-30,74.79045104980469,118.95802307128906
2024-10-31,75.45569610595703,118.4526596069336
2024-11-01,76.3655014038086,119.99846649169922
2024-11-04,75.51439666748047,118.79947662353516
2024-11-05,76.28724670410156,119.4138412475586
2024-11-06,73.68498229980469,113.5774154663086
2024-11-07,74.27195739746094,119.36428833007812
2024-11-08,74.23282623291016,116.3321304321289
2024-11-11,74.93720245361328,117.46176147460938
2024-11-12,74.99590301513672,114.89530944824219
2024-11-13,74.85893249511719,113.29005432128906
2024-11-14,74.03717803955078,113.21077728271484
2024-11-15,74.99590301513672,112.1604232788086
2024-11-18,73.26432037353516,112.48741912841797
2024-11-19,72.30558776855469,111.9126968383789
2024-11-20,71.76752471923828,112.10096740722656
2024-11-21,73.46975708007812,109.83179473876953
2024-11-22,75.71983337402344,110.69387817382812
2024-11-25,77.53946685791016,114.75658416748047
2024-11-26,75.92528533935547,115.06377410888672
2024-11-27,76.6394271850586,115.1628646850586
2024-11-29,77.06008911132812,116.76811981201172
2024-12-02,77.76805114746094,120.04801940917969
2024-12-03,77.54190063476562,122.20819091796875
2024-12-04,77.06009674072266,122.81263732910156
2024-12-05,77.26658630371094,125.0025405883789
2024-12-06,77.57140350341797,126.59789276123047
2024-12-09,76.34229278564453,124.75481414794922
2024-12-10,75.45733642578125,120.51374053955078
2024-12-11,77.53207397460938,125.63671875
2024-12-12,76.65695190429688,126.4988021850586
2024-12-13,75.95881652832031,125.0818099975586
2024-12-16,75.9096450805664,126.78616333007812
2024-12-17,76.69627380371094,125.58716583251953
2024-12-18,75.61466217041016,122.76309204101562
2024-12-19,75.81132507324219,120.75155639648438
2024-12-20,75.65399932861328,121.64337158203125
2024-12-23,75.47700500488281,121.31637573242188
2024-12-24,75.50650787353516,121.86137390136719
2024-12-26,75.65399932861328,122.97118377685547
2024-12-27,75.14268493652344,121.59382629394531
2024-12-30,73.40227508544922,121.2767333984375
2024-12-31,74.40521240234375,120.6623764038086
