Date,SLB,HAL
2018-01-02,55.69707107543945,42.53623962402344
2018-01-03,57.14719772338867,43.29935836791992
2018-01-04,58.56526184082031,44.268218994140625
2018-01-05,58.965850830078125,44.43113327026367
2018-01-08,59.92725372314453,44.8341178894043
2018-01-09,60.007354736328125,44.67978286743164
2018-01-10,60.568180084228516,44.98844909667969
2018-01-11,61.72986602783203,45.725826263427734
2018-01-12,62.46695327758789,45.56291198730469
2018-01-16,61.82600784301758,44.696929931640625
2018-01-17,61.85806655883789,45.314266204833984
2018-01-18,61.185096740722656,44.89413833618164
2018-01-19,61.22513961791992,45.45145034790039
2018-01-22,63.925071716308594,48.35807418823242
2018-01-23,63.460384368896484,48.726768493652344
2018-01-24,62.635189056396484,47.449222564697266
2018-01-25,61.954185485839844,47.32918930053711
2018-01-26,62.178524017333984,47.68072509765625
2018-01-29,61.19308090209961,46.9862174987793
2018-01-30,59.71894836425781,46.42033386230469
2018-01-31,58.949825286865234,46.043060302734375
2018-02-01,60.49608612060547,46.73756408691406
2018-02-02,59.03795623779297,44.74837875366211
2018-02-05,57.16322326660156,42.90494155883789
2018-02-06,57.316524505615234,43.410804748535156
2018-02-07,56.27571487426758,42.604835510253906
2018-02-08,54.379695892333984,40.64993667602539
2018-02-09,52.59662628173828,40.041168212890625
2018-02-12,53.92786407470703,41.087223052978516
2018-02-13,53.18559646606445,40.6328010559082
2018-02-14,53.14524841308594,41.044349670410156
2018-02-15,53.41956329345703,40.2040901184082
2018-02-16,53.47605514526367,40.727108001708984
2018-02-20,52.93548583984375,40.435585021972656
2018-02-21,51.959228515625,39.91257095336914
2018-02-22,52.411048889160156,40.40986251831055
2018-02-23,53.6535530090332,41.54164505004883
2018-02-26,53.83912658691406,41.35302734375
2018-02-27,53.984352111816406,40.82999801635742
2018-02-28,52.959686279296875,39.80109786987305
2018-03-01,52.62083435058594,39.466712951660156
2018-03-02,52.82252883911133,39.466712951660156
2018-03-05,53.37923812866211,39.66391372680664
2018-03-06,53.758445739746094,39.52619171142578
2018-03-07,53.43570327758789,39.44873046875
2018-03-08,53.84718704223633,39.603668212890625
2018-03-09,55.49311065673828,40.44720458984375
2018-03-12,54.936397552490234,40.3869514465332
2018-03-13,54.16992950439453,39.68113327026367
2018-03-14,53.59708023071289,39.80165100097656
2018-03-15,52.72570037841797,38.98392105102539
2018-03-16,53.33082962036133,39.51759719848633
2018-03-19,52.201263427734375,38.458839416503906
2018-03-20,52.89512634277344,39.15607452392578
2018-03-21,54.65400314331055,40.55049514770508
2018-03-22,52.86286163330078,39.92213821411133
2018-03-23,51.74946212768555,39.97378921508789
2018-03-26,52.00764083862305,40.6365852355957
2018-03-27,52.023780822753906,40.3525276184082
2018-03-28,50.999114990234375,39.63809585571289
2018-03-29,52.26581954956055,40.404170989990234
2018-04-02,51.216957092285156,39.67251205444336
2018-04-03,52.27389907836914,40.28366470336914
2018-04-04,52.290035247802734,40.26644515991211
2018-04-05,53.0645637512207,41.041133880615234
2018-04-06,51.92695999145508,40.45581817626953
2018-04-09,51.846282958984375,40.077083587646484
2018-04-10,53.822975158691406,42.02240753173828
2018-04-11,54.500728607177734,42.685184478759766
2018-04-12,54.5087890625,43.2188606262207
2018-04-13,54.82344436645508,43.709495544433594
2018-04-16,55.283329010009766,43.69228744506836
2018-04-17,55.396297454833984,43.80418014526367
2018-04-18,56.75173568725586,44.837093353271484
2018-04-19,56.70332717895508,44.76823425292969
2018-04-20,55.856170654296875,44.72519302368164
2018-04-23,55.597984313964844,44.80266571044922
2018-04-24,55.089691162109375,44.217350006103516
2018-04-25,55.75128173828125,44.54443359375
2018-04-26,56.049808502197266,45.27608108520508
2018-04-27,55.73514938354492,45.474063873291016
2018-04-30,55.31559371948242,45.611785888671875
2018-05-01,55.186519622802734,45.138362884521484
2018-05-02,55.396297454833984,45.31052017211914
2018-05-03,54.63786315917969,45.02647399902344
2018-05-04,55.50117111206055,44.92317581176758
2018-05-07,55.840023040771484,44.78544998168945
2018-05-08,56.106285095214844,44.647727966308594
2018-05-09,57.18741989135742,45.36216735839844
2018-05-10,57.38105773925781,45.370765686035156
2018-05-11,57.348793029785156,45.000648498535156
2018-05-14,57.76835250854492,45.189998626708984
2018-05-15,57.76835250854492,45.37938690185547
2018-05-16,58.98663330078125,45.594566345214844
2018-05-17,60.051639556884766,46.79962921142578
2018-05-18,59.938690185546875,46.756591796875
2018-05-21,60.53574752807617,46.82546615600586
2018-05-22,59.48686599731445,45.826969146728516
2018-05-23,59.260955810546875,45.551536560058594
2018-05-24,57.46175003051758,44.99202346801758
2018-05-25,55.34786605834961,43.20165252685547
2018-05-29,54.92026901245117,42.831520080566406
2018-05-30,56.05786895751953,43.391014099121094
2018-05-31,55.40435028076172,42.81430435180664
2018-06-01,55.638328552246094,42.24620819091797
2018-06-04,55.72707748413086,41.2735481262207
2018-06-05,55.6376838684082,41.359947204589844
2018-06-06,55.98714828491211,41.7314567565918
2018-06-07,56.56417465209961,42.27579116821289
2018-06-08,56.426025390625,41.55866241455078
2018-06-11,56.78359603881836,41.35131072998047
2018-06-12,55.7514533996582,41.35131072998047
2018-06-13,55.23946762084961,41.1871337890625
2018-06-14,55.53203201293945,41.238975524902344
2018-06-15,54.31298828125,40.26264953613281
2018-06-18,54.483638763427734,40.27993392944336
2018-06-19,53.39462661743164,39.83928680419922
2018-06-20,53.27272033691406,39.493682861328125
2018-06-21,52.655067443847656,38.81112289428711
2018-06-22,54.10980224609375,39.934329986572266
2018-06-25,53.175193786621094,39.08760452270508
2018-06-26,53.654685974121094,39.174015045166016
2018-06-27,54.296714782714844,39.60601806640625
2018-06-28,54.459259033203125,39.42456817626953
2018-06-29,54.47550582885742,38.932090759277344
2018-07-02,52.99640655517578,38.42232894897461
2018-07-03,53.50839614868164,38.474159240722656
2018-07-05,53.9879035949707,38.4050407409668
2018-07-06,54.47550582885742,38.819766998291016
2018-07-09,55.540157318115234,39.597373962402344
2018-07-10,56.474769592285156,39.96889114379883
2018-07-11,55.540157318115234,38.96664047241211
2018-07-12,54.83311080932617,38.81112289428711
2018-07-13,55.32886505126953,39.182655334472656
2018-07-16,54.79246520996094,38.845680236816406
2018-07-17,54.239830017089844,38.932090759277344
2018-07-18,54.49989318847656,38.70743942260742
2018-07-19,54.386112213134766,38.845680236816406
2018-07-20,53.71157455444336,39.053043365478516
2018-07-23,53.427127838134766,35.89078140258789
2018-07-24,53.24833679199219,34.86262893676758
2018-07-25,53.45963668823242,34.40468978881836
2018-07-26,54.33735275268555,35.692073822021484
2018-07-27,54.483638763427734,36.11543273925781
2018-07-30,54.9224967956543,36.538795471191406
2018-07-31,54.873748779296875,36.65111541748047
2018-08-01,54.17482376098633,36.34007263183594
2018-08-02,53.589664459228516,36.210472106933594
2018-08-03,53.549041748046875,36.33142852783203
2018-08-06,53.427127838134766,36.25366973876953
2018-08-07,54.19107437133789,36.31414794921875
2018-08-08,53.971649169921875,36.31414794921875
2018-08-09,53.150821685791016,35.864871978759766
2018-08-10,53.67094039916992,36.236385345458984
2018-08-13,52.80134963989258,35.29460906982422
2018-08-14,52.663204193115234,35.139102935791016
2018-08-15,50.62330627441406,34.3010139465332
2018-08-16,50.785850524902344,34.361488342285156
2018-08-17,51.062164306640625,34.5343017578125
2018-08-20,51.60667419433594,34.90582275390625
2018-08-21,52.630672454833984,35.346473693847656
2018-08-22,52.89888381958008,35.59701919555664
2018-08-23,52.541297912597656,35.277339935302734
2018-08-24,53.02890396118164,35.26006317138672
2018-08-27,52.70383071899414,35.43285369873047
2018-08-28,52.06991958618164,35.139102935791016
2018-08-29,52.41124725341797,35.18229675292969
2018-08-30,52.28934097290039,34.75030517578125
2018-08-31,51.330352783203125,34.465171813964844
2018-09-04,50.72415542602539,34.265560150146484
2018-09-05,49.98687744140625,32.22593688964844
2018-09-06,49.32334899902344,31.99159812927246
2018-09-07,48.90555953979492,31.939531326293945
2018-09-10,49.13492202758789,31.84405517578125
2018-09-11,49.4134521484375,32.4168815612793
2018-09-12,49.82305145263672,33.1025390625
2018-09-13,49.98687744140625,33.354251861572266
2018-09-14,50.15891647338867,33.52782440185547
2018-09-17,49.945926666259766,33.59725570678711
2018-09-18,49.96231460571289,33.987815856933594
2018-09-19,50.15891647338867,34.76896286010742
2018-09-20,50.43743133544922,35.05537414550781
2018-09-21,50.07700729370117,35.33310317993164
2018-09-24,50.46202087402344,35.63686752319336
2018-09-25,51.22385787963867,35.89725112915039
2018-09-26,49.87221145629883,35.65422821044922
2018-09-27,50.10976028442383,35.22895431518555
2018-09-28,49.90495681762695,35.17686462402344
2018-10-01,50.45382308959961,35.6281852722168
2018-10-02,50.6995735168457,36.201019287109375
2018-10-03,51.297576904296875,36.27913284301758
2018-10-04,51.486000061035156,36.35723876953125
2018-10-05,51.608882904052734,36.45271682739258
2018-10-08,51.55972671508789,36.461395263671875
2018-10-09,51.69898986816406,36.57422637939453
2018-10-10,49.82305145263672,35.2723388671875
2018-10-11,48.43042755126953,34.49989318847656
2018-10-12,48.602455139160156,34.36970520019531
2018-10-15,48.78268051147461,34.54328918457031
2018-10-16,48.8891716003418,34.786312103271484
2018-10-17,48.52873229980469,34.33498764038086
2018-10-18,47.86518478393555,32.98103332519531
2018-10-19,47.89795684814453,32.581783294677734
2018-10-22,46.53810501098633,31.592355728149414
2018-10-23,45.12909698486328,30.89801788330078
2018-10-24,43.4251823425293,29.70897102355957
2018-10-25,43.66274642944336,30.151613235473633
2018-10-26,43.3350715637207,30.498779296875
2018-10-29,42.14725875854492,29.873865127563477
2018-10-30,42.85994338989258,30.42934226989746
2018-10-31,42.03256607055664,30.09952735900879
2018-11-01,42.319271087646484,30.177650451660156
2018-11-02,42.10630416870117,30.290470123291016
2018-11-05,42.56504440307617,31.028202056884766
2018-11-06,42.66333770751953,31.045557022094727
2018-11-07,42.85994338989258,31.601030349731445
2018-11-08,42.25375747680664,30.698402404785156
2018-11-09,41.2870979309082,30.359901428222656
2018-11-12,40.508872985839844,29.648210525512695
2018-11-13,38.78040313720703,28.00783920288086
2018-11-14,39.1654052734375,27.9904842376709
2018-11-15,39.38658905029297,28.164064407348633
2018-11-16,39.50126647949219,28.17274284362793
2018-11-19,39.57500076293945,28.63274574279785
2018-11-20,38.419952392578125,27.2874698638916
2018-11-21,39.02614212036133,27.712745666503906
2018-11-23,37.98577117919922,26.645198822021484
2018-11-26,38.198760986328125,27.599916458129883
2018-11-27,37.84649658203125,27.669353485107422
2018-11-28,38.01853561401367,27.921051025390625
2018-11-29,37.600765228271484,27.678024291992188
2018-11-30,36.945411682128906,27.278785705566406
2018-12-03,37.928436279296875,28.34632682800293
2018-12-04,36.53717041015625,27.2874698638916
2018-12-06,35.04652786254883,26.0042781829834
2018-12-07,35.642791748046875,25.90825080871582
2018-12-10,34.75668716430664,25.559083938598633
2018-12-11,34.15215301513672,25.140077590942383
2018-12-12,34.31776809692383,25.847148895263672
2018-12-13,33.96996307373047,26.109025955200195
2018-12-14,32.37995147705078,25.31467056274414
2018-12-17,32.33854675292969,25.393226623535156
2018-12-18,31.33650016784668,25.297208786010742
2018-12-19,31.295095443725586,24.127490997314453
2018-12-20,29.978361129760742,23.691038131713867
2018-12-21,29.564306259155273,22.564970016479492
2018-12-24,29.141950607299805,21.945194244384766
2018-12-26,30.31789779663086,23.07126235961914
2018-12-27,30.086021423339844,23.010156631469727
2018-12-28,30.309621810913086,23.09745216369629
2018-12-31,29.878984451293945,23.202198028564453
2019-01-02,30.806493759155273,23.830707550048828
2019-01-03,31.13775634765625,23.682302474975586
2019-01-04,32.371665954589844,24.80837631225586
2019-01-07,33.26604461669922,25.15753936767578
2019-01-08,33.68011474609375,25.489248275756836
2019-01-09,34.15215301513672,26.187583923339844
2019-01-10,34.49169158935547,26.947025299072266
2019-01-11,34.56622314453125,26.798627853393555
2019-01-14,34.218406677246094,26.51056480407715
2019-01-15,34.549652099609375,26.49311065673828
2019-01-16,34.16042709350586,26.50183868408203
2019-01-17,34.25980758666992,26.973217010498047
2019-01-18,37.042327880859375,28.151657104492188
2019-01-22,36.40465545654297,27.28746223449707
2019-01-23,35.86637496948242,27.104150772094727
2019-01-24,36.07341766357422,27.24382209777832
2019-01-25,37.265926361083984,28.020715713500977
2019-01-28,36.63654708862305,27.261274337768555
2019-01-29,36.43779373168945,26.929567337036133
2019-01-30,37.265926361083984,27.558069229125977
2019-01-31,36.61170196533203,27.374759674072266
2019-02-01,36.90155029296875,28.03817367553711
2019-02-04,36.93467712402344,28.151657104492188
2019-02-05,37.38185501098633,28.195295333862305
2019-02-06,37.323890686035156,27.959611892700195
2019-02-07,35.99059295654297,26.624046325683594
2019-02-08,35.427467346191406,25.92571258544922
2019-02-11,36.18107986450195,26.362171173095703
2019-02-12,36.90989303588867,26.92083740234375
2019-02-13,37.211463928222656,27.409671783447266
2019-02-14,36.976890563964844,27.584259033203125
2019-02-15,37.65545654296875,27.802490234375
2019-02-19,38.14971160888672,27.67154884338379
2019-02-20,38.4512939453125,28.18657112121582
2019-02-21,37.46277618408203,27.392213821411133
2019-02-22,37.161197662353516,27.339845657348633
2019-02-25,37.52141571044922,27.71519660949707
2019-02-26,37.119327545166016,27.531883239746094
2019-02-27,37.15282440185547,27.278736114501953
2019-02-28,36.90989303588867,26.789897918701172
2019-03-01,37.856510162353516,26.999406814575195
2019-03-04,37.89839172363281,27.043048858642578
2019-03-05,37.52141571044922,26.595252990722656
2019-03-06,36.33186340332031,25.32213020324707
2019-03-07,35.59467315673828,24.523122787475586
2019-03-08,34.58940887451172,24.119232177734375
2019-03-11,35.2512092590332,24.48800277709961
2019-03-12,35.67844009399414,24.663606643676758
2019-03-13,36.1475715637207,25.023597717285156
2019-03-14,36.097293853759766,24.99725914001465
2019-03-15,35.510894775390625,24.55824851989746
2019-03-18,36.323486328125,25.348468780517578
2019-03-19,36.2313346862793,25.690898895263672
2019-03-20,37.10255432128906,26.42843246459961
2019-03-21,37.0439338684082,26.375749588012695
2019-03-22,35.577919006347656,25.225540161132812
2019-03-25,35.577919006347656,24.795312881469727
2019-03-26,36.06380081176758,24.99725914001465
2019-03-27,35.75382995605469,25.076282501220703
2019-03-28,36.541290283203125,25.629436492919922
2019-03-29,36.4994010925293,25.72601318359375
2019-04-01,37.49629592895508,26.46354866027832
2019-04-02,37.270111083984375,26.287948608398438
2019-04-03,36.51614761352539,26.2791690826416
2019-04-04,36.943389892578125,26.709400177001953
2019-04-05,37.69733810424805,27.192306518554688
2019-04-08,38.67747497558594,27.473278045654297
2019-04-09,38.1832275390625,27.051828384399414
2019-04-10,38.15808868408203,27.253774642944336
2019-04-11,37.95703125,27.394254684448242
2019-04-12,38.241859436035156,27.508399963378906
2019-04-15,38.87016296386719,27.473278045654297
2019-04-16,39.65760803222656,27.929847717285156
2019-04-17,39.71623992919922,27.736684799194336
2019-04-18,38.166473388671875,27.33279800415039
2019-04-22,38.40940475463867,27.297672271728516
2019-04-23,38.44292068481445,27.350353240966797
2019-04-24,37.06067657470703,26.43721580505371
2019-04-25,36.273216247558594,25.65576934814453
2019-04-26,36.273216247558594,25.33090591430664
2019-04-29,36.38212585449219,25.260663986206055
2019-04-30,35.75382995605469,24.87433433532715
2019-05-01,34.65642166137695,24.224594116210938
2019-05-02,34.446990966796875,24.356298446655273
2019-05-03,34.581031799316406,24.382644653320312
2019-05-06,34.547515869140625,24.25971794128418
2019-05-07,34.01137161254883,23.653888702392578
2019-05-08,33.73492431640625,23.267555236816406
2019-05-09,33.73492431640625,22.81976318359375
2019-05-10,33.14015579223633,22.266613006591797
2019-05-13,31.967357635498047,21.643213272094727
2019-05-14,32.6710319519043,22.328073501586914
2019-05-15,32.947479248046875,22.468557357788086
2019-05-16,33.39146041870117,22.723180770874023
2019-05-17,32.68778991699219,22.108570098876953
2019-05-20,32.77155685424805,22.02076530456543
2019-05-21,33.08989334106445,22.468557357788086
2019-05-22,32.11812973022461,21.722238540649414
2019-05-23,31.40607452392578,20.64227294921875
2019-05-24,30.99559211730957,20.16814422607422
2019-05-28,30.576736450195312,20.185701370239258
2019-05-29,30.30866813659668,20.203264236450195
2019-05-30,29.47093391418457,19.465726852416992
2019-05-31,29.06045913696289,18.69306755065918
2019-06-03,29.730632781982422,18.96525764465332
2019-06-04,30.359403610229492,19.44336700439453
2019-06-05,29.688154220581055,18.761615753173828
2019-06-06,29.781620025634766,19.080352783203125
2019-06-07,30.24894142150879,19.15118980407715
2019-06-10,30.13849449157715,19.26629066467285
2019-06-11,31.175113677978516,19.549612045288086
2019-06-12,30.231952667236328,18.655364990234375
2019-06-13,31.26007080078125,19.17774772644043
2019-06-14,30.52935028076172,18.929845809936523
2019-06-17,31.149621963500977,19.45222282409668
2019-06-18,31.3790283203125,19.673574447631836
2019-06-19,31.02216148376465,19.310556411743164
2019-06-20,32.50062561035156,20.2579345703125
2019-06-21,33.03592300415039,20.222524642944336
2019-06-24,32.84050369262695,19.93033790588379
2019-06-25,32.78102111816406,19.921485900878906
2019-06-26,33.154884338378906,20.5412654876709
2019-06-27,33.231361389160156,20.125123977661133
2019-06-28,33.76666259765625,20.133974075317383
2019-07-01,33.4097900390625,20.319913864135742
2019-07-02,33.29083251953125,20.05430030822754
2019-07-03,33.554237365722656,20.222524642944336
2019-07-05,33.62221145629883,20.390743255615234
2019-07-08,33.89411926269531,20.58553695678711
2019-07-09,34.157527923583984,20.868865966796875
2019-07-10,34.51438903808594,20.89542579650879
2019-07-11,34.81178283691406,21.116769790649414
2019-07-12,34.675838470458984,21.028234481811523
2019-07-15,34.38694381713867,20.771467208862305
2019-07-16,34.04705047607422,20.2579345703125
2019-07-17,32.823516845703125,19.283994674682617
2019-07-18,32.95095443725586,19.195459365844727
2019-07-19,32.89148712158203,19.25743865966797
2019-07-22,33.554237365722656,21.019380569458008
2019-07-23,33.7751579284668,21.10791778564453
2019-07-24,34.267982482910156,21.063648223876953
2019-07-25,33.945106506347656,20.558971405029297
2019-07-26,33.996070861816406,20.390743255615234
2019-07-29,33.316314697265625,19.63815689086914
2019-07-30,33.605220794677734,20.5412654876709
2019-07-31,33.962100982666016,20.364187240600586
2019-08-01,32.721534729003906,19.17774772644043
2019-08-02,31.795373916625977,18.5933895111084
2019-08-05,30.580326080322266,17.982458114624023
2019-08-06,30.12998390197754,17.663721084594727
2019-08-07,29.51820945739746,17.398094177246094
2019-08-08,29.917564392089844,17.64600944519043
2019-08-09,29.33977699279785,17.282997131347656
2019-08-12,29.118860244750977,17.18560028076172
2019-08-13,29.42475700378418,17.24757957458496
2019-08-14,27.47895622253418,16.229372024536133
2019-08-15,26.892675399780273,16.158533096313477
2019-08-16,27.80184555053711,16.707487106323242
2019-08-19,28.974414825439453,17.11476707458496
2019-08-20,28.804471969604492,16.875707626342773
2019-08-21,28.62604331970215,16.46842384338379
2019-08-22,28.643030166625977,16.530405044555664
2019-08-23,27.21555519104004,15.689278602600098
2019-08-26,26.84169578552246,15.494484901428223
2019-08-27,26.55279541015625,15.326261520385742
2019-08-28,26.867183685302734,15.937185287475586
2019-08-29,27.41098976135254,16.406455993652344
2019-08-30,27.55542755126953,16.680923461914062
2019-09-03,27.37420654296875,16.770315170288086
2019-09-04,28.461572647094727,16.770315170288086
2019-09-05,29.39361000061035,16.98487091064453
2019-09-06,29.51443099975586,17.06531524658203
2019-09-09,31.266313552856445,17.834110260009766
2019-09-10,32.327796936035156,17.90561866760254
2019-09-11,32.20697021484375,17.92349624633789
2019-09-12,31.84452247619629,17.655323028564453
2019-09-13,32.21559524536133,18.120168685913086
2019-09-16,33.92434310913086,20.104713439941406
2019-09-17,32.940528869628906,18.799564361572266
2019-09-18,32.8197021484375,18.602893829345703
2019-09-19,32.58667755126953,18.70122718811035
2019-09-20,32.189720153808594,18.272136688232422
2019-09-23,32.21559524536133,18.42410659790039
2019-09-24,30.6881046295166,17.42289161682129
2019-09-25,30.41194725036621,17.37820053100586
2019-09-26,29.807851791381836,17.226224899291992
2019-09-27,29.626619338989258,16.743499755859375
2019-09-30,29.488540649414062,16.850772857666016
2019-10-01,28.219942092895508,16.609407424926758
2019-10-02,27.408721923828125,16.24289321899414
2019-10-03,27.658987045288086,16.663042068481445
2019-10-04,27.512283325195312,16.582590103149414
2019-10-07,27.4432430267334,16.412742614746094
2019-10-08,26.50257682800293,16.31440544128418
2019-10-09,26.666549682617188,16.332290649414062
2019-10-10,26.813257217407227,16.475311279296875
2019-10-11,28.030086517333984,16.940166473388672
2019-10-14,28.107749938964844,16.770315170288086
2019-10-15,28.314868927001953,16.716684341430664
2019-10-16,27.572690963745117,16.35910415649414
2019-10-17,27.52090835571289,16.546831130981445
2019-10-18,27.88336753845215,16.475311279296875
2019-10-21,28.988006591796875,17.53016471862793
2019-10-22,30.04949378967285,17.789409637451172
2019-10-23,30.489612579345703,18.066532135009766
2019-10-24,30.299755096435547,17.798349380493164
2019-10-25,30.282495498657227,18.307897567749023
2019-10-28,30.22208023071289,18.14698600769043
2019-10-29,30.023597717285156,18.21849822998047
2019-10-30,28.565135955810547,17.37820053100586
2019-10-31,28.2113094329834,17.208351135253906
2019-11-01,29.72154998779297,17.959260940551758
2019-11-04,31.274940490722656,18.83531951904297
2019-11-05,31.689178466796875,18.81743621826172
2019-11-06,30.6881046295166,18.415164947509766
2019-11-07,31.13686180114746,18.73698616027832
2019-11-08,31.361238479614258,19.02305030822754
2019-11-11,31.421655654907227,18.99622917175293
2019-11-12,31.24904441833496,18.799564361572266
2019-11-13,30.230714797973633,18.433046340942383
2019-11-14,29.95455551147461,18.17380142211914
2019-11-15,30.5155029296875,18.307897567749023
2019-11-18,29.937292098999023,18.021835327148438
2019-11-19,29.609357833862305,17.789409637451172
2019-11-20,31.188640594482422,18.35259246826172
2019-11-21,31.602872848510742,18.88895606994629
2019-11-22,31.594249725341797,18.763803482055664
2019-11-25,31.99985694885254,19.076679229736328
2019-11-26,31.40438461303711,18.620771408081055
2019-11-27,31.732324600219727,19.13926124572754
2019-11-29,31.24041748046875,18.763803482055664
2019-12-02,31.378503799438477,19.031986236572266
2019-12-03,30.61722755432129,18.585018157958984
2019-12-04,31.667261123657227,19.360515594482422
2019-12-05,31.369752883911133,19.3154354095459
2019-12-06,32.27978515625,20.136016845703125
2019-12-09,32.51603698730469,20.352445602416992
2019-12-10,32.673545837402344,20.550823211669922
2019-12-11,33.60107421875,21.082853317260742
2019-12-12,34.18734359741211,21.91246223449707
2019-12-13,34.1260871887207,21.632923126220703
2019-12-16,34.47610092163086,21.957548141479492
2019-12-17,34.528594970703125,22.264150619506836
2019-12-18,34.668609619140625,22.128883361816406
2019-12-19,34.659854888916016,22.074777603149414
2019-12-20,34.502349853515625,22.083797454833984
2019-12-23,35.6923828125,22.44449234008789
2019-12-24,35.569889068603516,22.41744613647461
2019-12-26,35.0623664855957,22.128883361816406
2019-12-27,35.001121520996094,22.002639770507812
2019-12-30,35.35112762451172,22.14691925048828
2019-12-31,35.17612075805664,22.06576156616211
2020-01-02,35.14986801147461,22.255126953125
2020-01-03,35.49113082885742,22.327266693115234
2020-01-06,35.71864318847656,22.895366668701172
2020-01-07,35.53488540649414,22.246110916137695
2020-01-08,34.484840393066406,21.687028884887695
2020-01-09,34.878604888916016,21.813270568847656
2020-01-10,34.85236358642578,21.714082717895508
2020-01-13,34.32733917236328,21.41650390625
2020-01-14,34.58985137939453,21.587833404541016
2020-01-15,33.53982162475586,21.254192352294922
2020-01-16,33.93357467651367,21.470609664916992
2020-01-17,33.5748176574707,21.605867385864258
2020-01-21,32.332279205322266,21.434537887573242
2020-01-22,32.09601974487305,21.57881736755371
2020-01-23,31.877273559570312,21.26320457458496
2020-01-24,31.299739837646484,20.830364227294922
2020-01-27,29.7159481048584,19.522830963134766
2020-01-28,29.7159481048584,19.910579681396484
2020-01-29,29.514686584472656,19.50480079650879
2020-01-30,29.785951614379883,19.79335594177246
2020-01-31,29.322179794311523,19.667110443115234
2020-02-03,29.27843475341797,19.387569427490234
2020-02-04,29.81220245361328,19.54086685180664
2020-02-05,30.687231063842773,20.361459732055664
2020-02-06,30.19721221923828,20.07289695739746
2020-02-07,30.11845588684082,19.658092498779297
2020-02-10,30.05721092224121,19.297399520874023
2020-02-11,30.447908401489258,19.594970703125
2020-02-12,31.12274742126465,20.154056549072266
2020-02-13,30.785329818725586,20.009777069091797
2020-02-14,30.56334114074707,19.946653366088867
2020-02-18,29.879615783691406,19.712202072143555
2020-02-19,30.447908401489258,20.090930938720703
2020-02-20,30.039445877075195,19.79335594177246
2020-02-21,29.648744583129883,19.171152114868164
2020-02-24,27.464378356933594,17.881650924682617
2020-02-25,26.052541732788086,17.142223358154297
2020-02-26,25.200103759765625,16.592153549194336
2020-02-27,23.832660675048828,15.681392669677734
2020-02-28,24.054645538330078,15.2936372756958
2020-03-02,24.676219940185547,15.52808952331543
2020-03-03,23.806018829345703,14.534806251525879
2020-03-04,24.04576301574707,14.024492263793945
2020-03-05,22.935827255249023,13.432165145874023
2020-03-06,21.17768096923828,11.910335540771484
2020-03-09,15.370468139648438,7.426875591278076
2020-03-10,16.15186309814453,7.891624927520752
2020-03-11,15.432621955871582,7.135268211364746
2020-03-12,12.804283142089844,5.850372791290283
2020-03-13,14.349320411682129,6.515601634979248
2020-03-16,12.795404434204102,5.412961006164551
2020-03-17,12.431341171264648,5.595215797424316
2020-03-18,10.69983196258545,4.200969219207764
2020-03-19,12.31590747833252,4.374110221862793
2020-03-20,12.67996883392334,4.6019287109375
2020-03-23,11.392434120178223,4.775069236755371
2020-03-24,13.008511543273926,6.041740417480469
2020-03-25,12.964113235473633,6.169318675994873
2020-03-26,13.781030654907227,6.424473762512207
2020-03-27,12.218231201171875,5.823034286499023
2020-03-30,11.792014122009277,5.8048095703125
2020-03-31,11.978487014770508,6.242220878601074
2020-04-01,11.179329872131348,6.014401435852051
2020-04-02,12.324787139892578,6.8527727127075195
2020-04-03,12.688848495483398,6.934787750244141
2020-04-06,13.91422176361084,7.208169937133789
2020-04-07,14.624587059020996,7.326634407043457
2020-04-08,15.343826293945312,7.973638534545898
2020-04-09,14.624587059020996,7.481550216674805
2020-04-13,14.162848472595215,7.153493404388428
2020-04-14,13.798788070678711,6.9530134201049805
2020-04-15,13.079545974731445,6.333346843719482
2020-04-16,12.475739479064941,6.078190803527832
2020-04-17,13.567922592163086,6.907449245452881
2020-04-20,13.50576400756836,6.9530134201049805
2020-04-21,13.044029235839844,6.798096179962158
2020-04-22,13.621199607849121,7.499776363372803
2020-04-23,14.668987274169922,8.128556251525879
2020-04-24,14.304923057556152,8.07387924194336
2020-04-27,14.251643180847168,8.119441032409668
2020-04-28,14.340441703796387,8.67531967163086
2020-04-29,16.160747528076172,10.042226791381836
2020-04-30,14.9353666305542,9.568366050720215
2020-05-01,13.985260963439941,8.894022941589355
2020-05-04,14.411478996276855,9.140069007873535
2020-05-05,14.429237365722656,8.985151290893555
2020-05-06,14.047416687011719,8.711771965026855
2020-05-07,14.855453491210938,9.121842384338379
2020-05-08,16.027557373046875,9.750619888305664
2020-05-11,15.414863586425781,9.641265869140625
2020-05-12,15.166238784790039,9.559253692626953
2020-05-13,14.074055671691895,8.69354248046875
2020-05-14,14.296043395996094,9.067164421081543
2020-05-15,14.162848472595215,8.948700904846191
2020-05-18,15.93875789642334,10.488752365112305
2020-05-19,15.192879676818848,10.160693168640137
2020-05-20,16.16962432861328,10.889715194702148
2020-05-21,15.796682357788086,10.917051315307617
2020-05-22,15.610210418701172,10.561652183532715
2020-05-26,16.338333129882812,10.816811561584473
2020-05-27,16.915504455566406,11.108418464660645
2020-05-28,16.68463897705078,11.035516738891602
2020-05-29,16.40049171447754,10.707457542419434
2020-06-01,16.364973068237305,10.971729278564453
2020-06-02,16.86115264892578,11.60743522644043
2020-06-03,17.531665802001953,11.964167594909668
2020-06-04,18.175357818603516,12.064783096313477
2020-06-05,19.659423828125,13.281323432922363
2020-06-08,21.143491744995117,15.000943183898926
2020-06-09,20.12431526184082,14.11369514465332
2020-06-10,18.73858642578125,13.272175788879395
2020-06-11,16.548246383666992,11.232413291931152
2020-06-12,16.986312866210938,11.6897611618042
2020-06-15,17.272401809692383,11.918432235717773
2020-06-16,17.478023529052734,12.375778198242188
2020-06-17,17.72834587097168,11.854406356811523
2020-06-18,18.0412540435791,12.064783096313477
2020-06-19,17.621063232421875,11.927580833435059
2020-06-22,17.719406127929688,11.909287452697754
2020-06-23,17.49590301513672,11.890993118286133
2020-06-24,15.96713638305664,10.848244667053223
2020-06-25,16.467784881591797,11.369620323181152
2020-06-26,15.591649055480957,10.912272453308105
2020-06-29,16.101238250732422,11.3604736328125
2020-06-30,16.44096565246582,11.872696876525879
2020-07-01,15.84196949005127,11.406207084655762
2020-07-02,16.074420928955078,11.497673034667969
2020-07-06,16.76280975341797,11.918432235717773
2020-07-07,16.253225326538086,11.351322174072266
2020-07-08,16.15488052368164,11.406207084655762
2020-07-09,15.314499855041504,10.775067329406738
2020-07-10,15.904555320739746,11.031181335449219
2020-07-13,15.538007736206055,10.78421688079834
2020-07-14,16.44096565246582,11.415349960327148
2020-07-15,16.896913528442383,11.890993118286133
2020-07-16,16.82539176940918,11.973315238952637
2020-07-17,16.646587371826172,11.964167594909668
2020-07-20,16.485666275024414,12.26601505279541
2020-07-21,17.486961364746094,13.09838581085205
2020-07-22,17.13829803466797,12.970328330993652
2020-07-23,17.254518508911133,13.49170207977295
2020-07-24,17.415441513061523,13.45511531829834
2020-07-27,17.59424591064453,13.628908157348633
2020-07-28,17.12041664123535,13.400233268737793
2020-07-29,17.370742797851562,13.784404754638672
2020-07-30,16.485666275024414,13.418529510498047
2020-07-31,16.21746253967285,13.107534408569336
2020-08-03,16.735992431640625,13.290468215942383
2020-08-04,17.19194221496582,13.820992469787598
2020-08-05,17.433324813842773,14.013076782226562
2020-08-06,17.272401809692383,13.555730819702148
2020-08-07,17.54953956604004,13.61976146697998
2020-08-10,18.07701301574707,14.278337478637695
2020-08-11,18.14853286743164,14.763123512268066
2020-08-12,18.202178955078125,15.28449821472168
2020-08-13,17.764108657836914,15.229619979858398
2020-08-14,17.942909240722656,15.211318969726562
2020-08-17,17.88927459716797,15.229619979858398
2020-08-18,17.674707412719727,15.046680450439453
2020-08-19,17.630006790161133,15.083268165588379
2020-08-20,16.780689239501953,14.644214630126953
2020-08-21,16.610830307006836,14.397250175476074
2020-08-24,17.478023529052734,14.900330543518066
2020-08-25,17.218759536743164,14.772271156311035
2020-08-26,16.6912899017334,14.46127700805664
2020-08-27,16.718109130859375,14.653363227844238
2020-08-28,17.361799240112305,14.882037162780762
2020-08-31,16.99526023864746,14.799712181091309
2020-09-01,16.765769958496094,14.886850357055664
2020-09-02,16.891759872436523,14.905195236206055
2020-09-03,17.206741333007812,14.785951614379883
2020-09-04,17.377727508544922,14.66671085357666
2020-09-08,16.540786743164062,13.584366798400879
2020-09-09,16.74777603149414,13.813675880432129
2020-09-10,15.93783187866211,13.098226547241211
2020-09-11,16.081819534301758,13.0890531539917
2020-09-14,16.225812911987305,13.144087791442871
2020-09-15,16.378801345825195,13.244985580444336
2020-09-16,17.26073455810547,13.822847366333008
2020-09-17,17.170745849609375,13.59354019165039
2020-09-18,16.855764389038086,13.254157066345215
2020-09-21,15.541864395141602,12.12594985961914
2020-09-22,15.595860481262207,12.226848602294922
2020-09-23,14.947903633117676,11.603120803833008
2020-09-24,14.956905364990234,11.483882904052734
2020-09-25,14.326946258544922,11.346291542053223
2020-09-28,14.803915977478027,11.704019546508789
2020-09-29,14.038970947265625,11.07111930847168
2020-09-30,14.002974510192871,11.052776336669922
2020-10-01,13.508010864257812,10.245603561401367
2020-10-02,14.01197338104248,10.374016761779785
2020-10-05,14.461938858032227,10.942706108093262
2020-10-06,14.101966857910156,10.869325637817383
2020-10-07,14.353946685791016,10.942706108093262
2020-10-08,14.785916328430176,11.749878883361816
2020-10-09,14.605931282043457,11.538914680480957
2020-10-12,14.506937980651855,11.676499366760254
2020-10-13,14.155961036682129,11.502225875854492
2020-10-14,14.353946685791016,11.667326927185059
2020-10-15,14.776915550231934,11.988361358642578
2020-10-16,13.472013473510742,11.236224174499512
2020-10-19,13.508010864257812,11.162846565246582
2020-10-20,13.939976692199707,11.685674667358398
2020-10-21,13.508010864257812,11.621467590332031
2020-10-22,13.768991470336914,11.960844039916992
2020-10-23,13.85898494720459,12.208499908447266
2020-10-26,13.652000427246094,11.731535911560059
2020-10-27,13.580005645751953,11.474706649780273
2020-10-28,12.761064529418945,10.474912643432617
2020-10-29,13.004047393798828,10.658361434936523
2020-10-30,13.445014953613281,11.061948776245117
2020-11-02,14.020971298217773,11.740706443786621
2020-11-03,14.182961463928223,11.914982795715332
2020-11-04,14.3719482421875,11.65815544128418
2020-11-05,13.966975212097168,11.529740333557129
2020-11-06,13.696995735168457,11.263740539550781
2020-11-09,16.423795700073242,13.189949989318848
2020-11-10,16.477792739868164,13.189949989318848
2020-11-11,15.93783187866211,13.006501197814941
2020-11-12,15.568856239318848,12.768021583557129
2020-11-13,16.198814392089844,13.144087791442871
2020-11-16,18.034677505493164,14.180573463439941
2020-11-17,18.07967758178711,14.501609802246094
2020-11-18,17.9716854095459,14.116365432739258
2020-11-19,18.41264533996582,14.675884246826172
2020-11-20,18.187665939331055,14.584159851074219
2020-11-23,19.44757652282715,15.886645317077637
2020-11-24,20.005537033081055,16.427820205688477
2020-11-25,19.888538360595703,16.3819580078125
2020-11-27,19.690555572509766,16.106782913208008
2020-11-30,18.70962905883789,15.217056274414062
2020-12-01,19.076303482055664,15.66650676727295
2020-12-02,19.592374801635742,16.195314407348633
2020-12-03,19.98168182373047,16.572372436523438
2020-12-04,21.231107711791992,17.86910629272461
2020-12-07,20.669769287109375,17.446062088012695
2020-12-08,21.03192138671875,18.172595977783203
2020-12-09,21.15867805480957,17.942672729492188
2020-12-10,21.167726516723633,18.384119033813477
2020-12-11,20.76936149597168,18.236974716186523
2020-12-14,20.081275939941406,17.43686294555664
2020-12-15,20.79652214050293,18.457691192626953
2020-12-16,20.678823471069336,18.52206802368164
2020-12-17,20.760311126708984,18.466890335083008
2020-12-18,20.198972702026367,18.09902000427246
2020-12-21,19.71912384033203,17.795534133911133
2020-12-22,19.3388671875,17.584012985229492
2020-12-23,19.84587860107422,17.91509246826172
2020-12-24,19.592374801635742,17.666780471801758
2020-12-28,19.528995513916016,17.372486114501953
2020-12-29,19.356971740722656,17.1425724029541
2020-12-30,19.809659957885742,17.584012985229492
2020-12-31,19.76439666748047,17.381683349609375
2021-01-04,19.8730411529541,17.317306518554688
2021-01-05,20.941383361816406,18.770381927490234
2021-01-06,22.100269317626953,19.147438049316406
2021-01-07,22.525794982910156,18.715198516845703
2021-01-08,22.489580154418945,18.503679275512695
2021-01-11,22.62538719177246,18.917524337768555
2021-01-12,23.66656494140625,20.35219955444336
2021-01-13,23.050912857055664,19.83719253540039
2021-01-14,23.503602981567383,20.01192855834961
2021-01-15,22.552959442138672,19.07386589050293
2021-01-19,23.014698028564453,18.889938354492188
2021-01-20,22.951322555541992,18.466890335083008
2021-01-21,21.901086807250977,17.8507137298584
2021-01-22,22.100269317626953,17.694368362426758
2021-01-25,21.493669509887695,17.13337516784668
2021-01-26,20.588281631469727,16.737918853759766
2021-01-27,19.74628448486328,15.891826629638672
2021-01-28,20.497751235961914,16.802291870117188
2021-01-29,20.108434677124023,16.21370506286621
2021-02-01,20.063167572021484,16.42523193359375
2021-02-02,20.380050659179688,16.572372436523438
2021-02-03,21.89203453063965,17.298912048339844
2021-02-04,22.462421417236328,17.574813842773438
2021-02-05,22.64349365234375,17.455257415771484
2021-02-08,23.530765533447266,18.430105209350586
2021-02-09,23.539819717407227,18.200185775756836
2021-02-10,24.101150512695312,18.632427215576172
2021-02-11,23.874807357788086,17.86910629272461
2021-02-12,24.236963272094727,18.54965591430664
2021-02-16,24.387042999267578,18.945119857788086
2021-02-17,24.441625595092773,18.89912986755371
2021-02-18,23.268207550048828,17.997859954833984
2021-02-19,23.759408950805664,18.577247619628906
2021-02-22,25.051074981689453,19.43253517150879
2021-02-23,25.232999801635742,19.257802963256836
2021-02-24,26.752071380615234,20.480960845947266
2021-02-25,25.93341064453125,20.260238647460938
2021-02-26,25.387636184692383,20.07630157470703
2021-03-01,26.124431610107422,21.16150665283203
2021-03-02,25.596847534179688,20.530305862426758
2021-03-03,25.80605697631836,20.530305862426758
2021-03-04,25.99708366394043,20.346012115478516
2021-03-05,26.44280242919922,21.967792510986328
2021-03-08,27.024961471557617,22.446958541870117
2021-03-09,26.69749641418457,21.626850128173828
2021-03-10,27.243270874023438,22.244232177734375
2021-03-11,26.74297332763672,21.967792510986328
2021-03-12,26.388221740722656,22.133657455444336
2021-03-15,26.488283157348633,22.08758544921875
2021-03-16,25.524078369140625,21.073972702026367
2021-03-17,25.75148582458496,21.516277313232422
2021-03-18,24.787281036376953,20.42894172668457
2021-03-19,24.60535430908203,20.07878875732422
2021-03-22,25.151132583618164,19.848419189453125
2021-03-23,24.25969886779785,19.17574691772461
2021-03-24,24.941917419433594,19.627262115478516
2021-03-25,24.92372703552246,19.53511619567871
2021-03-26,25.75148582458496,20.07878875732422
2021-03-29,25.19661521911621,19.57197380065918
2021-03-30,24.759994506835938,19.811555862426758
2021-03-31,24.732704162597656,19.77469825744629
2021-04-01,25.560466766357422,20.198579788208008
2021-04-05,25.06016731262207,19.645692825317383
2021-04-06,24.960111618041992,19.590410232543945
2021-04-07,24.878250122070312,19.737844467163086
2021-04-08,24.61445426940918,19.673341751098633
2021-04-09,24.341569900512695,19.415327072143555
2021-04-12,24.14145278930664,19.3692569732666
2021-04-13,23.686635971069336,19.05595588684082
2021-04-14,24.841859817504883,19.958995819091797
2021-04-15,24.2506046295166,19.424545288085938
2021-04-16,23.914043426513672,19.06517219543457
2021-04-19,24.132347106933594,19.04673957824707
2021-04-20,22.968032836914062,18.25428009033203
2021-04-21,23.404653549194336,17.600038528442383
2021-04-22,22.968032836914062,17.710613250732422
2021-04-23,23.386457443237305,17.56317901611328
2021-04-26,23.986814498901367,17.90412139892578
2021-04-27,23.813983917236328,17.80276107788086
2021-04-28,24.887340545654297,18.558359146118164
2021-04-29,25.305774688720703,18.761089324951172
2021-04-30,24.60535430908203,18.023914337158203
2021-05-03,25.66961669921875,19.037527084350586
2021-05-04,25.824254989624023,19.313968658447266
2021-05-05,27.5980224609375,20.272293090820312
2021-05-06,27.95277976989746,20.42894172668457
2021-05-07,29.007936477661133,21.147687911987305
2021-05-10,28.771442413330078,20.954179763793945
2021-05-11,28.43488121032715,20.834388732910156
2021-05-12,29.19896125793457,20.852813720703125
2021-05-13,28.889692306518555,20.613237380981445
2021-05-14,29.84480094909668,21.24905014038086
2021-05-17,30.97273063659668,21.912506103515625
2021-05-18,30.081300735473633,21.460987091064453
2021-05-19,29.108001708984375,20.769886016845703
2021-05-20,28.898788452148438,20.62244987487793
2021-05-21,29.06252098083496,20.6961669921875
2021-05-24,28.83511734008789,20.74224281311035
2021-05-25,28.416688919067383,20.217008590698242
2021-05-26,28.69866943359375,20.530305862426758
2021-05-27,28.507648468017578,20.75145721435547
2021-05-28,28.49854850769043,20.68695068359375
2021-06-01,30.073945999145508,21.55025863647461
2021-06-02,32.384517669677734,22.482812881469727
2021-06-03,33.35258102416992,22.805967330932617
2021-06-04,33.26124954223633,22.824438095092773
2021-06-07,32.72243118286133,22.43663787841797
2021-06-08,32.78635025024414,22.538209915161133
2021-06-09,32.65848922729492,22.399709701538086
2021-06-10,31.909610748291016,22.07655143737793
2021-06-11,31.863948822021484,22.187347412109375
2021-06-14,31.0968017578125,21.79032325744629
2021-06-15,31.224666595458984,22.33507537841797
2021-06-16,31.087678909301758,22.251981735229492
2021-06-17,29.65384292602539,20.977800369262695
2021-06-18,28.576181411743164,20.303775787353516
2021-06-21,30.247461318969727,21.559490203857422
2021-06-22,30.1561336517334,21.688753128051758
2021-06-23,30.02828598022461,21.70722007751465
2021-06-24,30.375316619873047,21.9749813079834
2021-06-25,30.457515716552734,22.104248046875
2021-06-28,29.24286460876465,20.968564987182617
2021-06-29,29.115009307861328,20.93163299560547
2021-06-30,29.233736038208008,21.347126007080078
2021-07-01,30.201801300048828,21.9749813079834
2021-07-02,29.946086883544922,21.956514358520508
2021-07-06,28.466588973999023,20.525375366210938
2021-07-07,28.019086837768555,19.962142944335938
2021-07-08,27.882102966308594,19.952917098999023
2021-07-09,28.4848575592041,20.66386604309082
2021-07-12,28.512252807617188,20.700807571411133
2021-07-13,27.955158233642578,20.396108627319336
2021-07-14,26.987096786499023,19.805187225341797
2021-07-15,26.23821449279785,19.103458404541016
2021-07-16,25.452804565429688,18.521772384643555
2021-07-19,24.3386173248291,17.875450134277344
2021-07-20,24.877443313598633,18.531005859375
2021-07-21,25.964231491088867,19.17732810974121
2021-07-22,25.553258895874023,18.974197387695312
2021-07-23,25.945968627929688,18.567941665649414
2021-07-26,26.904897689819336,19.103458404541016
2021-07-27,26.649185180664062,19.05729103088379
2021-07-28,26.77703857421875,19.472789764404297
2021-07-29,27.069286346435547,19.620519638061523
2021-07-30,26.32954216003418,19.094228744506836
2021-08-02,26.028162002563477,18.61410140991211
2021-08-03,26.393468856811523,18.808000564575195
2021-08-04,25.233617782592773,17.727720260620117
2021-08-05,25.498464584350586,17.986248016357422
2021-08-06,25.955101013183594,18.466371536254883
2021-08-09,25.56239128112793,18.18014144897461
2021-08-10,25.955101013183594,18.660268783569336
2021-08-11,26.466529846191406,19.048063278198242
2021-08-12,26.073823928833008,18.87263298034668
2021-08-13,25.89117431640625,18.58640480041504
2021-08-16,25.37060546875,18.143205642700195
2021-08-17,24.831777572631836,17.70001792907715
2021-08-18,24.48473358154297,17.450721740722656
2021-08-19,24.14682960510254,16.758228302001953
2021-08-20,24.16508674621582,16.813631057739258
2021-08-23,25.105758666992188,17.736949920654297
2021-08-24,25.772443771362305,18.512535095214844
2021-08-25,25.98249626159668,18.623334884643555
2021-08-26,25.69025421142578,18.254013061523438
2021-08-27,26.557857513427734,18.974197387695312
2021-08-30,25.82724380493164,18.61410140991211
2021-08-31,25.72175407409668,18.48917579650879
2021-09-01,25.666709899902344,18.220813751220703
2021-09-02,26.244626998901367,18.933359146118164
2021-09-03,25.767616271972656,18.665000915527344
2021-09-07,25.52911376953125,18.424400329589844
2021-09-08,24.45584487915039,17.90618324279785
2021-09-09,24.41914939880371,17.8784236907959
2021-09-10,24.5659236907959,18.07275390625
2021-09-13,25.78596305847168,18.914854049682617
2021-09-14,25.382339477539062,18.57246208190918
2021-09-15,26.822540283203125,19.247987747192383
2021-09-16,26.473957061767578,19.05366325378418
2021-09-17,25.96942710876465,18.757537841796875
2021-09-20,24.99706268310547,18.137529373168945
2021-09-21,24.703527450561523,18.0264835357666
2021-09-22,24.90533447265625,18.276338577270508
2021-09-23,26.4923038482666,19.257244110107422
2021-09-24,26.611553192138672,19.433067321777344
2021-09-27,27.69399642944336,20.48800277709961
2021-09-28,28.354467391967773,20.71935272216797
2021-09-29,27.82242202758789,20.506515502929688
2021-09-30,27.189468383789062,20.006803512573242
2021-10-01,27.849943161010742,20.6175594329834
2021-10-04,28.326950073242188,21.30234146118164
2021-10-05,28.060924530029297,21.66324806213379
2021-10-06,27.464672088623047,21.274580001831055
2021-10-07,28.45537567138672,21.63548469543457
2021-10-08,29.042463302612305,22.153697967529297
2021-10-11,29.776325225830078,22.838481903076172
2021-10-12,30.161602020263672,22.662660598754883
2021-10-13,30.051513671875,22.662660598754883
2021-10-14,30.74868392944336,22.949527740478516
2021-10-15,31.18899917602539,24.069246292114258
2021-10-18,31.335769653320312,24.069246292114258
2021-10-19,31.684356689453125,24.152524948120117
2021-10-20,31.867815017700195,24.485666275024414
2021-10-21,31.46419334411621,23.4584903717041
2021-10-22,31.106441497802734,23.958194732666016
2021-10-25,31.519237518310547,24.263574600219727
2021-10-26,31.4274959564209,24.208051681518555
2021-10-27,29.84970474243164,23.245651245117188
2021-10-28,30.5468692779541,23.6990909576416
2021-10-29,29.592853546142578,23.125350952148438
2021-11-01,30.5468692779541,23.671327590942383
2021-11-02,30.455141067504883,23.486249923706055
2021-11-03,30.253324508666992,22.875499725341797
2021-11-04,30.409276962280273,22.69042205810547
2021-11-05,30.73950958251953,22.84773826599121
2021-11-08,31.46419334411621,23.245651245117188
2021-11-09,31.317424774169922,23.20863914489746
2021-11-10,30.023996353149414,22.051902770996094
2021-11-11,30.069862365722656,21.950117111206055
2021-11-12,30.051513671875,21.81130599975586
2021-11-15,30.014829635620117,21.653987884521484
2021-11-16,30.17076873779297,21.84832191467285
2021-11-17,29.40938949584961,21.256074905395508
2021-11-18,29.225923538208008,21.06174659729004
2021-11-19,27.565567016601562,20.395465850830078
2021-11-22,27.831592559814453,20.62681007385254
2021-11-23,28.602148056030273,21.256074905395508
2021-11-24,28.81313133239746,21.487422943115234
2021-11-26,27.244503021240234,20.034564971923828
2021-11-29,27.19864273071289,20.589799880981445
2021-11-30,26.420223236083984,19.979045867919922
2021-12-01,26.143861770629883,19.57187271118164
2021-12-02,27.00979232788086,20.3769588470459
2021-12-03,26.93609619140625,20.358448028564453
2021-12-06,27.64542579650879,20.895172119140625
2021-12-07,28.336334228515625,21.653987884521484
2021-12-08,28.61269187927246,22.057310104370117
2021-12-09,28.207365036010742,21.779157638549805
2021-12-10,28.5482120513916,22.187116622924805
2021-12-13,27.4796085357666,21.05596160888672
2021-12-14,27.332216262817383,20.84271812438965
2021-12-15,27.00057601928711,20.648012161254883
2021-12-16,27.359851837158203,20.91689109802246
2021-12-17,26.6873722076416,20.49966812133789
2021-12-20,26.226770401000977,20.212242126464844
2021-12-21,27.129552841186523,21.00960922241211
2021-12-22,27.175609588623047,21.07451057434082
2021-12-23,27.240097045898438,21.05596160888672
2021-12-27,27.488819122314453,21.482463836669922
2021-12-28,27.737546920776367,21.371204376220703
2021-12-29,27.31379508972168,21.26922035217285
2021-12-30,27.47039794921875,21.102327346801758
2021-12-31,27.590152740478516,21.20431900024414
2022-01-03,29.220693588256836,22.24274253845215
2022-01-04,30.639347076416016,23.577861785888672
2022-01-05,30.639347076416016,23.346073150634766
2022-01-06,31.367107391357422,23.744752883911133
2022-01-07,32.26988983154297,24.124893188476562
2022-01-10,32.35279083251953,23.96727180480957
2022-01-11,33.60563659667969,25.25603675842285
2022-01-12,33.577999114990234,25.44146728515625
2022-01-13,33.3200569152832,25.895782470703125
2022-01-14,34.830848693847656,26.646785736083984
2022-01-18,34.582115173339844,26.516983032226562
2022-01-19,34.176788330078125,26.313005447387695
2022-01-20,34.13072204589844,26.090486526489258
2022-01-21,33.49509811401367,25.534183502197266
2022-01-24,33.716182708740234,26.507705688476562
2022-01-25,35.73362731933594,28.362043380737305
2022-01-26,36.6640510559082,28.556751251220703
2022-01-27,35.7981071472168,28.584562301635742
2022-01-28,36.553497314453125,29.075965881347656
2022-01-31,35.99156188964844,28.50111961364746
2022-02-01,36.40610885620117,29.085237503051758
2022-02-02,36.157386779785156,29.12232208251953
2022-02-03,35.5401725769043,28.9461612701416
2022-02-04,35.475685119628906,29.61372184753418
2022-02-07,37.097007751464844,30.142200469970703
2022-02-08,35.946537017822266,29.446834564208984
2022-02-09,36.4085807800293,30.272010803222656
2022-02-10,36.196044921875,30.04949188232422
2022-02-11,37.53594970703125,31.078641891479492
2022-02-14,36.31616973876953,30.00313377380371
2022-02-15,37.04618453979492,30.151479721069336
2022-02-16,38.52471160888672,31.12500762939453
2022-02-17,37.98874282836914,30.568700790405273
2022-02-18,37.15707015991211,29.910411834716797
2022-02-22,36.54718780517578,29.16868019104004
2022-02-23,36.72276306152344,29.372655868530273
2022-02-24,35.41057205200195,29.17795181274414
2022-02-25,36.454776763916016,30.16074562072754
2022-02-28,36.26072311401367,31.08791732788086
2022-03-01,34.8099250793457,29.878271102905273
2022-03-02,36.26072311401367,30.641281127929688
2022-03-03,35.59539031982422,31.032089233398438
2022-03-04,35.98350143432617,31.75787925720215
2022-03-07,38.90357208251953,33.721221923828125
2022-03-08,41.657318115234375,34.205078125
2022-03-09,39.32864761352539,32.41852569580078
2022-03-10,40.104881286621094,35.3123779296875
2022-03-11,39.64284133911133,34.80990982055664
2022-03-14,38.39533233642578,33.832881927490234
2022-03-15,36.279197692871094,32.38130187988281
2022-03-16,35.003990173339844,31.63690948486328
2022-03-17,36.51021957397461,33.395545959472656
2022-03-18,36.71352005004883,33.53512191772461
2022-03-21,38.06266784667969,34.96809768676758
2022-03-22,38.0719108581543,34.51214599609375
2022-03-23,39.19004821777344,35.42403793334961
2022-03-24,39.40258026123047,35.06113815307617
2022-03-25,40.363624572753906,36.196346282958984
2022-03-28,38.561668395996094,34.726158142089844
2022-03-29,39.39334487915039,35.21931838989258
2022-03-30,39.00522232055664,35.84275817871094
2022-03-31,38.17356872558594,35.23793411254883
2022-04-01,38.52471160888672,35.89859390258789
2022-04-04,38.39533233642578,36.07538604736328
2022-04-05,37.388099670410156,34.92155838012695
2022-04-06,37.68379592895508,34.75407791137695
2022-04-07,37.85938262939453,35.126277923583984
2022-04-08,39.31941604614258,37.1640625
2022-04-11,38.192039489746094,36.34523010253906
2022-04-12,38.37685775756836,36.78255844116211
2022-04-13,39.337894439697266,37.39668655395508
2022-04-14,39.96626663208008,37.92707443237305
2022-04-18,40.363624572753906,38.745906829833984
2022-04-19,40.132598876953125,38.438838958740234
2022-04-20,39.43954086303711,36.847694396972656
2022-04-21,37.56367111206055,36.24287033081055
2022-04-22,38.48774337768555,35.07044219970703
2022-04-25,35.75247573852539,32.874473571777344
2022-04-26,36.5379524230957,32.67906188964844
2022-04-27,36.916812896728516,33.442073822021484
2022-04-28,37.06467056274414,34.16786193847656
2022-04-29,36.048187255859375,33.14432144165039
2022-05-02,36.140602111816406,33.4606819152832
2022-05-03,37.101627349853516,34.12133026123047
2022-05-04,39.36561965942383,35.43334197998047
2022-05-05,38.88509750366211,34.13994598388672
2022-05-06,39.762969970703125,34.75407791137695
2022-05-09,35.151832580566406,31.041393280029297
2022-05-10,35.013221740722656,31.91605567932129
2022-05-11,35.45677947998047,32.278953552246094
2022-05-12,36.0666618347168,32.157989501953125
2022-05-13,37.64683151245117,33.59095764160156
2022-05-16,38.94054412841797,34.95878601074219
2022-05-17,39.68904113769531,35.24723815917969
2022-05-18,38.007225036621094,33.497901916503906
2022-05-19,37.74848175048828,33.553733825683594
2022-05-20,37.99798583984375,34.149261474609375
2022-05-23,40.4837532043457,35.66596221923828
2022-05-24,40.56690979003906,35.80553436279297
2022-05-25,41.62959289550781,36.084686279296875
2022-05-26,43.14508056640625,37.368770599365234
2022-05-27,44.5496826171875,38.48537063598633
2022-05-31,42.62523651123047,37.7947998046875
2022-06-01,43.29299545288086,38.63468551635742
2022-06-02,42.94056701660156,38.298728942871094
2022-06-03,44.025672912597656,39.147953033447266
2022-06-06,43.79381561279297,38.560035705566406
2022-06-07,45.37974548339844,39.68920135498047
2022-06-08,45.97330093383789,40.09981918334961
2022-06-09,44.64706039428711,39.390586853027344
2022-06-10,43.78453826904297,37.78547286987305
2022-06-13,41.10423278808594,35.02317810058594
2022-06-14,40.084049224853516,34.22063064575195
2022-06-15,38.50739669799805,33.23142623901367
2022-06-16,35.68797302246094,31.234371185302734
2022-06-17,33.981475830078125,29.573261260986328
2022-06-21,36.00330352783203,31.309024810791016
2022-06-22,34.79762649536133,29.946548461914062
2022-06-23,32.44191360473633,28.033477783203125
2022-06-24,32.51612854003906,28.882694244384766
2022-06-27,33.2859001159668,30.077194213867188
2022-06-28,34.28752899169922,30.973072052001953
2022-06-29,33.55485534667969,30.030534744262695
2022-06-30,33.16532897949219,29.265308380126953
2022-07-01,33.06330490112305,29.33063316345215
2022-07-05,30.911651611328125,26.96028709411621
2022-07-06,30.355178833007812,26.512353897094727
2022-07-07,31.885459899902344,27.893497467041016
2022-07-08,31.829809188842773,27.84683609008789
2022-07-11,30.94873809814453,27.398900985717773
2022-07-12,30.355178833007812,26.689661026000977
2022-07-13,29.947105407714844,26.40969467163086
2022-07-14,29.0567569732666,25.513822555541992
2022-07-15,29.95638084411621,25.999094009399414
2022-07-18,30.72615623474121,26.922962188720703
2022-07-19,31.73706817626953,27.492216110229492
2022-07-20,31.662864685058594,27.305580139160156
2022-07-21,31.189878463745117,26.260387420654297
2022-07-22,32.525386810302734,25.62580680847168
2022-07-25,33.54557418823242,26.521686553955078
2022-07-26,33.01693344116211,26.167064666748047
2022-07-27,33.693973541259766,26.96028709411621
2022-07-28,33.11895751953125,26.72698974609375
2022-07-29,34.34317398071289,27.34290313720703
2022-08-01,33.75889205932617,26.307048797607422
2022-08-02,34.02784729003906,26.689661026000977
2022-08-03,32.9612922668457,26.53101921081543
2022-08-04,31.486663818359375,25.448497772216797
2022-08-05,32.145145416259766,25.93376350402832
2022-08-08,32.13587188720703,26.129735946655273
2022-08-09,32.451202392578125,26.419031143188477
2022-08-10,32.38627624511719,26.512353897094727
2022-08-11,34.21332931518555,27.59486961364746
2022-08-12,34.445194244384766,27.576204299926758
2022-08-15,33.16532897949219,26.568342208862305
2022-08-16,32.99839782714844,26.32571029663086
2022-08-17,32.83145523071289,26.316377639770508
2022-08-18,34.43593215942383,27.837501525878906
2022-08-19,34.4266471862793,27.42689323425293
2022-08-22,34.24114990234375,27.240253448486328
2022-08-23,36.50412368774414,29.134658813476562
2022-08-24,37.01420974731445,29.54526710510254
2022-08-25,37.255348205566406,29.741243362426758
2022-08-26,36.55976104736328,29.022674560546875
2022-08-29,37.45011901855469,29.769235610961914
2022-08-30,35.87345504760742,28.322769165039062
2022-08-31,35.38191223144531,28.117462158203125
2022-09-01,34.17624282836914,27.006954193115234
2022-09-02,35.307716369628906,28.00547981262207
2022-09-06,34.80924606323242,27.6588077545166
2022-09-07,34.529727935791016,26.871768951416016
2022-09-08,35.563941955566406,26.618793487548828
2022-09-09,36.94290542602539,27.78998374938965
2022-09-12,37.40876007080078,28.370891571044922
2022-09-13,35.84346389770508,27.312137603759766
2022-09-14,37.49261474609375,28.48332405090332
2022-09-15,36.924259185791016,27.546369552612305
2022-09-16,35.750282287597656,26.41266441345215
2022-09-19,36.309326171875,26.581314086914062
2022-09-20,35.87141036987305,25.878599166870117
2022-09-21,35.01422882080078,25.372642517089844
2022-09-22,35.61984634399414,25.222732543945312
2022-09-23,32.610374450683594,23.0302677154541
2022-09-26,31.548208236694336,21.8403377532959
2022-09-27,31.660017013549805,22.261966705322266
2022-09-28,33.02033615112305,23.180177688598633
2022-09-29,33.5141487121582,23.086483001708984
2022-09-30,33.44892501831055,23.067747116088867
2022-10-03,35.68506622314453,24.716777801513672
2022-10-04,36.44908142089844,26.347082138061523
2022-10-05,38.73180389404297,27.396459579467773
2022-10-06,39.58899688720703,27.930522918701172
2022-10-07,39.682167053222656,28.492692947387695
2022-10-10,39.25357437133789,27.68691635131836
2022-10-11,38.90883255004883,27.696285247802734
2022-10-12,39.15108108520508,27.921154022216797
2022-10-13,41.17292404174805,29.1485595703125
2022-10-14,39.281524658203125,27.555744171142578
2022-10-17,39.9337272644043,28.099172592163086
2022-10-18,40.39959716796875,28.539541244506836
2022-10-19,42.36553955078125,29.944969177246094
2022-10-20,42.57051086425781,29.663881301879883
2022-10-21,46.968257904052734,31.743915557861328
2022-10-24,48.589454650878906,32.3997802734375
2022-10-25,48.887611389160156,32.774559020996094
2022-10-26,48.61740493774414,34.179996490478516
2022-10-27,48.151546478271484,33.98323059082031
2022-10-28,47.00551986694336,33.683414459228516
2022-10-31,48.4776496887207,34.123779296875
2022-11-01,48.030418395996094,34.198726654052734
2022-11-02,47.64841079711914,33.53349304199219
2022-11-03,48.26335525512695,34.536033630371094
2022-11-04,49.47460174560547,36.05389404296875
2022-11-07,51.06785583496094,37.047061920166016
2022-11-08,50.95603561401367,36.887779235839844
2022-11-09,49.44664764404297,34.48918533325195
2022-11-10,49.47460174560547,35.42613983154297
2022-11-11,51.07716369628906,36.29750442504883
2022-11-14,50.37837219238281,35.651004791259766
2022-11-15,50.93739700317383,36.456783294677734
2022-11-16,49.37211227416992,35.46360778808594
2022-11-17,49.22303009033203,35.10757064819336
2022-11-18,49.7913818359375,34.395484924316406
2022-11-21,48.701263427734375,33.8520622253418
2022-11-22,49.97772979736328,35.088829040527344
2022-11-23,47.9093017578125,34.25495147705078
2022-11-25,47.359580993652344,34.06755828857422
2022-11-28,46.47444534301758,33.61782455444336
2022-11-29,47.5645637512207,34.81711959838867
2022-11-30,48.030418395996094,35.501102447509766
2022-12-01,48.2260856628418,35.501102447509766
2022-12-02,49.18576431274414,36.41929626464844
2022-12-05,47.872032165527344,34.49855422973633
2022-12-06,47.568180084228516,33.91764450073242
2022-12-07,46.5584831237793,32.949378967285156
2022-12-08,46.6706657409668,32.78016662597656
2022-12-09,43.91268539428711,31.031635284423828
2022-12-12,45.90404510498047,32.24432373046875
2022-12-13,47.72711944580078,34.782501220703125
2022-12-14,47.14747619628906,34.35947036743164
2022-12-15,46.848304748535156,34.491085052490234
2022-12-16,46.16582107543945,33.70142364501953
2022-12-19,46.58653259277344,33.89883804321289
2022-12-20,48.390907287597656,35.17733383178711
2022-12-21,49.84001541137695,36.3148193359375
2022-12-22,48.04498291015625,35.29014205932617
2022-12-23,49.54085159301758,36.747249603271484
2022-12-27,50.01764678955078,36.91645431518555
2022-12-28,49.17622375488281,35.79778289794922
2022-12-29,49.46604537963867,36.540428161621094
2022-12-30,49.980247497558594,36.99166488647461
2023-01-03,48.1478271484375,35.4029541015625
2023-01-04,48.334808349609375,36.126800537109375
2023-01-05,49.241668701171875,36.615638732910156
2023-01-06,50.95255661010742,37.80012512207031
2023-01-09,52.01835250854492,38.0163459777832
2023-01-10,52.31752395629883,38.48637771606445
2023-01-11,52.654090881347656,38.53337860107422
2023-01-12,54.2247428894043,39.64265060424805
2023-01-13,54.48651123046875,40.10328674316406
2023-01-17,54.65480041503906,39.9810791015625
2023-01-18,53.41136932373047,38.166751861572266
2023-01-19,53.64509582519531,37.78132247924805
2023-01-20,53.61705017089844,38.2513542175293
2023-01-23,52.22403335571289,38.138545989990234
2023-01-24,51.85942077636719,37.452293395996094
2023-01-25,52.58864212036133,37.63090896606445
2023-01-26,53.72923278808594,38.542781829833984
2023-01-27,53.26178741455078,38.091548919677734
2023-01-30,52.672794342041016,37.92233657836914
2023-01-31,53.2711296081543,38.74959182739258
2023-02-01,52.07444763183594,38.392364501953125
2023-02-02,48.88640213012695,36.24900817871094
2023-02-03,49.213623046875,36.25841522216797
2023-02-06,49.634334564208984,36.01399230957031
2023-02-07,50.620635986328125,36.69083786010742
2023-02-08,51.39088439941406,36.92586135864258
2023-02-09,50.57366943359375,35.4029541015625
2023-02-10,52.94078826904297,36.68143844604492
2023-02-13,53.833160400390625,36.91645431518555
2023-02-14,53.37288284301758,36.62504577636719
2023-02-15,52.59323501586914,35.67557144165039
2023-02-16,52.39596939086914,36.26780700683594
2023-02-17,50.10399627685547,34.31246566772461
2023-02-21,50.160362243652344,34.218467712402344
2023-02-22,49.23041915893555,33.56982421875
2023-02-23,50.08521270751953,34.058658599853516
2023-02-24,50.648807525634766,34.77311325073242
2023-02-27,51.09969711303711,34.95171356201172
2023-02-28,49.98188018798828,34.20586013793945
2023-03-01,51.55996322631836,35.414344787597656
2023-03-02,51.945098876953125,36.24517822265625
2023-03-03,52.59323501586914,36.71724319458008
2023-03-06,51.9920539855957,36.68892288208008
2023-03-07,50.761531829833984,35.735347747802734
2023-03-08,50.291866302490234,35.083892822265625
2023-03-09,49.02376937866211,33.582725524902344
2023-03-10,47.90596389770508,32.600833892822266
2023-03-13,45.87700653076172,31.51508331298828
2023-03-14,46.36545181274414,31.552846908569336
2023-03-15,42.570556640625,28.711013793945312
2023-03-16,43.378379821777344,29.268051147460938
2023-03-17,41.969383239746094,28.276716232299805
2023-03-20,43.415950775146484,28.975370407104492
2023-03-21,45.35097885131836,30.155532836914062
2023-03-22,44.52437210083008,28.75821876525879
2023-03-23,42.72084426879883,27.776325225830078
2023-03-24,41.866050720214844,27.946266174316406
2023-03-27,43.93258285522461,28.871517181396484
2023-03-28,44.74980545043945,29.54184913635254
2023-03-29,45.74550247192383,29.59849739074707
2023-03-30,45.78307342529297,29.3247013092041
2023-03-31,46.12123107910156,29.872291564941406
2023-04-03,49.1552734375,32.194854736328125
2023-04-04,47.39872741699219,31.373462677001953
2023-04-05,47.62416076660156,31.21296501159668
2023-04-06,46.60968017578125,30.88251495361328
2023-04-10,47.00420379638672,31.241283416748047
2023-04-11,48.0374641418457,31.84552764892578
2023-04-12,48.82650375366211,31.71334457397461
2023-04-13,48.74197006225586,31.92106056213379
2023-04-14,49.296180725097656,31.75111198425293
2023-04-17,48.90165710449219,31.571731567382812
2023-04-18,49.004981994628906,31.98714828491211
2023-04-19,49.43707275390625,32.20429611206055
2023-04-20,48.81711959838867,31.977705001831055
2023-04-21,46.77876281738281,31.533966064453125
2023-04-24,47.17327880859375,32.544185638427734
2023-04-25,45.989723205566406,31.392345428466797
2023-04-26,44.881317138671875,29.94782257080078
2023-04-27,45.050392150878906,30.212182998657227
2023-04-28,46.35606002807617,30.920276641845703
2023-05-01,46.1682014465332,30.7314510345459
2023-05-02,43.378379821777344,28.191741943359375
2023-05-03,42.523582458496094,27.521408081054688
2023-05-04,42.335716247558594,27.398672103881836
2023-05-05,42.97446823120117,28.21062469482422
2023-05-08,43.78229904174805,28.276716232299805
2023-05-09,44.308319091796875,28.4183349609375
2023-05-10,43.07779312133789,27.908506393432617
2023-05-11,41.46213912963867,26.898283004760742
2023-05-12,41.39638900756836,27.011579513549805
2023-05-15,41.894229888916016,27.47420310974121
2023-05-16,40.626136779785156,26.322362899780273
2023-05-17,41.800296783447266,27.32314109802246
2023-05-18,42.129066467285156,28.20118522644043
2023-05-19,42.523582458496094,28.484418869018555
2023-05-22,43.20930099487305,28.531627655029297
2023-05-23,43.265663146972656,28.871517181396484
2023-05-24,43.42534255981445,29.098108291625977
2023-05-25,42.420257568359375,28.62604331970215
2023-05-26,41.78151321411133,28.51275062561035
2023-05-30,41.62183380126953,28.069005966186523
2023-05-31,40.23161697387695,27.049346923828125
2023-06-01,42.25117874145508,28.32391929626465
2023-06-02,43.93258285522461,29.872291564941406
2023-06-05,43.415950775146484,29.419111251831055
2023-06-06,44.34150695800781,29.63738441467285
2023-06-07,45.4559440612793,30.89006805419922
2023-06-08,44.813724517822266,30.510465621948242
2023-06-09,44.889278411865234,30.690773010253906
2023-06-12,44.407615661621094,30.11188316345215
2023-06-13,45.29539108276367,31.032419204711914
2023-06-14,44.64372253417969,30.415565490722656
2023-06-15,45.23872375488281,31.04190444946289
2023-06-16,45.125396728515625,30.918535232543945
2023-06-20,44.634281158447266,29.8746337890625
2023-06-21,45.10650634765625,30.292198181152344
2023-06-22,44.23761749267578,29.675342559814453
2023-06-23,44.00150680541992,29.314720153808594
2023-06-26,44.728729248046875,30.05494499206543
2023-06-27,45.465389251708984,30.766693115234375
2023-06-28,45.89038848876953,30.899551391601562
2023-06-29,45.77705764770508,31.49742889404297
2023-06-30,46.39094161987305,31.30763053894043
2023-07-03,46.72150421142578,31.91499137878418
2023-07-05,46.560943603515625,31.50691795349121
2023-07-06,46.39094161987305,31.32660675048828
2023-07-07,50.38592529296875,33.76554870605469
2023-07-10,50.640926361083984,34.164127349853516
2023-07-11,52.93592071533203,35.60662078857422
2023-07-12,53.530921936035156,35.98621368408203
2023-07-13,54.22980499267578,35.824886322021484
2023-07-14,53.95591735839844,35.00874710083008
2023-07-17,53.370357513427734,35.45477294921875
2023-07-18,53.814247131347656,36.166526794433594
2023-07-19,54.17314147949219,35.12261962890625
2023-07-20,54.07868576049805,34.5911865234375
2023-07-21,52.898136138916016,35.05618667602539
2023-07-24,53.852027893066406,36.308876037597656
2023-07-25,54.66424560546875,36.460723876953125
2023-07-26,54.46591567993164,36.26142883300781
2023-07-27,53.852027893066406,35.995704650878906
2023-07-28,53.97480392456055,36.2139778137207
2023-07-31,55.098690032958984,37.08706283569336
2023-08-01,54.40924835205078,37.26737594604492
2023-08-02,54.27702331542969,37.039608001708984
2023-08-03,54.758689880371094,37.66594696044922
2023-08-04,54.46591567993164,37.5330924987793
2023-08-07,54.74924850463867,37.57105255126953
2023-08-08,55.259239196777344,37.75136184692383
2023-08-09,56.203678131103516,38.39667892456055
2023-08-10,55.646461486816406,38.301788330078125
2023-08-11,56.33591079711914,38.624446868896484
2023-08-14,56.213130950927734,38.254337310791016
2023-08-15,55.08924865722656,37.47615051269531
2023-08-16,54.56035614013672,37.286346435546875
2023-08-17,54.67368698120117,37.26737594604492
2023-08-18,54.805908203125,37.390743255615234
2023-08-21,54.24869155883789,37.01114273071289
2023-08-22,53.27591323852539,36.61255645751953
2023-08-23,54.67368698120117,36.74542236328125
2023-08-24,53.63480758666992,36.289894104003906
2023-08-25,53.32313919067383,36.204490661621094
2023-08-28,54.617027282714844,36.73592758178711
2023-08-29,54.9853515625,36.77389144897461
2023-08-30,55.722023010253906,36.92572784423828
2023-08-31,55.68423843383789,36.65052032470703
2023-09-01,56.7797966003418,37.77983093261719
2023-09-05,57.10225296020508,38.78030776977539
2023-09-06,57.851470947265625,38.951820373535156
2023-09-07,57.690250396728516,39.14238739013672
2023-09-08,57.064308166503906,39.33295440673828
2023-09-11,57.633338928222656,39.37106704711914
2023-09-12,58.89469528198242,40.36201095581055
2023-09-13,57.4910888671875,39.9237060546875
2023-09-14,58.420501708984375,40.21908187866211
2023-09-15,57.45315170288086,40.12380599975586
2023-09-18,58.05063247680664,40.628807067871094
2023-09-19,57.310890197753906,39.47587585449219
2023-09-20,56.70392608642578,39.34247970581055
2023-09-21,55.783992767333984,38.83747482299805
2023-09-22,55.992637634277344,38.71360778808594
2023-09-25,56.751346588134766,39.0471076965332
2023-09-26,56.0779914855957,38.866058349609375
2023-09-27,57.66179275512695,40.047569274902344
2023-09-28,57.7945671081543,39.81889724731445
2023-09-29,55.29083251953125,38.589744567871094
2023-10-02,54.94941329956055,37.89417266845703
2023-10-03,55.58483123779297,38.170494079589844
2023-10-04,52.948326110839844,36.464927673339844
2023-10-05,52.54051971435547,36.264827728271484
2023-10-06,52.82503128051758,36.865108489990234
2023-10-09,55.23392868041992,39.361541748046875
2023-10-10,55.59431076049805,39.209083557128906
2023-10-11,55.727081298828125,39.67597198486328
2023-10-12,55.35721206665039,39.7617301940918
2023-10-13,55.9167594909668,40.4287109375
2023-10-16,56.38147735595703,40.36201095581055
2023-10-17,57.13070297241211,41.00993728637695
2023-10-18,57.46263885498047,41.09569549560547
2023-10-19,56.8746337890625,41.21955490112305
2023-10-20,55.20547103881836,40.12380599975586
2023-10-23,55.80295944213867,39.68550109863281
2023-10-24,54.05792999267578,38.33247756958008
2023-10-25,53.69754409790039,38.47540283203125
2023-10-26,52.98625564575195,37.589271545410156
2023-10-27,52.948326110839844,37.73219299316406
2023-10-30,53.4889030456543,37.5606803894043
2023-10-31,52.78709411621094,37.48445510864258
2023-11-01,52.97677230834961,37.5606803894043
2023-11-02,54.399349212646484,38.675498962402344
2023-11-03,53.93463897705078,38.389644622802734
2023-11-06,53.56476974487305,37.65596389770508
2023-11-07,50.57735824584961,36.16001892089844
2023-11-08,50.19801330566406,36.007564544677734
2023-11-09,50.0178108215332,36.01708984375
2023-11-10,50.548912048339844,36.48398208618164
2023-11-13,51.2127799987793,36.83652877807617
2023-11-14,51.54471206665039,37.33200454711914
2023-11-15,50.9093017578125,36.62690353393555
2023-11-16,49.420326232910156,35.426334381103516
2023-11-17,50.12213134765625,36.1981315612793
2023-11-20,50.0178108215332,36.398223876953125
2023-11-21,49.998844146728516,36.40774917602539
2023-11-22,49.80916976928711,36.102840423583984
2023-11-24,49.885032653808594,36.264827728271484
2023-11-27,49.83761978149414,35.91228103637695
2023-11-28,49.610008239746094,35.750301361083984
2023-11-29,49.19271469116211,35.540672302246094
2023-11-30,49.353946685791016,35.28340530395508
2023-12-01,49.68587875366211,35.93134307861328
2023-12-04,49.344459533691406,35.60737228393555
2023-12-05,48.229488372802734,34.616432189941406
2023-12-06,46.81910705566406,33.36269760131836
2023-12-07,46.18061828613281,32.941585540771484
2023-12-08,46.5046272277832,33.429683685302734
2023-12-11,46.83816909790039,33.27656173706055
2023-12-12,46.73333740234375,32.96073532104492
2023-12-13,46.876285552978516,33.19999694824219
2023-12-14,49.9543571472168,34.34845733642578
2023-12-15,49.735172271728516,34.281455993652344
2023-12-18,49.82093811035156,34.65470504760742
2023-12-19,50.488014221191406,35.23850631713867
2023-12-20,50.07823944091797,34.89397048950195
2023-12-21,50.10682678222656,35.06623458862305
2023-12-22,50.583309173583984,35.01839065551758
2023-12-26,51.155094146728516,35.4586296081543
2023-12-27,50.53565979003906,35.08538055419922
2023-12-28,49.7828254699707,34.65470504760742
2023-12-29,49.59223175048828,34.5972900390625
2024-01-02,49.53505325317383,34.56856918334961
2024-01-03,50.17353439331055,34.999244689941406
2024-01-04,49.258689880371094,34.2431755065918
2024-01-05,49.42070388793945,34.42502212524414
2024-01-08,47.95313262939453,33.697662353515625
2024-01-09,46.275917053222656,33.02772521972656
2024-01-10,46.171085357666016,32.606624603271484
2024-01-11,46.5046272277832,32.721473693847656
2024-01-12,47.60053634643555,32.99901580810547
2024-01-16,46.02814483642578,32.0706787109375
2024-01-17,45.637428283691406,31.812278747558594
2024-01-18,46.275917053222656,31.8792724609375
2024-01-19,47.305118560791016,32.51092529296875
2024-01-22,48.29620361328125,32.951168060302734
2024-01-23,48.048423767089844,33.78379440307617
2024-01-24,49.23963165283203,35.24808120727539
2024-01-25,50.002010345458984,35.4107780456543
2024-01-26,50.43083572387695,35.91801071166992
2024-01-29,50.69766616821289,35.592620849609375
2024-01-30,47.028751373291016,35.228939056396484
2024-01-31,46.40932846069336,34.11876678466797
2024-02-01,46.69521713256836,33.9082145690918
2024-02-02,46.69521713256836,33.27656173706055
2024-02-05,46.26638412475586,33.04686737060547
2024-02-06,46.012413024902344,33.32441329956055
2024-02-07,45.475711822509766,33.24784851074219
2024-02-08,45.80156326293945,33.525390625
2024-02-09,45.12110900878906,33.02772521972656
2024-02-12,46.13700485229492,33.04686737060547
2024-02-13,45.600303649902344,32.597049713134766
2024-02-14,45.76323318481445,32.731040954589844
2024-02-15,46.55869674682617,33.822078704833984
2024-02-16,46.549110412597656,33.79336929321289
2024-02-20,46.50119400024414,33.621097564697266
2024-02-21,47.1624870300293,33.621097564697266
2024-02-22,47.21040344238281,33.78379440307617
2024-02-23,46.78871154785156,33.697662353515625
2024-02-26,46.539527893066406,33.410545349121094
2024-02-27,46.443687438964844,33.458396911621094
2024-02-28,46.15617370605469,33.44882583618164
2024-02-29,46.3191032409668,33.56367492675781
2024-03-01,47.29665756225586,34.10919189453125
2024-03-04,47.363746643066406,33.668949127197266
2024-03-05,47.5937614440918,33.832435607910156
2024-03-06,47.9483642578125,33.99592208862305
2024-03-07,48.66716003417969,34.803749084472656
2024-03-08,48.3029670715332,34.82297897338867
2024-03-11,49.385948181152344,35.25574493408203
2024-03-12,49.424293518066406,35.3422966003418
2024-03-13,50.38268280029297,35.1307258605957
2024-03-14,51.01522445678711,36.16935729980469
2024-03-15,50.67020034790039,36.28475570678711
2024-03-18,51.2068977355957,36.26552200317383
2024-03-19,52.21321105957031,36.996421813964844
2024-03-20,52.136539459228516,36.75598907470703
2024-03-21,52.17487335205078,36.986793518066406
2024-03-22,51.74359893798828,36.91947555541992
2024-03-25,52.0502815246582,37.333003997802734
2024-03-26,51.82027053833008,36.84254837036133
2024-03-27,52.61573791503906,37.342628479003906
2024-03-28,52.529483795166016,37.9100227355957
2024-04-01,52.92242431640625,38.400489807128906
2024-04-02,52.40488815307617,38.38125991821289
2024-04-03,52.57740020751953,39.27562713623047
2024-04-04,52.01194381713867,39.09291076660156
2024-04-05,52.740325927734375,39.660308837890625
2024-04-08,51.7915153503418,39.39103317260742
2024-04-09,51.91611099243164,39.4102668762207
2024-04-10,51.944862365722656,39.53529357910156
2024-04-11,51.7531852722168,39.37179946899414
2024-04-12,49.83639907836914,38.15044021606445
2024-04-15,49.52012252807617,37.60227966308594
2024-04-16,49.27095031738281,36.967559814453125
2024-04-17,48.69591522216797,36.5828857421875
2024-04-18,48.82050323486328,37.16952133178711
2024-04-19,47.77585220336914,37.58304977416992
2024-04-22,47.45000076293945,37.236839294433594
2024-04-23,47.48833465576172,37.111812591552734
2024-04-24,47.06664276123047,37.236839294433594
2024-04-25,47.38291549682617,37.236839294433594
2024-04-26,47.15290069580078,37.06373977661133
2024-04-29,47.1624870300293,37.39071273803711
2024-04-30,45.50446319580078,36.03472137451172
2024-05-01,45.197776794433594,34.938392639160156
2024-05-02,45.600303649902344,35.294219970703125
2024-05-03,45.67697525024414,35.323062896728516
2024-05-06,45.96449279785156,35.50578689575195
2024-05-07,46.16575622558594,35.775062561035156
2024-05-08,45.868656158447266,35.621192932128906
2024-05-09,46.46285629272461,36.04433822631836
2024-05-10,46.482025146484375,35.65003967285156
2024-05-13,46.721622467041016,35.909698486328125
2024-05-14,46.5970344543457,36.121273040771484
2024-05-15,46.299930572509766,35.928932189941406
2024-05-16,46.40535354614258,36.04433822631836
2024-05-17,46.56827926635742,36.44824981689453
2024-05-20,46.22325897216797,36.505950927734375
2024-05-21,46.28076171875,36.18859100341797
2024-05-22,44.54607391357422,34.97685241699219
2024-05-23,44.392730712890625,34.60179138183594
2024-05-24,44.316062927246094,34.7268180847168
2024-05-28,44.593994140625,35.12110900878906
2024-05-29,43.74102020263672,34.43830108642578
2024-05-30,43.69310760498047,34.582557678222656
2024-05-31,43.980621337890625,35.294219970703125
2024-06-03,42.236351013183594,33.40929412841797
2024-06-04,41.60380554199219,32.57261276245117
2024-06-05,41.66650390625,32.3599739074707
2024-06-06,42.110172271728516,32.6885986328125
2024-06-07,42.96857833862305,32.93990707397461
2024-06-10,43.38331985473633,33.35551834106445
2024-06-11,43.3640251159668,33.32652282714844
2024-06-12,43.12289810180664,33.403846740722656
2024-06-13,42.25484848022461,32.64027404785156
2024-06-14,41.473602294921875,31.818706512451172
2024-06-17,42.081241607666016,32.29231643676758
2024-06-18,42.86248016357422,31.838035583496094
2024-06-20,43.846275329589844,32.214996337890625
2024-06-21,44.03917694091797,32.514625549316406
2024-06-24,45.79457092285156,33.19120407104492
2024-06-25,45.833152770996094,33.46183395385742
2024-06-26,44.58894729614258,32.89157485961914
2024-06-27,45.341251373291016,32.485626220703125
2024-06-28,45.505218505859375,32.64993667602539
2024-07-01,44.92652130126953,32.31165313720703
2024-07-02,45.03261947631836,32.49528884887695
2024-07-03,45.63060760498047,32.64993667602539
2024-07-05,44.50213623046875,31.992687225341797
2024-07-08,44.59859085083008,32.09900665283203
2024-07-09,43.59550857543945,31.731721878051758
2024-07-10,43.672664642333984,31.915367126464844
2024-07-11,44.55036163330078,32.49528884887695
2024-07-12,44.77219772338867,32.804588317871094
2024-07-15,46.25753402709961,34.05143356323242
2024-07-16,46.99055480957031,34.75701141357422
2024-07-17,47.16416549682617,35.14362716674805
2024-07-18,46.99055480957031,35.220951080322266
2024-07-19,47.90683364868164,33.24919891357422
2024-07-22,47.68499755859375,32.272987365722656
2024-07-23,47.308841705322266,32.3696403503418
2024-07-24,46.325050354003906,31.886369705200195
2024-07-25,46.517948150634766,33.0172233581543
2024-07-26,47.09665298461914,33.24919891357422
2024-07-29,46.16108322143555,32.74659729003906
2024-07-30,45.91995620727539,33.15254211425781
2024-07-31,46.57582092285156,33.51983642578125
2024-08-01,45.003684997558594,32.12800979614258
2024-08-02,43.3350944519043,30.75550651550293
2024-08-05,42.216270446777344,29.846954345703125
2024-08-06,41.859405517578125,29.895280838012695
2024-08-07,41.338565826416016,29.711637496948242
2024-08-08,42.13911056518555,30.185243606567383
2024-08-09,42.00407409667969,29.962940216064453
2024-08-12,42.34165954589844,30.33022689819336
2024-08-13,42.216270446777344,30.049930572509766
2024-08-14,42.22591018676758,29.837289810180664
2024-08-15,43.44118881225586,30.23357391357422
2024-08-16,43.19041061401367,30.33022689819336
2024-08-19,43.74983215332031,30.78450584411621
2024-08-20,42.467041015625,30.040264129638672
2024-08-21,42.631004333496094,30.16591453552246
2024-08-22,42.5538444519043,30.10792350769043
2024-08-23,43.51834487915039,30.69751739501953
2024-08-26,43.98130416870117,30.8038387298584
2024-08-27,43.44118881225586,30.562198638916016
2024-08-28,42.18733596801758,29.962940216064453
2024-08-29,42.61171340942383,30.33022689819336
2024-08-30,42.428462982177734,30.049930572509766
2024-09-03,40.78880310058594,28.851411819458008
2024-09-04,40.11408996582031,28.598670959472656
2024-09-05,40.01700973510742,28.258441925048828
2024-09-06,39.43451690673828,27.791841506958008
2024-09-09,39.230648040771484,27.879331588745117
2024-09-10,38.43457794189453,27.519657135009766
2024-09-11,38.4151611328125,27.189149856567383
2024-09-12,38.638450622558594,27.237756729125977
2024-09-13,38.79378128051758,27.091943740844727
2024-09-16,39.22093963623047,27.616867065429688
2024-09-17,40.28883743286133,28.482019424438477
2024-09-18,40.21116638183594,28.28760528564453
2024-09-19,41.50235366821289,28.70560073852539
2024-09-20,41.172279357910156,28.647274017333984
2024-09-23,41.647979736328125,29.11387825012207
2024-09-24,41.725643157958984,29.133316040039062
2024-09-25,40.58979034423828,28.064027786254883
2024-09-26,39.96846389770508,27.03361701965332
2024-09-27,41.05577850341797,27.850168228149414
2024-09-30,40.7257080078125,28.238998413085938
2024-10-01,41.88097381591797,29.09443473815918
2024-10-02,42.65762710571289,29.036109924316406
2024-10-03,43.57990264892578,29.872098922729492
2024-10-04,44.13326644897461,30.222049713134766
2024-10-07,44.25947189331055,30.222049713134766
2024-10-08,42.85178756713867,29.211084365844727
2024-10-09,42.919742584228516,29.51243019104004
2024-10-10,43.298362731933594,29.872098922729492
2024-10-11,43.47311019897461,29.95958709716797
2024-10-14,43.39544677734375,29.726287841796875
2024-10-15,41.69651794433594,28.413976669311523
2024-10-16,42.40521240234375,28.482019424438477
2024-10-17,42.70616912841797,28.13207244873047
2024-10-18,40.69657516479492,27.53910255432129
2024-10-21,41.19169616699219,27.47105598449707
2024-10-22,40.7062873840332,27.451614379882812
2024-10-23,40.900447845458984,27.03361701965332
2024-10-24,40.04612731933594,27.07250213623047
2024-10-25,40.52183532714844,27.461334228515625
2024-10-28,40.182044982910156,27.11138343811035
2024-10-29,39.250064849853516,26.75171661376953
2024-10-30,38.97823715209961,26.916969299316406
2024-10-31,38.900569915771484,26.965572357177734
2024-11-01,38.599613189697266,26.907245635986328
2024-11-04,39.143272399902344,27.344684600830078
2024-11-05,39.36656188964844,27.733518600463867
2024-11-06,42.492584228515625,29.648521423339844
2024-11-07,41.97805404663086,28.72504234313965
2024-11-08,41.91980743408203,28.413976669311523
2024-11-11,42.99740982055664,29.288846969604492
2024-11-12,43.03624725341797,29.3471736907959
2024-11-13,42.317840576171875,29.3471736907959
2024-11-14,42.18193054199219,29.269407272338867
2024-11-15,41.91980743408203,28.861133575439453
2024-11-18,42.220760345458984,29.599916458129883
2024-11-19,41.84213638305664,29.61935806274414
2024-11-20,42.259586334228516,30.309537887573242
2024-11-21,42.77412414550781,30.980276107788086
2024-11-22,42.93916320800781,31.04831886291504
2024-11-25,42.473175048828125,31.096923828125
2024-11-26,42.21105194091797,30.921947479248047
2024-11-27,42.385799407958984,30.989994049072266
2024-11-29,42.65762710571289,30.97055435180664
2024-12-02,42.35667419433594,30.67892837524414
2024-12-03,42.3760871887207,30.83445930480957
2024-12-04,41.755714416503906,29.906007766723633
2024-12-05,41.05229568481445,29.339160919189453
2024-12-06,40.01670455932617,28.12728500366211
2024-12-09,40.221866607666016,28.420480728149414
2024-12-10,39.928775787353516,28.410707473754883
2024-12-11,40.60288619995117,28.53775978088379
2024-12-12,40.15347671508789,28.23478889465332
2024-12-13,39.29374694824219,28.029552459716797
2024-12-16,38.961578369140625,27.23792266845703
2024-12-17,38.03345489501953,26.573345184326172
2024-12-18,36.47030258178711,25.556930541992188
2024-12-19,36.059974670410156,25.185550689697266
2024-12-20,35.98181915283203,25.381011962890625
2024-12-23,36.401912689208984,25.66443634033203
2024-12-24,36.861087799072266,26.23128318786621
2024-12-26,36.861087799072266,26.192188262939453
2024-12-27,36.929481506347656,26.182416915893555
2024-12-30,36.939247131347656,26.348560333251953
2024-12-31,37.45704650878906,26.573345184326172
